200
(0 1 48) 
(0 2 16) 
(0 3 3) 
(0 4 4) 
(0 5 29) 
(0 6 19) 
(0 7 46) 
(0 8 2) 
(0 9 13) 
(0 10 19) 
(0 11 8) 
(0 12 29) 
(0 13 46) 
(0 14 16) 
(0 15 42) 
(0 16 49) 
(0 18 35) 
(0 19 40) 
(0 21 25) 
(0 22 20) 
(0 23 30) 
(0 24 39) 
(0 25 49) 
(0 27 19) 
(0 29 29) 
(0 32 18) 
(0 33 6) 
(0 34 49) 
(0 35 14) 
(0 36 16) 
(0 37 10) 
(0 38 19) 
(0 39 6) 
(0 40 33) 
(0 41 8) 
(0 42 45) 
(0 43 44) 
(0 44 3) 
(0 45 34) 
(0 47 15) 
(0 49 17) 
(0 50 17) 
(0 51 12) 
(0 53 42) 
(0 54 41) 
(0 57 22) 
(0 58 21) 
(0 59 6) 
(0 60 50) 
(0 61 8) 
(0 64 15) 
(0 66 35) 
(0 69 21) 
(0 70 10) 
(0 71 43) 
(0 75 4) 
(0 76 10) 
(0 77 23) 
(0 78 49) 
(0 79 47) 
(0 80 29) 
(0 81 14) 
(0 83 6) 
(0 84 34) 
(0 85 17) 
(0 86 30) 
(0 87 13) 
(0 88 35) 
(0 89 13) 
(0 91 2) 
(0 92 21) 
(0 95 36) 
(0 97 39) 
(0 98 36) 
(0 99 28) 
(0 100 46) 
(0 101 9) 
(0 102 38) 
(0 103 13) 
(0 104 5) 
(0 106 3) 
(0 108 19) 
(0 110 15) 
(0 111 28) 
(0 112 12) 
(0 113 49) 
(0 114 46) 
(0 115 5) 
(0 116 40) 
(0 117 44) 
(0 118 47) 
(0 121 33) 
(0 123 9) 
(0 124 18) 
(0 126 26) 
(0 127 7) 
(0 129 18) 
(0 131 22) 
(0 132 14) 
(0 133 29) 
(0 134 47) 
(0 135 2) 
(0 139 50) 
(0 141 34) 
(0 142 46) 
(0 144 39) 
(0 145 4) 
(0 146 27) 
(0 149 2) 
(0 150 26) 
(0 152 25) 
(0 153 37) 
(0 154 35) 
(0 155 40) 
(0 156 20) 
(0 157 10) 
(0 159 21) 
(0 160 38) 
(0 161 30) 
(0 162 5) 
(0 163 30) 
(0 164 34) 
(0 165 27) 
(0 166 10) 
(0 167 44) 
(0 168 28) 
(0 169 3) 
(0 170 35) 
(0 171 32) 
(0 172 31) 
(0 173 12) 
(0 174 35) 
(0 176 3) 
(0 177 50) 
(0 178 43) 
(0 180 32) 
(0 183 40) 
(0 185 4) 
(0 186 27) 
(0 187 33) 
(0 188 26) 
(0 189 42) 
(0 190 13) 
(0 191 26) 
(0 194 12) 
(0 196 4) 
(0 197 22) 
(0 198 27) 
(0 199 42) 
(1 2 46) 
(1 3 47) 
(1 4 29) 
(1 5 37) 
(1 6 28) 
(1 8 16) 
(1 10 22) 
(1 11 9) 
(1 12 10) 
(1 13 41) 
(1 14 19) 
(1 15 13) 
(1 16 32) 
(1 17 23) 
(1 18 11) 
(1 19 21) 
(1 21 50) 
(1 22 5) 
(1 25 15) 
(1 26 33) 
(1 27 47) 
(1 28 26) 
(1 31 13) 
(1 32 36) 
(1 34 12) 
(1 35 2) 
(1 36 1) 
(1 38 46) 
(1 39 16) 
(1 40 21) 
(1 42 15) 
(1 43 4) 
(1 44 39) 
(1 45 19) 
(1 48 17) 
(1 50 8) 
(1 53 7) 
(1 54 46) 
(1 56 10) 
(1 57 43) 
(1 58 48) 
(1 59 43) 
(1 60 43) 
(1 61 28) 
(1 62 20) 
(1 63 29) 
(1 64 11) 
(1 65 47) 
(1 66 24) 
(1 67 17) 
(1 68 11) 
(1 69 14) 
(1 71 24) 
(1 72 14) 
(1 73 3) 
(1 74 25) 
(1 75 32) 
(1 77 40) 
(1 80 1) 
(1 81 11) 
(1 82 12) 
(1 83 34) 
(1 84 25) 
(1 85 1) 
(1 87 38) 
(1 90 26) 
(1 91 35) 
(1 92 5) 
(1 93 11) 
(1 94 15) 
(1 95 16) 
(1 97 12) 
(1 98 2) 
(1 99 7) 
(1 101 3) 
(1 102 10) 
(1 104 40) 
(1 105 17) 
(1 106 19) 
(1 107 25) 
(1 110 10) 
(1 111 24) 
(1 112 50) 
(1 113 27) 
(1 115 39) 
(1 116 30) 
(1 117 34) 
(1 118 6) 
(1 121 12) 
(1 123 47) 
(1 124 13) 
(1 126 28) 
(1 127 35) 
(1 129 18) 
(1 130 27) 
(1 131 38) 
(1 132 20) 
(1 133 23) 
(1 135 45) 
(1 137 11) 
(1 138 19) 
(1 139 21) 
(1 140 19) 
(1 141 10) 
(1 142 24) 
(1 143 8) 
(1 144 11) 
(1 145 46) 
(1 146 42) 
(1 147 20) 
(1 148 37) 
(1 149 5) 
(1 150 25) 
(1 151 4) 
(1 152 15) 
(1 154 4) 
(1 156 17) 
(1 157 42) 
(1 158 19) 
(1 159 15) 
(1 160 15) 
(1 162 49) 
(1 163 21) 
(1 164 18) 
(1 165 39) 
(1 166 39) 
(1 168 11) 
(1 169 29) 
(1 170 8) 
(1 171 20) 
(1 174 38) 
(1 175 8) 
(1 176 27) 
(1 177 15) 
(1 179 42) 
(1 180 49) 
(1 181 30) 
(1 182 3) 
(1 183 48) 
(1 184 10) 
(1 185 42) 
(1 186 44) 
(1 187 17) 
(1 188 45) 
(1 192 16) 
(1 193 8) 
(1 196 31) 
(1 197 18) 
(1 198 26) 
(1 199 17) 
(2 1 37) 
(2 3 16) 
(2 4 12) 
(2 6 39) 
(2 7 8) 
(2 8 34) 
(2 9 12) 
(2 11 6) 
(2 12 50) 
(2 13 35) 
(2 14 17) 
(2 15 40) 
(2 17 9) 
(2 18 35) 
(2 20 8) 
(2 21 19) 
(2 22 32) 
(2 23 28) 
(2 24 45) 
(2 25 26) 
(2 27 29) 
(2 28 28) 
(2 29 22) 
(2 30 26) 
(2 31 8) 
(2 32 46) 
(2 33 23) 
(2 36 30) 
(2 38 29) 
(2 40 5) 
(2 41 41) 
(2 42 48) 
(2 43 30) 
(2 44 27) 
(2 45 37) 
(2 48 12) 
(2 49 38) 
(2 50 6) 
(2 51 24) 
(2 52 37) 
(2 53 19) 
(2 54 18) 
(2 55 2) 
(2 58 9) 
(2 61 32) 
(2 62 50) 
(2 64 45) 
(2 68 49) 
(2 69 22) 
(2 70 30) 
(2 71 27) 
(2 72 2) 
(2 74 2) 
(2 75 29) 
(2 77 9) 
(2 78 25) 
(2 79 32) 
(2 80 3) 
(2 81 20) 
(2 82 34) 
(2 83 14) 
(2 84 32) 
(2 85 44) 
(2 86 39) 
(2 87 49) 
(2 90 2) 
(2 91 36) 
(2 92 36) 
(2 93 30) 
(2 95 47) 
(2 97 36) 
(2 99 7) 
(2 101 35) 
(2 103 36) 
(2 104 43) 
(2 105 8) 
(2 106 49) 
(2 109 41) 
(2 110 22) 
(2 111 36) 
(2 112 28) 
(2 113 27) 
(2 114 3) 
(2 115 8) 
(2 116 3) 
(2 117 4) 
(2 118 34) 
(2 119 9) 
(2 120 1) 
(2 122 47) 
(2 123 29) 
(2 124 32) 
(2 127 7) 
(2 128 21) 
(2 130 49) 
(2 132 23) 
(2 133 1) 
(2 134 10) 
(2 135 48) 
(2 136 5) 
(2 137 17) 
(2 138 26) 
(2 139 13) 
(2 140 47) 
(2 141 25) 
(2 142 44) 
(2 144 18) 
(2 145 38) 
(2 146 30) 
(2 147 6) 
(2 150 13) 
(2 153 12) 
(2 154 43) 
(2 155 49) 
(2 156 4) 
(2 158 30) 
(2 159 17) 
(2 161 35) 
(2 163 4) 
(2 164 49) 
(2 165 50) 
(2 167 45) 
(2 168 17) 
(2 169 27) 
(2 170 16) 
(2 171 43) 
(2 173 16) 
(2 174 27) 
(2 175 47) 
(2 177 23) 
(2 179 46) 
(2 180 28) 
(2 182 15) 
(2 183 42) 
(2 186 37) 
(2 187 34) 
(2 188 27) 
(2 189 9) 
(2 190 25) 
(2 195 9) 
(2 196 20) 
(2 197 1) 
(3 0 25) 
(3 1 15) 
(3 4 35) 
(3 6 39) 
(3 7 6) 
(3 8 1) 
(3 9 6) 
(3 11 17) 
(3 12 49) 
(3 13 17) 
(3 14 1) 
(3 15 29) 
(3 16 41) 
(3 18 20) 
(3 21 42) 
(3 22 33) 
(3 23 34) 
(3 25 34) 
(3 27 25) 
(3 29 26) 
(3 30 33) 
(3 31 19) 
(3 32 21) 
(3 33 6) 
(3 34 50) 
(3 36 13) 
(3 37 9) 
(3 38 19) 
(3 39 30) 
(3 40 32) 
(3 41 49) 
(3 42 25) 
(3 44 2) 
(3 46 25) 
(3 47 19) 
(3 48 33) 
(3 50 6) 
(3 51 30) 
(3 52 45) 
(3 54 7) 
(3 56 18) 
(3 58 48) 
(3 60 32) 
(3 61 3) 
(3 62 49) 
(3 64 29) 
(3 65 23) 
(3 68 11) 
(3 70 13) 
(3 71 2) 
(3 73 48) 
(3 76 43) 
(3 77 33) 
(3 78 22) 
(3 79 35) 
(3 83 34) 
(3 84 25) 
(3 85 33) 
(3 86 2) 
(3 87 26) 
(3 89 46) 
(3 90 48) 
(3 91 29) 
(3 92 43) 
(3 94 27) 
(3 95 41) 
(3 96 48) 
(3 97 1) 
(3 98 5) 
(3 99 16) 
(3 100 16) 
(3 101 45) 
(3 102 22) 
(3 103 23) 
(3 105 6) 
(3 106 11) 
(3 107 26) 
(3 108 3) 
(3 109 11) 
(3 111 26) 
(3 112 48) 
(3 115 25) 
(3 116 21) 
(3 117 36) 
(3 119 20) 
(3 121 1) 
(3 122 23) 
(3 125 48) 
(3 126 36) 
(3 127 42) 
(3 129 28) 
(3 130 32) 
(3 131 2) 
(3 135 27) 
(3 137 34) 
(3 138 35) 
(3 139 43) 
(3 140 6) 
(3 141 9) 
(3 142 50) 
(3 143 3) 
(3 144 2) 
(3 145 19) 
(3 146 18) 
(3 147 26) 
(3 148 27) 
(3 151 38) 
(3 152 15) 
(3 153 10) 
(3 155 18) 
(3 156 25) 
(3 157 18) 
(3 158 24) 
(3 161 26) 
(3 164 50) 
(3 166 13) 
(3 169 22) 
(3 170 20) 
(3 171 39) 
(3 172 5) 
(3 173 1) 
(3 175 4) 
(3 176 15) 
(3 177 36) 
(3 178 49) 
(3 180 43) 
(3 182 27) 
(3 184 8) 
(3 186 37) 
(3 187 15) 
(3 188 6) 
(3 189 39) 
(3 190 34) 
(3 192 47) 
(3 193 33) 
(3 194 29) 
(3 195 43) 
(3 198 33) 
(3 199 40) 
(4 0 11) 
(4 2 27) 
(4 3 40) 
(4 5 2) 
(4 6 35) 
(4 7 31) 
(4 9 41) 
(4 10 11) 
(4 12 16) 
(4 14 15) 
(4 16 9) 
(4 17 21) 
(4 19 8) 
(4 20 22) 
(4 21 22) 
(4 23 5) 
(4 28 35) 
(4 29 37) 
(4 30 22) 
(4 32 41) 
(4 33 25) 
(4 34 9) 
(4 35 48) 
(4 36 34) 
(4 37 37) 
(4 38 7) 
(4 39 31) 
(4 40 49) 
(4 43 44) 
(4 45 31) 
(4 47 14) 
(4 48 13) 
(4 53 12) 
(4 54 9) 
(4 55 50) 
(4 56 49) 
(4 57 4) 
(4 58 22) 
(4 59 1) 
(4 60 4) 
(4 63 10) 
(4 65 46) 
(4 66 14) 
(4 68 31) 
(4 69 2) 
(4 70 24) 
(4 71 37) 
(4 72 11) 
(4 73 5) 
(4 74 26) 
(4 75 13) 
(4 76 34) 
(4 78 42) 
(4 79 50) 
(4 80 31) 
(4 81 22) 
(4 82 49) 
(4 84 48) 
(4 85 40) 
(4 87 42) 
(4 88 14) 
(4 89 12) 
(4 90 13) 
(4 92 47) 
(4 93 38) 
(4 94 7) 
(4 95 3) 
(4 96 8) 
(4 97 21) 
(4 98 42) 
(4 99 1) 
(4 100 40) 
(4 101 26) 
(4 103 22) 
(4 104 16) 
(4 106 9) 
(4 107 10) 
(4 108 3) 
(4 109 16) 
(4 110 29) 
(4 112 18) 
(4 114 43) 
(4 115 42) 
(4 116 31) 
(4 118 35) 
(4 120 19) 
(4 121 44) 
(4 122 15) 
(4 123 35) 
(4 124 6) 
(4 125 26) 
(4 126 4) 
(4 127 4) 
(4 131 30) 
(4 132 7) 
(4 133 50) 
(4 135 28) 
(4 136 12) 
(4 137 20) 
(4 138 35) 
(4 139 35) 
(4 140 28) 
(4 141 31) 
(4 142 20) 
(4 143 33) 
(4 144 27) 
(4 145 24) 
(4 147 47) 
(4 150 25) 
(4 152 23) 
(4 153 22) 
(4 154 5) 
(4 156 43) 
(4 157 15) 
(4 161 40) 
(4 163 38) 
(4 165 18) 
(4 166 31) 
(4 168 44) 
(4 169 22) 
(4 170 5) 
(4 171 36) 
(4 172 44) 
(4 174 10) 
(4 175 14) 
(4 177 25) 
(4 178 50) 
(4 179 24) 
(4 180 36) 
(4 181 43) 
(4 182 48) 
(4 183 18) 
(4 184 24) 
(4 185 11) 
(4 186 28) 
(4 187 28) 
(4 189 4) 
(4 190 45) 
(4 193 12) 
(4 195 50) 
(4 196 49) 
(4 197 37) 
(4 198 13) 
(4 199 4) 
(5 0 2) 
(5 3 9) 
(5 4 27) 
(5 7 17) 
(5 8 6) 
(5 9 20) 
(5 10 7) 
(5 11 11) 
(5 12 41) 
(5 13 30) 
(5 14 18) 
(5 15 1) 
(5 17 47) 
(5 18 17) 
(5 19 4) 
(5 20 10) 
(5 21 8) 
(5 23 30) 
(5 24 15) 
(5 25 1) 
(5 28 13) 
(5 30 42) 
(5 31 32) 
(5 34 48) 
(5 35 42) 
(5 36 5) 
(5 37 48) 
(5 38 47) 
(5 39 50) 
(5 40 24) 
(5 41 7) 
(5 42 17) 
(5 47 25) 
(5 48 24) 
(5 50 39) 
(5 51 22) 
(5 52 28) 
(5 53 24) 
(5 58 11) 
(5 59 2) 
(5 60 24) 
(5 61 45) 
(5 62 34) 
(5 64 12) 
(5 65 9) 
(5 66 38) 
(5 67 16) 
(5 68 49) 
(5 69 24) 
(5 70 41) 
(5 71 16) 
(5 73 33) 
(5 74 22) 
(5 75 9) 
(5 76 47) 
(5 77 40) 
(5 78 36) 
(5 79 18) 
(5 80 39) 
(5 81 4) 
(5 82 46) 
(5 84 37) 
(5 85 50) 
(5 86 25) 
(5 87 25) 
(5 88 45) 
(5 89 28) 
(5 90 36) 
(5 92 25) 
(5 93 19) 
(5 95 28) 
(5 96 41) 
(5 97 20) 
(5 98 44) 
(5 99 43) 
(5 100 16) 
(5 101 49) 
(5 103 10) 
(5 104 36) 
(5 105 1) 
(5 106 16) 
(5 107 43) 
(5 108 22) 
(5 109 26) 
(5 110 27) 
(5 111 21) 
(5 112 11) 
(5 113 4) 
(5 114 45) 
(5 115 40) 
(5 116 41) 
(5 118 46) 
(5 119 27) 
(5 120 9) 
(5 122 23) 
(5 124 25) 
(5 125 1) 
(5 127 42) 
(5 128 23) 
(5 129 50) 
(5 130 16) 
(5 131 28) 
(5 132 20) 
(5 136 9) 
(5 138 20) 
(5 140 38) 
(5 141 23) 
(5 142 36) 
(5 143 26) 
(5 144 31) 
(5 145 18) 
(5 146 37) 
(5 147 49) 
(5 148 16) 
(5 149 36) 
(5 151 34) 
(5 152 33) 
(5 153 1) 
(5 154 27) 
(5 155 36) 
(5 156 7) 
(5 157 25) 
(5 158 19) 
(5 159 11) 
(5 160 18) 
(5 161 39) 
(5 162 19) 
(5 163 10) 
(5 164 23) 
(5 165 40) 
(5 166 22) 
(5 167 14) 
(5 169 36) 
(5 170 30) 
(5 171 14) 
(5 172 4) 
(5 173 1) 
(5 174 2) 
(5 175 25) 
(5 176 34) 
(5 177 24) 
(5 178 16) 
(5 179 37) 
(5 181 42) 
(5 182 41) 
(5 183 15) 
(5 184 23) 
(5 185 49) 
(5 186 17) 
(5 187 18) 
(5 188 50) 
(5 190 21) 
(5 192 35) 
(5 193 42) 
(5 194 16) 
(5 195 25) 
(5 197 25) 
(5 198 17) 
(5 199 27) 
(6 0 1) 
(6 1 38) 
(6 2 40) 
(6 3 3) 
(6 4 34) 
(6 5 23) 
(6 7 44) 
(6 9 46) 
(6 10 10) 
(6 12 2) 
(6 13 22) 
(6 14 46) 
(6 15 17) 
(6 16 20) 
(6 18 8) 
(6 19 33) 
(6 20 50) 
(6 21 22) 
(6 22 5) 
(6 23 17) 
(6 24 36) 
(6 25 32) 
(6 26 20) 
(6 27 21) 
(6 28 43) 
(6 30 46) 
(6 31 4) 
(6 34 17) 
(6 35 25) 
(6 36 47) 
(6 37 29) 
(6 38 10) 
(6 39 34) 
(6 40 1) 
(6 42 15) 
(6 43 23) 
(6 44 4) 
(6 45 2) 
(6 47 1) 
(6 48 26) 
(6 49 46) 
(6 50 33) 
(6 52 24) 
(6 53 28) 
(6 55 50) 
(6 58 49) 
(6 60 7) 
(6 61 4) 
(6 63 29) 
(6 64 11) 
(6 65 1) 
(6 66 34) 
(6 68 2) 
(6 69 36) 
(6 71 48) 
(6 72 41) 
(6 74 42) 
(6 75 41) 
(6 76 21) 
(6 79 23) 
(6 80 44) 
(6 83 47) 
(6 84 36) 
(6 85 4) 
(6 87 22) 
(6 88 41) 
(6 89 50) 
(6 90 30) 
(6 91 12) 
(6 92 24) 
(6 94 33) 
(6 95 9) 
(6 97 28) 
(6 98 47) 
(6 100 5) 
(6 101 26) 
(6 103 14) 
(6 104 46) 
(6 106 41) 
(6 108 9) 
(6 109 46) 
(6 110 34) 
(6 111 11) 
(6 112 29) 
(6 113 14) 
(6 114 47) 
(6 115 2) 
(6 116 49) 
(6 117 16) 
(6 120 26) 
(6 124 27) 
(6 125 8) 
(6 127 19) 
(6 128 16) 
(6 129 1) 
(6 131 36) 
(6 132 16) 
(6 133 8) 
(6 134 49) 
(6 135 9) 
(6 136 35) 
(6 137 42) 
(6 138 1) 
(6 139 49) 
(6 140 6) 
(6 141 11) 
(6 142 44) 
(6 143 8) 
(6 144 28) 
(6 145 46) 
(6 147 16) 
(6 149 16) 
(6 152 16) 
(6 153 7) 
(6 154 45) 
(6 155 7) 
(6 156 44) 
(6 158 4) 
(6 160 27) 
(6 161 10) 
(6 162 24) 
(6 164 24) 
(6 165 5) 
(6 166 1) 
(6 167 18) 
(6 168 35) 
(6 169 49) 
(6 170 7) 
(6 171 16) 
(6 172 9) 
(6 173 30) 
(6 174 21) 
(6 175 7) 
(6 176 36) 
(6 177 6) 
(6 178 5) 
(6 179 50) 
(6 180 20) 
(6 181 41) 
(6 182 31) 
(6 185 44) 
(6 186 42) 
(6 189 21) 
(6 191 41) 
(6 192 39) 
(6 193 15) 
(6 194 8) 
(6 195 17) 
(6 196 24) 
(6 197 20) 
(6 198 5) 
(6 199 14) 
(7 0 45) 
(7 1 44) 
(7 2 11) 
(7 3 11) 
(7 5 17) 
(7 6 14) 
(7 9 35) 
(7 10 5) 
(7 12 36) 
(7 14 8) 
(7 15 30) 
(7 16 3) 
(7 17 8) 
(7 19 12) 
(7 20 36) 
(7 22 34) 
(7 23 47) 
(7 24 49) 
(7 26 15) 
(7 27 25) 
(7 28 11) 
(7 29 19) 
(7 30 44) 
(7 31 16) 
(7 32 23) 
(7 33 9) 
(7 34 12) 
(7 35 40) 
(7 36 4) 
(7 37 32) 
(7 38 32) 
(7 39 4) 
(7 41 19) 
(7 43 21) 
(7 44 33) 
(7 46 47) 
(7 48 32) 
(7 49 42) 
(7 50 31) 
(7 51 42) 
(7 53 37) 
(7 54 45) 
(7 56 41) 
(7 57 24) 
(7 59 23) 
(7 62 17) 
(7 63 46) 
(7 64 4) 
(7 65 47) 
(7 66 15) 
(7 67 23) 
(7 68 5) 
(7 71 10) 
(7 72 49) 
(7 74 21) 
(7 75 46) 
(7 76 40) 
(7 78 5) 
(7 79 8) 
(7 80 40) 
(7 81 33) 
(7 82 38) 
(7 84 32) 
(7 85 25) 
(7 87 14) 
(7 88 8) 
(7 89 15) 
(7 91 18) 
(7 92 6) 
(7 93 50) 
(7 94 46) 
(7 96 29) 
(7 97 44) 
(7 98 12) 
(7 99 9) 
(7 101 25) 
(7 103 7) 
(7 104 20) 
(7 105 36) 
(7 106 12) 
(7 107 6) 
(7 108 3) 
(7 111 3) 
(7 112 4) 
(7 113 28) 
(7 114 4) 
(7 115 16) 
(7 116 19) 
(7 117 25) 
(7 118 45) 
(7 119 44) 
(7 120 1) 
(7 121 22) 
(7 122 38) 
(7 123 33) 
(7 124 42) 
(7 125 33) 
(7 126 3) 
(7 127 8) 
(7 129 17) 
(7 131 5) 
(7 132 47) 
(7 133 16) 
(7 135 3) 
(7 136 26) 
(7 137 24) 
(7 138 49) 
(7 139 15) 
(7 141 47) 
(7 142 5) 
(7 143 26) 
(7 146 38) 
(7 147 21) 
(7 151 20) 
(7 152 44) 
(7 153 1) 
(7 154 37) 
(7 155 13) 
(7 156 49) 
(7 159 46) 
(7 160 47) 
(7 162 45) 
(7 163 7) 
(7 164 34) 
(7 165 42) 
(7 166 17) 
(7 167 21) 
(7 168 42) 
(7 169 14) 
(7 170 25) 
(7 171 41) 
(7 173 22) 
(7 174 37) 
(7 175 46) 
(7 176 2) 
(7 177 21) 
(7 178 12) 
(7 179 45) 
(7 180 37) 
(7 181 2) 
(7 182 7) 
(7 184 26) 
(7 185 23) 
(7 187 34) 
(7 188 18) 
(7 189 44) 
(7 191 37) 
(7 192 22) 
(7 195 12) 
(7 197 4) 
(7 198 10) 
(7 199 31) 
(8 0 6) 
(8 1 6) 
(8 2 26) 
(8 4 22) 
(8 6 4) 
(8 9 32) 
(8 11 4) 
(8 12 39) 
(8 13 36) 
(8 14 44) 
(8 16 49) 
(8 17 48) 
(8 18 34) 
(8 20 34) 
(8 21 2) 
(8 22 45) 
(8 23 22) 
(8 25 10) 
(8 26 50) 
(8 27 41) 
(8 28 41) 
(8 29 8) 
(8 30 46) 
(8 33 44) 
(8 34 48) 
(8 35 44) 
(8 36 14) 
(8 37 29) 
(8 38 16) 
(8 39 37) 
(8 40 38) 
(8 42 36) 
(8 43 48) 
(8 44 11) 
(8 45 31) 
(8 46 12) 
(8 47 16) 
(8 48 9) 
(8 49 14) 
(8 50 10) 
(8 51 31) 
(8 52 4) 
(8 54 1) 
(8 55 40) 
(8 57 32) 
(8 58 26) 
(8 59 32) 
(8 60 19) 
(8 62 10) 
(8 64 11) 
(8 66 20) 
(8 67 19) 
(8 69 37) 
(8 70 23) 
(8 72 50) 
(8 73 18) 
(8 76 13) 
(8 78 41) 
(8 79 32) 
(8 80 13) 
(8 81 23) 
(8 82 28) 
(8 83 42) 
(8 86 43) 
(8 87 48) 
(8 88 29) 
(8 89 7) 
(8 90 22) 
(8 91 36) 
(8 92 41) 
(8 95 10) 
(8 96 18) 
(8 97 13) 
(8 98 39) 
(8 99 19) 
(8 100 8) 
(8 101 11) 
(8 102 21) 
(8 103 50) 
(8 104 13) 
(8 105 33) 
(8 106 22) 
(8 107 24) 
(8 108 50) 
(8 109 17) 
(8 112 42) 
(8 113 16) 
(8 115 47) 
(8 116 21) 
(8 117 45) 
(8 118 47) 
(8 119 10) 
(8 120 32) 
(8 121 50) 
(8 122 14) 
(8 123 3) 
(8 124 25) 
(8 126 4) 
(8 128 9) 
(8 130 20) 
(8 133 37) 
(8 134 23) 
(8 135 27) 
(8 137 8) 
(8 140 24) 
(8 141 2) 
(8 142 34) 
(8 143 35) 
(8 144 41) 
(8 145 39) 
(8 146 12) 
(8 147 29) 
(8 148 32) 
(8 149 11) 
(8 150 26) 
(8 151 28) 
(8 152 26) 
(8 153 32) 
(8 154 44) 
(8 155 44) 
(8 156 14) 
(8 158 1) 
(8 159 6) 
(8 160 39) 
(8 162 28) 
(8 163 43) 
(8 164 8) 
(8 165 46) 
(8 166 21) 
(8 167 25) 
(8 168 35) 
(8 169 1) 
(8 170 21) 
(8 171 7) 
(8 173 43) 
(8 177 38) 
(8 179 48) 
(8 181 3) 
(8 182 10) 
(8 183 14) 
(8 184 34) 
(8 185 6) 
(8 186 26) 
(8 187 26) 
(8 188 3) 
(8 189 14) 
(8 190 20) 
(8 191 38) 
(8 192 46) 
(8 193 26) 
(8 194 34) 
(8 196 8) 
(8 197 46) 
(8 198 1) 
(8 199 25) 
(9 0 16) 
(9 1 7) 
(9 2 42) 
(9 3 6) 
(9 4 6) 
(9 5 21) 
(9 6 14) 
(9 7 38) 
(9 8 19) 
(9 10 40) 
(9 11 34) 
(9 12 14) 
(9 13 37) 
(9 15 35) 
(9 17 29) 
(9 18 8) 
(9 19 23) 
(9 20 34) 
(9 21 34) 
(9 22 47) 
(9 24 2) 
(9 25 13) 
(9 26 29) 
(9 27 48) 
(9 28 32) 
(9 29 22) 
(9 30 20) 
(9 31 48) 
(9 32 16) 
(9 36 33) 
(9 37 48) 
(9 38 26) 
(9 40 41) 
(9 41 41) 
(9 42 22) 
(9 45 44) 
(9 46 12) 
(9 48 27) 
(9 49 13) 
(9 50 45) 
(9 51 42) 
(9 52 34) 
(9 53 41) 
(9 54 18) 
(9 55 14) 
(9 57 3) 
(9 58 40) 
(9 61 1) 
(9 63 44) 
(9 64 29) 
(9 65 6) 
(9 66 17) 
(9 67 2) 
(9 69 10) 
(9 70 30) 
(9 73 44) 
(9 74 23) 
(9 76 15) 
(9 81 10) 
(9 82 21) 
(9 84 24) 
(9 85 21) 
(9 86 21) 
(9 87 4) 
(9 88 19) 
(9 90 45) 
(9 91 41) 
(9 92 23) 
(9 93 44) 
(9 94 34) 
(9 95 17) 
(9 96 28) 
(9 98 4) 
(9 99 25) 
(9 100 15) 
(9 101 43) 
(9 102 33) 
(9 103 24) 
(9 105 19) 
(9 106 4) 
(9 107 25) 
(9 108 46) 
(9 110 33) 
(9 112 3) 
(9 113 13) 
(9 114 23) 
(9 116 46) 
(9 117 44) 
(9 120 4) 
(9 121 12) 
(9 122 22) 
(9 123 27) 
(9 126 46) 
(9 127 4) 
(9 128 36) 
(9 129 1) 
(9 130 9) 
(9 132 8) 
(9 133 14) 
(9 134 27) 
(9 135 35) 
(9 136 32) 
(9 137 16) 
(9 138 8) 
(9 139 36) 
(9 141 45) 
(9 142 49) 
(9 143 9) 
(9 145 31) 
(9 146 3) 
(9 147 11) 
(9 148 33) 
(9 151 34) 
(9 152 21) 
(9 153 35) 
(9 154 13) 
(9 155 39) 
(9 157 50) 
(9 159 42) 
(9 161 5) 
(9 162 8) 
(9 163 12) 
(9 164 13) 
(9 165 46) 
(9 166 28) 
(9 167 18) 
(9 170 1) 
(9 172 19) 
(9 174 17) 
(9 176 7) 
(9 178 11) 
(9 179 47) 
(9 181 44) 
(9 182 47) 
(9 183 41) 
(9 185 16) 
(9 186 41) 
(9 187 24) 
(9 188 1) 
(9 190 3) 
(9 191 10) 
(9 195 4) 
(9 196 18) 
(9 197 45) 
(9 198 47) 
(9 199 25) 
(10 0 49) 
(10 1 49) 
(10 2 36) 
(10 3 8) 
(10 8 50) 
(10 9 47) 
(10 11 10) 
(10 13 44) 
(10 14 6) 
(10 15 24) 
(10 16 46) 
(10 17 39) 
(10 19 29) 
(10 20 12) 
(10 22 44) 
(10 23 32) 
(10 24 22) 
(10 25 2) 
(10 26 12) 
(10 27 48) 
(10 28 26) 
(10 29 38) 
(10 30 32) 
(10 31 13) 
(10 32 18) 
(10 33 15) 
(10 34 24) 
(10 35 25) 
(10 37 39) 
(10 38 3) 
(10 39 3) 
(10 40 21) 
(10 41 20) 
(10 43 5) 
(10 44 8) 
(10 45 14) 
(10 46 33) 
(10 47 24) 
(10 50 14) 
(10 51 12) 
(10 52 10) 
(10 53 27) 
(10 54 16) 
(10 55 22) 
(10 56 17) 
(10 57 3) 
(10 58 37) 
(10 60 23) 
(10 62 29) 
(10 63 21) 
(10 64 11) 
(10 66 6) 
(10 67 21) 
(10 68 20) 
(10 69 29) 
(10 70 7) 
(10 71 12) 
(10 72 9) 
(10 73 45) 
(10 74 26) 
(10 75 33) 
(10 76 31) 
(10 77 38) 
(10 78 20) 
(10 79 35) 
(10 80 15) 
(10 81 31) 
(10 82 41) 
(10 83 16) 
(10 84 36) 
(10 85 45) 
(10 87 21) 
(10 88 26) 
(10 91 42) 
(10 92 12) 
(10 93 9) 
(10 94 2) 
(10 95 38) 
(10 97 20) 
(10 98 21) 
(10 99 6) 
(10 100 28) 
(10 101 2) 
(10 102 38) 
(10 103 47) 
(10 104 23) 
(10 105 28) 
(10 106 49) 
(10 107 4) 
(10 110 44) 
(10 112 43) 
(10 114 36) 
(10 115 24) 
(10 116 24) 
(10 117 22) 
(10 118 29) 
(10 120 20) 
(10 122 6) 
(10 123 30) 
(10 126 45) 
(10 127 3) 
(10 128 27) 
(10 129 9) 
(10 131 21) 
(10 133 3) 
(10 134 6) 
(10 135 41) 
(10 136 41) 
(10 137 26) 
(10 138 15) 
(10 139 27) 
(10 140 5) 
(10 141 42) 
(10 142 15) 
(10 143 31) 
(10 144 32) 
(10 145 44) 
(10 147 2) 
(10 149 14) 
(10 150 32) 
(10 153 19) 
(10 154 4) 
(10 155 23) 
(10 156 47) 
(10 157 50) 
(10 158 40) 
(10 159 17) 
(10 162 37) 
(10 163 49) 
(10 164 18) 
(10 165 3) 
(10 166 45) 
(10 167 2) 
(10 170 23) 
(10 171 37) 
(10 173 44) 
(10 174 10) 
(10 175 7) 
(10 176 47) 
(10 178 46) 
(10 179 24) 
(10 180 6) 
(10 182 10) 
(10 183 6) 
(10 184 22) 
(10 185 28) 
(10 186 41) 
(10 188 24) 
(10 190 35) 
(10 191 36) 
(10 192 47) 
(10 193 26) 
(10 194 44) 
(10 195 15) 
(10 196 47) 
(10 197 36) 
(10 198 25) 
(10 199 40) 
(11 0 21) 
(11 2 48) 
(11 6 37) 
(11 8 49) 
(11 9 37) 
(11 10 10) 
(11 12 39) 
(11 14 12) 
(11 15 41) 
(11 16 36) 
(11 17 38) 
(11 18 33) 
(11 19 50) 
(11 20 36) 
(11 21 46) 
(11 22 30) 
(11 23 25) 
(11 25 21) 
(11 26 27) 
(11 27 22) 
(11 28 4) 
(11 31 14) 
(11 32 46) 
(11 33 19) 
(11 34 19) 
(11 35 12) 
(11 36 5) 
(11 37 34) 
(11 38 27) 
(11 39 33) 
(11 40 39) 
(11 41 4) 
(11 42 13) 
(11 43 33) 
(11 44 47) 
(11 45 21) 
(11 47 13) 
(11 48 34) 
(11 49 43) 
(11 50 40) 
(11 51 32) 
(11 52 27) 
(11 54 7) 
(11 56 43) 
(11 58 4) 
(11 59 37) 
(11 60 35) 
(11 63 39) 
(11 64 11) 
(11 65 30) 
(11 66 2) 
(11 67 8) 
(11 68 47) 
(11 69 11) 
(11 71 32) 
(11 72 8) 
(11 73 48) 
(11 74 33) 
(11 75 31) 
(11 77 10) 
(11 78 46) 
(11 79 30) 
(11 81 24) 
(11 84 24) 
(11 85 13) 
(11 86 20) 
(11 87 10) 
(11 88 8) 
(11 90 26) 
(11 91 8) 
(11 92 48) 
(11 94 36) 
(11 95 6) 
(11 96 9) 
(11 97 38) 
(11 98 18) 
(11 99 5) 
(11 100 26) 
(11 101 17) 
(11 102 35) 
(11 103 14) 
(11 104 15) 
(11 105 41) 
(11 106 27) 
(11 108 18) 
(11 110 39) 
(11 111 19) 
(11 114 24) 
(11 115 38) 
(11 116 23) 
(11 118 43) 
(11 121 3) 
(11 122 37) 
(11 125 25) 
(11 126 29) 
(11 127 27) 
(11 128 46) 
(11 129 21) 
(11 131 15) 
(11 132 37) 
(11 135 50) 
(11 136 11) 
(11 137 1) 
(11 139 44) 
(11 140 39) 
(11 142 40) 
(11 143 23) 
(11 145 43) 
(11 147 25) 
(11 148 23) 
(11 149 47) 
(11 151 3) 
(11 153 21) 
(11 154 17) 
(11 155 39) 
(11 156 9) 
(11 157 22) 
(11 159 30) 
(11 160 9) 
(11 161 11) 
(11 162 14) 
(11 163 7) 
(11 164 35) 
(11 166 29) 
(11 168 26) 
(11 169 19) 
(11 172 22) 
(11 173 42) 
(11 174 16) 
(11 175 12) 
(11 176 49) 
(11 177 11) 
(11 178 6) 
(11 180 44) 
(11 181 42) 
(11 182 11) 
(11 183 38) 
(11 184 22) 
(11 185 31) 
(11 187 19) 
(11 189 13) 
(11 190 46) 
(11 191 15) 
(11 192 45) 
(11 193 25) 
(11 196 1) 
(11 197 39) 
(11 198 37) 
(11 199 44) 
(12 0 25) 
(12 1 36) 
(12 2 42) 
(12 4 36) 
(12 5 29) 
(12 6 45) 
(12 9 2) 
(12 11 1) 
(12 13 23) 
(12 14 35) 
(12 16 17) 
(12 17 5) 
(12 18 30) 
(12 19 14) 
(12 20 5) 
(12 21 27) 
(12 22 32) 
(12 23 36) 
(12 24 3) 
(12 25 49) 
(12 27 11) 
(12 28 30) 
(12 30 31) 
(12 31 6) 
(12 33 13) 
(12 34 21) 
(12 35 32) 
(12 36 36) 
(12 37 20) 
(12 38 3) 
(12 39 20) 
(12 40 9) 
(12 41 33) 
(12 42 36) 
(12 43 21) 
(12 44 44) 
(12 45 14) 
(12 46 4) 
(12 47 37) 
(12 48 30) 
(12 49 15) 
(12 50 50) 
(12 53 34) 
(12 57 17) 
(12 59 42) 
(12 62 24) 
(12 63 17) 
(12 65 47) 
(12 66 37) 
(12 67 40) 
(12 68 33) 
(12 69 5) 
(12 70 22) 
(12 73 35) 
(12 74 36) 
(12 76 40) 
(12 78 23) 
(12 79 15) 
(12 80 45) 
(12 81 11) 
(12 82 32) 
(12 83 26) 
(12 85 17) 
(12 86 48) 
(12 87 31) 
(12 88 39) 
(12 89 28) 
(12 90 35) 
(12 91 36) 
(12 92 47) 
(12 93 11) 
(12 94 21) 
(12 96 35) 
(12 98 4) 
(12 99 39) 
(12 100 26) 
(12 102 1) 
(12 104 12) 
(12 105 24) 
(12 106 7) 
(12 109 2) 
(12 111 46) 
(12 112 37) 
(12 114 16) 
(12 115 41) 
(12 116 21) 
(12 117 13) 
(12 118 15) 
(12 119 12) 
(12 120 14) 
(12 121 39) 
(12 122 41) 
(12 123 44) 
(12 124 9) 
(12 125 24) 
(12 126 19) 
(12 128 38) 
(12 130 3) 
(12 131 10) 
(12 132 48) 
(12 133 1) 
(12 135 9) 
(12 136 14) 
(12 137 40) 
(12 138 23) 
(12 139 18) 
(12 141 49) 
(12 142 13) 
(12 143 39) 
(12 146 38) 
(12 150 21) 
(12 151 49) 
(12 153 33) 
(12 155 5) 
(12 156 38) 
(12 157 12) 
(12 158 48) 
(12 159 36) 
(12 160 13) 
(12 162 44) 
(12 163 5) 
(12 164 26) 
(12 166 30) 
(12 167 27) 
(12 168 15) 
(12 169 11) 
(12 170 23) 
(12 171 39) 
(12 172 12) 
(12 173 20) 
(12 174 28) 
(12 175 24) 
(12 176 36) 
(12 177 43) 
(12 178 3) 
(12 180 34) 
(12 181 37) 
(12 182 49) 
(12 183 48) 
(12 184 36) 
(12 185 16) 
(12 188 39) 
(12 189 26) 
(12 190 7) 
(12 191 13) 
(12 192 33) 
(12 193 35) 
(12 194 28) 
(12 195 35) 
(12 198 5) 
(12 199 30) 
(13 0 13) 
(13 1 49) 
(13 2 24) 
(13 3 11) 
(13 4 26) 
(13 8 16) 
(13 9 23) 
(13 10 26) 
(13 11 40) 
(13 12 37) 
(13 14 10) 
(13 15 12) 
(13 17 33) 
(13 18 48) 
(13 19 25) 
(13 22 12) 
(13 23 30) 
(13 24 15) 
(13 25 13) 
(13 29 12) 
(13 30 21) 
(13 32 14) 
(13 33 2) 
(13 34 37) 
(13 35 2) 
(13 38 6) 
(13 39 43) 
(13 40 33) 
(13 41 13) 
(13 42 33) 
(13 44 49) 
(13 45 5) 
(13 46 36) 
(13 47 39) 
(13 48 38) 
(13 49 23) 
(13 51 17) 
(13 53 31) 
(13 55 20) 
(13 56 47) 
(13 57 5) 
(13 58 44) 
(13 59 30) 
(13 60 39) 
(13 61 26) 
(13 64 36) 
(13 65 12) 
(13 66 38) 
(13 70 25) 
(13 71 44) 
(13 72 19) 
(13 74 8) 
(13 76 46) 
(13 77 11) 
(13 78 27) 
(13 79 11) 
(13 81 9) 
(13 82 11) 
(13 83 48) 
(13 84 12) 
(13 85 24) 
(13 87 17) 
(13 88 23) 
(13 91 36) 
(13 95 28) 
(13 96 28) 
(13 97 4) 
(13 98 31) 
(13 100 40) 
(13 101 45) 
(13 102 32) 
(13 103 11) 
(13 104 33) 
(13 105 13) 
(13 106 17) 
(13 108 42) 
(13 110 31) 
(13 111 32) 
(13 112 26) 
(13 113 47) 
(13 114 10) 
(13 117 19) 
(13 118 30) 
(13 119 14) 
(13 120 20) 
(13 122 35) 
(13 127 10) 
(13 128 47) 
(13 129 7) 
(13 130 34) 
(13 131 44) 
(13 132 19) 
(13 133 36) 
(13 134 30) 
(13 135 41) 
(13 136 19) 
(13 137 31) 
(13 138 13) 
(13 139 19) 
(13 142 36) 
(13 144 27) 
(13 145 36) 
(13 147 25) 
(13 149 20) 
(13 150 24) 
(13 151 42) 
(13 153 39) 
(13 154 24) 
(13 156 31) 
(13 157 22) 
(13 158 37) 
(13 159 27) 
(13 160 30) 
(13 161 41) 
(13 162 44) 
(13 163 28) 
(13 164 1) 
(13 165 21) 
(13 166 16) 
(13 167 26) 
(13 168 44) 
(13 170 13) 
(13 171 47) 
(13 172 46) 
(13 173 5) 
(13 174 4) 
(13 175 21) 
(13 177 10) 
(13 178 30) 
(13 179 38) 
(13 181 42) 
(13 182 6) 
(13 184 44) 
(13 185 23) 
(13 187 25) 
(13 188 5) 
(13 189 31) 
(13 190 22) 
(13 191 32) 
(13 192 38) 
(13 193 29) 
(13 195 20) 
(13 197 11) 
(13 198 49) 
(14 0 28) 
(14 2 3) 
(14 3 9) 
(14 5 49) 
(14 6 32) 
(14 7 21) 
(14 8 29) 
(14 9 33) 
(14 10 38) 
(14 11 18) 
(14 12 2) 
(14 13 11) 
(14 15 20) 
(14 16 38) 
(14 17 43) 
(14 18 38) 
(14 19 14) 
(14 20 16) 
(14 21 21) 
(14 22 35) 
(14 23 27) 
(14 24 47) 
(14 26 26) 
(14 28 4) 
(14 29 41) 
(14 30 10) 
(14 31 44) 
(14 32 16) 
(14 33 33) 
(14 34 48) 
(14 35 38) 
(14 36 26) 
(14 37 49) 
(14 39 15) 
(14 40 4) 
(14 42 37) 
(14 43 2) 
(14 45 18) 
(14 47 43) 
(14 48 30) 
(14 52 8) 
(14 54 48) 
(14 55 25) 
(14 56 31) 
(14 58 40) 
(14 60 2) 
(14 61 18) 
(14 62 17) 
(14 63 23) 
(14 64 49) 
(14 66 15) 
(14 67 32) 
(14 68 10) 
(14 69 24) 
(14 70 42) 
(14 71 34) 
(14 73 16) 
(14 74 35) 
(14 75 50) 
(14 76 7) 
(14 78 27) 
(14 79 12) 
(14 80 7) 
(14 82 23) 
(14 83 10) 
(14 84 15) 
(14 85 21) 
(14 86 40) 
(14 87 50) 
(14 90 44) 
(14 92 35) 
(14 93 35) 
(14 96 40) 
(14 97 41) 
(14 98 1) 
(14 99 7) 
(14 100 32) 
(14 102 40) 
(14 103 29) 
(14 104 41) 
(14 106 18) 
(14 109 14) 
(14 110 39) 
(14 111 23) 
(14 112 5) 
(14 114 45) 
(14 115 12) 
(14 116 17) 
(14 117 16) 
(14 119 28) 
(14 121 13) 
(14 122 1) 
(14 123 11) 
(14 124 8) 
(14 125 2) 
(14 126 25) 
(14 128 47) 
(14 130 16) 
(14 131 27) 
(14 132 41) 
(14 133 21) 
(14 134 14) 
(14 135 43) 
(14 136 17) 
(14 138 49) 
(14 139 27) 
(14 140 50) 
(14 141 42) 
(14 143 6) 
(14 144 29) 
(14 146 18) 
(14 149 19) 
(14 150 30) 
(14 151 43) 
(14 152 5) 
(14 153 50) 
(14 154 20) 
(14 155 50) 
(14 156 10) 
(14 157 49) 
(14 159 35) 
(14 160 35) 
(14 161 39) 
(14 162 33) 
(14 163 19) 
(14 165 24) 
(14 167 31) 
(14 168 17) 
(14 169 40) 
(14 170 41) 
(14 171 39) 
(14 174 48) 
(14 175 14) 
(14 177 32) 
(14 178 3) 
(14 180 20) 
(14 181 7) 
(14 182 48) 
(14 183 34) 
(14 184 20) 
(14 185 45) 
(14 187 30) 
(14 189 32) 
(14 190 11) 
(14 191 2) 
(14 193 2) 
(14 197 12) 
(15 0 34) 
(15 1 25) 
(15 2 28) 
(15 3 25) 
(15 4 40) 
(15 5 27) 
(15 6 30) 
(15 8 43) 
(15 9 46) 
(15 10 47) 
(15 11 16) 
(15 12 43) 
(15 13 21) 
(15 14 38) 
(15 16 44) 
(15 17 39) 
(15 18 9) 
(15 20 14) 
(15 21 2) 
(15 22 3) 
(15 23 32) 
(15 24 26) 
(15 25 39) 
(15 26 18) 
(15 27 40) 
(15 29 46) 
(15 30 29) 
(15 32 16) 
(15 33 39) 
(15 34 29) 
(15 35 50) 
(15 37 28) 
(15 38 20) 
(15 39 47) 
(15 42 22) 
(15 43 32) 
(15 44 45) 
(15 45 41) 
(15 46 7) 
(15 47 43) 
(15 48 39) 
(15 49 48) 
(15 50 40) 
(15 51 31) 
(15 52 9) 
(15 53 41) 
(15 54 34) 
(15 55 8) 
(15 56 27) 
(15 57 4) 
(15 58 50) 
(15 59 17) 
(15 60 48) 
(15 64 12) 
(15 65 24) 
(15 68 1) 
(15 69 1) 
(15 70 23) 
(15 71 21) 
(15 72 45) 
(15 73 47) 
(15 74 32) 
(15 76 23) 
(15 77 13) 
(15 78 21) 
(15 80 27) 
(15 81 32) 
(15 82 25) 
(15 84 22) 
(15 85 6) 
(15 88 13) 
(15 89 7) 
(15 90 7) 
(15 91 47) 
(15 92 22) 
(15 93 15) 
(15 94 2) 
(15 95 31) 
(15 96 46) 
(15 97 26) 
(15 98 35) 
(15 100 41) 
(15 101 19) 
(15 102 24) 
(15 103 22) 
(15 105 27) 
(15 106 29) 
(15 107 47) 
(15 108 4) 
(15 109 17) 
(15 110 29) 
(15 111 23) 
(15 112 6) 
(15 113 50) 
(15 114 1) 
(15 115 10) 
(15 118 38) 
(15 119 45) 
(15 120 16) 
(15 121 36) 
(15 122 1) 
(15 124 41) 
(15 125 50) 
(15 127 13) 
(15 128 19) 
(15 129 18) 
(15 131 7) 
(15 132 48) 
(15 133 37) 
(15 134 25) 
(15 135 44) 
(15 136 26) 
(15 137 50) 
(15 138 44) 
(15 139 10) 
(15 140 48) 
(15 142 5) 
(15 144 25) 
(15 145 6) 
(15 146 4) 
(15 147 28) 
(15 148 1) 
(15 149 44) 
(15 150 27) 
(15 151 20) 
(15 152 38) 
(15 155 1) 
(15 156 44) 
(15 157 27) 
(15 159 43) 
(15 161 8) 
(15 162 18) 
(15 163 4) 
(15 165 43) 
(15 166 17) 
(15 168 38) 
(15 169 40) 
(15 170 12) 
(15 171 36) 
(15 172 13) 
(15 173 48) 
(15 174 9) 
(15 175 19) 
(15 178 43) 
(15 180 31) 
(15 181 47) 
(15 182 22) 
(15 183 43) 
(15 185 41) 
(15 186 1) 
(15 187 50) 
(15 188 8) 
(15 189 41) 
(15 190 40) 
(15 191 26) 
(15 192 4) 
(15 193 8) 
(15 194 22) 
(15 195 28) 
(15 196 34) 
(15 197 4) 
(15 199 27) 
(16 0 7) 
(16 1 15) 
(16 2 3) 
(16 3 40) 
(16 4 48) 
(16 5 38) 
(16 6 7) 
(16 9 22) 
(16 10 30) 
(16 11 33) 
(16 12 1) 
(16 14 31) 
(16 15 37) 
(16 17 44) 
(16 19 27) 
(16 20 46) 
(16 21 5) 
(16 22 22) 
(16 23 28) 
(16 24 27) 
(16 25 46) 
(16 26 41) 
(16 31 25) 
(16 32 40) 
(16 33 6) 
(16 34 24) 
(16 35 15) 
(16 39 44) 
(16 40 15) 
(16 41 11) 
(16 42 39) 
(16 43 27) 
(16 44 23) 
(16 45 4) 
(16 46 5) 
(16 47 49) 
(16 48 43) 
(16 49 47) 
(16 50 2) 
(16 51 9) 
(16 52 17) 
(16 53 21) 
(16 54 16) 
(16 55 44) 
(16 56 35) 
(16 57 28) 
(16 58 31) 
(16 59 28) 
(16 60 43) 
(16 61 5) 
(16 62 15) 
(16 63 30) 
(16 68 19) 
(16 69 22) 
(16 70 12) 
(16 72 45) 
(16 75 29) 
(16 77 23) 
(16 78 22) 
(16 79 9) 
(16 80 36) 
(16 81 19) 
(16 84 41) 
(16 85 31) 
(16 86 15) 
(16 87 1) 
(16 88 14) 
(16 90 11) 
(16 92 43) 
(16 93 24) 
(16 96 7) 
(16 97 12) 
(16 98 5) 
(16 99 2) 
(16 101 16) 
(16 102 15) 
(16 103 36) 
(16 104 5) 
(16 105 41) 
(16 106 21) 
(16 107 25) 
(16 108 39) 
(16 109 36) 
(16 110 27) 
(16 111 42) 
(16 112 16) 
(16 113 4) 
(16 114 46) 
(16 115 31) 
(16 116 46) 
(16 120 8) 
(16 121 37) 
(16 123 6) 
(16 124 46) 
(16 125 39) 
(16 126 14) 
(16 127 37) 
(16 130 25) 
(16 131 7) 
(16 133 18) 
(16 134 15) 
(16 136 30) 
(16 137 32) 
(16 138 5) 
(16 139 29) 
(16 140 28) 
(16 141 15) 
(16 142 15) 
(16 143 34) 
(16 145 22) 
(16 146 6) 
(16 147 38) 
(16 149 29) 
(16 150 20) 
(16 151 5) 
(16 153 22) 
(16 156 47) 
(16 158 32) 
(16 159 47) 
(16 160 27) 
(16 161 9) 
(16 162 36) 
(16 163 15) 
(16 164 10) 
(16 165 12) 
(16 166 10) 
(16 167 40) 
(16 168 20) 
(16 169 17) 
(16 170 15) 
(16 172 9) 
(16 173 19) 
(16 174 31) 
(16 175 8) 
(16 177 12) 
(16 178 24) 
(16 180 13) 
(16 181 3) 
(16 182 5) 
(16 183 5) 
(16 185 20) 
(16 186 50) 
(16 187 1) 
(16 188 38) 
(16 189 12) 
(16 190 37) 
(16 192 12) 
(16 193 40) 
(16 194 16) 
(16 195 6) 
(16 196 42) 
(16 197 41) 
(16 198 26) 
(17 0 31) 
(17 1 36) 
(17 2 46) 
(17 4 1) 
(17 5 3) 
(17 7 24) 
(17 8 28) 
(17 9 11) 
(17 10 50) 
(17 11 31) 
(17 14 10) 
(17 15 10) 
(17 18 40) 
(17 20 4) 
(17 23 17) 
(17 24 25) 
(17 25 45) 
(17 26 31) 
(17 28 15) 
(17 30 37) 
(17 31 46) 
(17 32 30) 
(17 33 35) 
(17 34 32) 
(17 35 1) 
(17 37 27) 
(17 38 17) 
(17 39 17) 
(17 40 46) 
(17 41 42) 
(17 42 45) 
(17 43 1) 
(17 44 7) 
(17 46 14) 
(17 47 39) 
(17 49 42) 
(17 50 33) 
(17 51 32) 
(17 54 30) 
(17 55 20) 
(17 56 48) 
(17 60 10) 
(17 61 41) 
(17 62 8) 
(17 63 15) 
(17 64 40) 
(17 65 39) 
(17 67 11) 
(17 70 39) 
(17 71 40) 
(17 72 15) 
(17 73 37) 
(17 74 17) 
(17 75 9) 
(17 76 9) 
(17 77 13) 
(17 79 8) 
(17 82 42) 
(17 84 3) 
(17 85 1) 
(17 86 49) 
(17 87 16) 
(17 89 23) 
(17 90 49) 
(17 91 41) 
(17 92 28) 
(17 95 9) 
(17 96 38) 
(17 97 39) 
(17 98 38) 
(17 99 37) 
(17 100 2) 
(17 101 48) 
(17 102 37) 
(17 103 5) 
(17 104 47) 
(17 105 14) 
(17 106 31) 
(17 107 6) 
(17 108 11) 
(17 109 35) 
(17 110 27) 
(17 111 4) 
(17 112 11) 
(17 113 40) 
(17 117 24) 
(17 118 30) 
(17 119 25) 
(17 120 28) 
(17 121 28) 
(17 122 19) 
(17 123 18) 
(17 125 45) 
(17 126 1) 
(17 127 40) 
(17 128 19) 
(17 129 6) 
(17 131 33) 
(17 132 18) 
(17 133 4) 
(17 134 47) 
(17 136 1) 
(17 137 31) 
(17 138 24) 
(17 139 27) 
(17 140 24) 
(17 142 19) 
(17 144 5) 
(17 145 31) 
(17 146 42) 
(17 147 32) 
(17 148 34) 
(17 150 12) 
(17 151 25) 
(17 153 32) 
(17 154 38) 
(17 155 38) 
(17 158 37) 
(17 159 48) 
(17 160 20) 
(17 161 44) 
(17 162 5) 
(17 163 13) 
(17 164 29) 
(17 165 10) 
(17 167 30) 
(17 168 14) 
(17 169 35) 
(17 170 9) 
(17 171 1) 
(17 172 16) 
(17 173 28) 
(17 174 34) 
(17 175 16) 
(17 176 23) 
(17 179 27) 
(17 181 13) 
(17 183 45) 
(17 184 27) 
(17 185 25) 
(17 186 4) 
(17 187 23) 
(17 188 19) 
(17 189 8) 
(17 190 42) 
(17 191 8) 
(17 197 43) 
(17 198 18) 
(17 199 24) 
(18 0 42) 
(18 1 3) 
(18 2 50) 
(18 3 17) 
(18 4 38) 
(18 5 16) 
(18 6 36) 
(18 8 8) 
(18 9 16) 
(18 11 19) 
(18 12 28) 
(18 15 14) 
(18 17 19) 
(18 20 13) 
(18 21 12) 
(18 22 44) 
(18 23 6) 
(18 24 36) 
(18 25 37) 
(18 26 19) 
(18 27 46) 
(18 29 46) 
(18 30 47) 
(18 31 26) 
(18 32 49) 
(18 33 17) 
(18 35 2) 
(18 37 14) 
(18 38 31) 
(18 39 1) 
(18 40 27) 
(18 41 37) 
(18 44 36) 
(18 45 9) 
(18 46 24) 
(18 48 16) 
(18 50 12) 
(18 51 18) 
(18 52 7) 
(18 53 25) 
(18 55 39) 
(18 56 11) 
(18 57 35) 
(18 58 42) 
(18 59 27) 
(18 60 23) 
(18 61 20) 
(18 62 5) 
(18 64 15) 
(18 65 34) 
(18 66 34) 
(18 67 38) 
(18 69 43) 
(18 70 1) 
(18 71 8) 
(18 72 4) 
(18 73 12) 
(18 74 33) 
(18 75 15) 
(18 76 14) 
(18 77 41) 
(18 78 29) 
(18 81 13) 
(18 82 47) 
(18 83 22) 
(18 84 2) 
(18 85 7) 
(18 86 38) 
(18 87 27) 
(18 88 30) 
(18 89 13) 
(18 91 47) 
(18 92 26) 
(18 93 41) 
(18 95 9) 
(18 96 25) 
(18 98 16) 
(18 99 11) 
(18 101 43) 
(18 102 42) 
(18 103 41) 
(18 104 19) 
(18 105 1) 
(18 106 18) 
(18 107 6) 
(18 110 23) 
(18 111 4) 
(18 112 29) 
(18 113 26) 
(18 114 19) 
(18 116 49) 
(18 117 40) 
(18 118 15) 
(18 119 50) 
(18 120 26) 
(18 121 39) 
(18 122 8) 
(18 123 30) 
(18 124 21) 
(18 125 49) 
(18 126 47) 
(18 127 26) 
(18 129 19) 
(18 130 2) 
(18 131 1) 
(18 132 31) 
(18 133 42) 
(18 135 1) 
(18 136 30) 
(18 137 45) 
(18 138 5) 
(18 139 50) 
(18 140 47) 
(18 142 22) 
(18 143 40) 
(18 146 5) 
(18 148 14) 
(18 149 20) 
(18 150 6) 
(18 152 50) 
(18 153 45) 
(18 154 34) 
(18 155 9) 
(18 156 14) 
(18 157 43) 
(18 158 35) 
(18 159 46) 
(18 160 42) 
(18 161 20) 
(18 163 7) 
(18 165 44) 
(18 167 25) 
(18 168 34) 
(18 169 10) 
(18 170 22) 
(18 173 9) 
(18 174 18) 
(18 177 2) 
(18 178 36) 
(18 179 2) 
(18 181 44) 
(18 182 34) 
(18 185 41) 
(18 186 7) 
(18 189 15) 
(18 190 35) 
(18 191 27) 
(18 192 10) 
(18 193 44) 
(18 194 45) 
(18 197 38) 
(18 198 39) 
(18 199 45) 
(19 2 14) 
(19 3 26) 
(19 5 19) 
(19 7 20) 
(19 8 32) 
(19 9 20) 
(19 10 37) 
(19 11 27) 
(19 12 14) 
(19 14 35) 
(19 16 26) 
(19 17 8) 
(19 21 34) 
(19 22 12) 
(19 23 22) 
(19 24 17) 
(19 25 10) 
(19 27 41) 
(19 28 12) 
(19 29 2) 
(19 30 41) 
(19 31 1) 
(19 32 13) 
(19 33 20) 
(19 34 42) 
(19 36 24) 
(19 37 5) 
(19 38 46) 
(19 39 50) 
(19 40 16) 
(19 41 24) 
(19 42 36) 
(19 43 42) 
(19 46 20) 
(19 47 26) 
(19 48 38) 
(19 49 24) 
(19 50 20) 
(19 54 24) 
(19 55 1) 
(19 56 4) 
(19 58 15) 
(19 59 30) 
(19 61 28) 
(19 62 19) 
(19 63 12) 
(19 64 44) 
(19 66 15) 
(19 67 33) 
(19 68 50) 
(19 70 19) 
(19 71 41) 
(19 73 45) 
(19 74 48) 
(19 75 7) 
(19 77 8) 
(19 78 37) 
(19 79 7) 
(19 81 3) 
(19 82 44) 
(19 83 25) 
(19 84 29) 
(19 85 41) 
(19 87 40) 
(19 88 17) 
(19 90 26) 
(19 91 36) 
(19 92 40) 
(19 94 19) 
(19 95 11) 
(19 96 16) 
(19 97 11) 
(19 100 18) 
(19 101 3) 
(19 103 44) 
(19 104 20) 
(19 105 40) 
(19 107 46) 
(19 108 50) 
(19 109 20) 
(19 110 48) 
(19 113 34) 
(19 114 19) 
(19 115 40) 
(19 117 37) 
(19 118 5) 
(19 119 7) 
(19 121 35) 
(19 124 8) 
(19 125 29) 
(19 128 41) 
(19 129 34) 
(19 130 15) 
(19 131 33) 
(19 133 35) 
(19 134 5) 
(19 136 22) 
(19 137 22) 
(19 138 8) 
(19 139 13) 
(19 141 32) 
(19 142 10) 
(19 143 16) 
(19 144 25) 
(19 145 15) 
(19 146 12) 
(19 148 46) 
(19 150 47) 
(19 151 32) 
(19 156 4) 
(19 157 8) 
(19 158 31) 
(19 164 32) 
(19 165 43) 
(19 167 21) 
(19 168 34) 
(19 169 39) 
(19 170 33) 
(19 172 50) 
(19 173 11) 
(19 174 34) 
(19 176 30) 
(19 177 28) 
(19 179 7) 
(19 180 21) 
(19 182 32) 
(19 183 22) 
(19 185 13) 
(19 186 26) 
(19 187 6) 
(19 188 49) 
(19 189 35) 
(19 190 6) 
(19 191 1) 
(19 194 11) 
(19 195 33) 
(19 196 4) 
(19 197 23) 
(19 198 1) 
(19 199 32) 
(20 1 8) 
(20 2 44) 
(20 3 33) 
(20 4 10) 
(20 5 32) 
(20 6 25) 
(20 7 5) 
(20 8 25) 
(20 10 19) 
(20 12 43) 
(20 13 21) 
(20 15 10) 
(20 16 36) 
(20 18 9) 
(20 19 26) 
(20 23 39) 
(20 24 46) 
(20 25 3) 
(20 26 18) 
(20 27 42) 
(20 28 19) 
(20 29 15) 
(20 30 24) 
(20 31 31) 
(20 32 10) 
(20 33 46) 
(20 37 36) 
(20 38 29) 
(20 39 5) 
(20 40 3) 
(20 41 37) 
(20 42 41) 
(20 43 4) 
(20 44 39) 
(20 45 18) 
(20 48 1) 
(20 49 3) 
(20 50 42) 
(20 52 18) 
(20 53 29) 
(20 54 49) 
(20 56 7) 
(20 57 25) 
(20 58 43) 
(20 59 5) 
(20 60 8) 
(20 61 39) 
(20 62 33) 
(20 63 26) 
(20 64 37) 
(20 65 38) 
(20 66 31) 
(20 69 40) 
(20 70 21) 
(20 71 37) 
(20 75 13) 
(20 77 5) 
(20 78 44) 
(20 79 1) 
(20 81 12) 
(20 82 13) 
(20 84 2) 
(20 85 19) 
(20 86 13) 
(20 87 10) 
(20 88 27) 
(20 90 40) 
(20 91 39) 
(20 92 8) 
(20 94 27) 
(20 96 17) 
(20 100 7) 
(20 101 22) 
(20 102 12) 
(20 103 38) 
(20 104 44) 
(20 105 13) 
(20 106 45) 
(20 107 37) 
(20 109 50) 
(20 110 6) 
(20 111 40) 
(20 112 18) 
(20 114 14) 
(20 116 37) 
(20 117 17) 
(20 118 15) 
(20 119 28) 
(20 121 7) 
(20 122 16) 
(20 124 45) 
(20 125 16) 
(20 126 21) 
(20 127 39) 
(20 128 13) 
(20 129 5) 
(20 130 16) 
(20 133 4) 
(20 136 8) 
(20 137 32) 
(20 138 9) 
(20 139 10) 
(20 141 24) 
(20 142 43) 
(20 143 18) 
(20 144 15) 
(20 146 7) 
(20 148 7) 
(20 149 20) 
(20 150 33) 
(20 154 40) 
(20 155 35) 
(20 156 41) 
(20 157 2) 
(20 158 2) 
(20 159 26) 
(20 160 20) 
(20 162 33) 
(20 163 45) 
(20 164 19) 
(20 165 26) 
(20 168 17) 
(20 169 39) 
(20 170 41) 
(20 172 47) 
(20 174 44) 
(20 175 44) 
(20 177 39) 
(20 178 26) 
(20 179 50) 
(20 180 5) 
(20 181 15) 
(20 183 19) 
(20 186 33) 
(20 188 19) 
(20 190 13) 
(20 192 43) 
(20 196 28) 
(20 197 40) 
(21 0 10) 
(21 2 49) 
(21 4 43) 
(21 5 45) 
(21 7 1) 
(21 8 22) 
(21 9 36) 
(21 10 13) 
(21 11 11) 
(21 12 46) 
(21 16 33) 
(21 17 17) 
(21 18 3) 
(21 19 26) 
(21 20 8) 
(21 22 14) 
(21 23 40) 
(21 24 43) 
(21 26 20) 
(21 27 34) 
(21 28 8) 
(21 29 3) 
(21 30 8) 
(21 31 28) 
(21 33 37) 
(21 35 21) 
(21 36 24) 
(21 37 41) 
(21 38 12) 
(21 39 5) 
(21 40 15) 
(21 41 41) 
(21 42 9) 
(21 43 6) 
(21 44 28) 
(21 46 40) 
(21 47 21) 
(21 48 17) 
(21 49 48) 
(21 50 27) 
(21 51 9) 
(21 52 43) 
(21 55 42) 
(21 56 14) 
(21 58 48) 
(21 59 6) 
(21 60 40) 
(21 61 8) 
(21 62 41) 
(21 64 26) 
(21 65 41) 
(21 66 36) 
(21 67 35) 
(21 68 22) 
(21 71 20) 
(21 72 45) 
(21 73 15) 
(21 75 48) 
(21 76 18) 
(21 77 18) 
(21 81 5) 
(21 82 15) 
(21 83 36) 
(21 85 4) 
(21 87 49) 
(21 89 7) 
(21 91 39) 
(21 93 49) 
(21 94 15) 
(21 96 1) 
(21 97 36) 
(21 99 33) 
(21 102 41) 
(21 103 1) 
(21 104 33) 
(21 105 14) 
(21 106 4) 
(21 108 11) 
(21 109 46) 
(21 110 47) 
(21 111 44) 
(21 112 30) 
(21 113 39) 
(21 115 16) 
(21 116 10) 
(21 118 3) 
(21 119 29) 
(21 120 5) 
(21 121 9) 
(21 122 37) 
(21 123 46) 
(21 125 13) 
(21 126 36) 
(21 127 16) 
(21 128 9) 
(21 129 20) 
(21 131 33) 
(21 132 31) 
(21 133 30) 
(21 134 40) 
(21 135 41) 
(21 136 44) 
(21 137 9) 
(21 139 8) 
(21 140 34) 
(21 141 22) 
(21 144 48) 
(21 145 26) 
(21 146 32) 
(21 147 37) 
(21 148 50) 
(21 149 22) 
(21 150 38) 
(21 151 46) 
(21 153 45) 
(21 154 11) 
(21 155 33) 
(21 157 49) 
(21 158 29) 
(21 159 22) 
(21 161 25) 
(21 162 14) 
(21 163 34) 
(21 164 39) 
(21 165 13) 
(21 166 26) 
(21 167 1) 
(21 168 33) 
(21 169 14) 
(21 170 27) 
(21 171 32) 
(21 173 39) 
(21 175 1) 
(21 176 41) 
(21 178 23) 
(21 179 45) 
(21 180 50) 
(21 182 32) 
(21 183 42) 
(21 184 30) 
(21 185 34) 
(21 187 48) 
(21 188 26) 
(21 189 34) 
(21 190 39) 
(21 191 29) 
(21 193 10) 
(21 194 32) 
(21 195 23) 
(21 196 25) 
(21 197 17) 
(21 198 24) 
(21 199 20) 
(22 0 33) 
(22 1 23) 
(22 2 10) 
(22 3 29) 
(22 4 47) 
(22 6 50) 
(22 8 30) 
(22 10 27) 
(22 11 49) 
(22 12 24) 
(22 14 48) 
(22 16 23) 
(22 17 10) 
(22 19 33) 
(22 21 2) 
(22 23 39) 
(22 24 25) 
(22 25 33) 
(22 26 45) 
(22 28 3) 
(22 30 4) 
(22 31 7) 
(22 34 46) 
(22 37 20) 
(22 38 13) 
(22 39 42) 
(22 40 38) 
(22 42 26) 
(22 43 2) 
(22 44 9) 
(22 45 31) 
(22 46 50) 
(22 47 25) 
(22 48 40) 
(22 50 7) 
(22 51 46) 
(22 52 35) 
(22 53 9) 
(22 54 43) 
(22 55 33) 
(22 59 35) 
(22 60 26) 
(22 61 35) 
(22 62 19) 
(22 63 34) 
(22 66 29) 
(22 67 38) 
(22 68 45) 
(22 69 49) 
(22 70 33) 
(22 71 27) 
(22 72 2) 
(22 73 24) 
(22 74 44) 
(22 75 32) 
(22 76 15) 
(22 77 17) 
(22 79 20) 
(22 80 3) 
(22 81 42) 
(22 82 19) 
(22 83 15) 
(22 85 28) 
(22 87 14) 
(22 88 5) 
(22 89 44) 
(22 90 31) 
(22 91 3) 
(22 92 23) 
(22 93 41) 
(22 94 18) 
(22 96 22) 
(22 100 29) 
(22 101 42) 
(22 102 11) 
(22 103 50) 
(22 104 25) 
(22 105 37) 
(22 106 27) 
(22 107 48) 
(22 109 21) 
(22 110 35) 
(22 111 29) 
(22 112 20) 
(22 113 6) 
(22 116 40) 
(22 118 5) 
(22 119 20) 
(22 122 49) 
(22 123 5) 
(22 129 23) 
(22 130 1) 
(22 131 28) 
(22 132 6) 
(22 133 36) 
(22 134 44) 
(22 135 14) 
(22 136 36) 
(22 137 7) 
(22 138 37) 
(22 139 38) 
(22 140 14) 
(22 141 21) 
(22 142 25) 
(22 144 28) 
(22 146 20) 
(22 147 1) 
(22 149 2) 
(22 151 43) 
(22 152 21) 
(22 153 35) 
(22 154 10) 
(22 155 42) 
(22 156 38) 
(22 157 13) 
(22 158 14) 
(22 160 28) 
(22 161 1) 
(22 162 33) 
(22 163 10) 
(22 164 14) 
(22 165 43) 
(22 166 36) 
(22 168 28) 
(22 169 43) 
(22 170 28) 
(22 171 27) 
(22 172 35) 
(22 173 42) 
(22 175 13) 
(22 176 28) 
(22 177 11) 
(22 178 48) 
(22 179 41) 
(22 180 3) 
(22 181 9) 
(22 182 20) 
(22 183 38) 
(22 184 26) 
(22 185 18) 
(22 186 31) 
(22 187 25) 
(22 188 39) 
(22 189 24) 
(22 190 20) 
(22 191 13) 
(22 192 38) 
(22 193 30) 
(22 194 38) 
(22 195 19) 
(22 196 35) 
(22 197 48) 
(22 198 5) 
(22 199 10) 
(23 0 35) 
(23 1 1) 
(23 2 7) 
(23 3 44) 
(23 5 44) 
(23 6 25) 
(23 9 19) 
(23 10 49) 
(23 11 4) 
(23 13 48) 
(23 15 36) 
(23 16 27) 
(23 17 39) 
(23 18 20) 
(23 19 16) 
(23 20 26) 
(23 21 21) 
(23 22 19) 
(23 24 37) 
(23 25 20) 
(23 26 12) 
(23 27 1) 
(23 28 39) 
(23 29 49) 
(23 31 18) 
(23 32 3) 
(23 33 34) 
(23 35 42) 
(23 36 21) 
(23 37 34) 
(23 38 2) 
(23 39 45) 
(23 41 26) 
(23 42 8) 
(23 43 45) 
(23 44 6) 
(23 46 20) 
(23 47 7) 
(23 48 45) 
(23 49 37) 
(23 51 33) 
(23 52 28) 
(23 53 50) 
(23 55 4) 
(23 56 50) 
(23 57 17) 
(23 59 1) 
(23 60 13) 
(23 61 16) 
(23 63 45) 
(23 64 23) 
(23 65 21) 
(23 66 3) 
(23 67 26) 
(23 68 2) 
(23 70 35) 
(23 71 20) 
(23 72 33) 
(23 74 26) 
(23 76 6) 
(23 77 44) 
(23 78 47) 
(23 79 38) 
(23 80 25) 
(23 81 36) 
(23 82 31) 
(23 84 21) 
(23 85 25) 
(23 86 11) 
(23 87 28) 
(23 88 23) 
(23 91 39) 
(23 93 15) 
(23 94 3) 
(23 96 6) 
(23 97 3) 
(23 98 27) 
(23 99 9) 
(23 101 9) 
(23 102 25) 
(23 103 12) 
(23 104 11) 
(23 106 45) 
(23 107 15) 
(23 109 4) 
(23 110 12) 
(23 111 5) 
(23 112 49) 
(23 113 30) 
(23 116 27) 
(23 117 24) 
(23 119 44) 
(23 120 19) 
(23 121 48) 
(23 122 17) 
(23 124 46) 
(23 125 45) 
(23 126 1) 
(23 127 38) 
(23 128 7) 
(23 129 5) 
(23 130 45) 
(23 131 39) 
(23 132 2) 
(23 135 37) 
(23 136 21) 
(23 137 44) 
(23 138 21) 
(23 139 11) 
(23 140 26) 
(23 141 40) 
(23 142 30) 
(23 143 36) 
(23 144 10) 
(23 146 40) 
(23 147 47) 
(23 148 21) 
(23 149 32) 
(23 150 42) 
(23 151 47) 
(23 153 12) 
(23 154 29) 
(23 156 24) 
(23 158 27) 
(23 159 38) 
(23 160 4) 
(23 161 50) 
(23 162 28) 
(23 163 5) 
(23 165 26) 
(23 166 10) 
(23 170 37) 
(23 171 41) 
(23 172 13) 
(23 173 44) 
(23 174 5) 
(23 175 21) 
(23 176 1) 
(23 177 12) 
(23 178 45) 
(23 179 23) 
(23 180 16) 
(23 181 46) 
(23 182 23) 
(23 183 13) 
(23 184 18) 
(23 185 1) 
(23 186 21) 
(23 188 29) 
(23 189 12) 
(23 190 42) 
(23 191 17) 
(23 192 19) 
(23 194 29) 
(23 195 47) 
(23 196 49) 
(23 197 37) 
(23 198 17) 
(23 199 3) 
(24 0 30) 
(24 1 36) 
(24 2 29) 
(24 3 20) 
(24 4 9) 
(24 5 20) 
(24 7 42) 
(24 10 13) 
(24 11 24) 
(24 12 27) 
(24 16 12) 
(24 17 8) 
(24 18 25) 
(24 20 13) 
(24 23 35) 
(24 25 21) 
(24 26 30) 
(24 27 40) 
(24 28 1) 
(24 30 16) 
(24 31 26) 
(24 32 4) 
(24 33 36) 
(24 34 43) 
(24 35 6) 
(24 37 22) 
(24 38 45) 
(24 39 50) 
(24 41 47) 
(24 42 35) 
(24 44 33) 
(24 46 49) 
(24 48 39) 
(24 50 36) 
(24 51 50) 
(24 52 4) 
(24 53 8) 
(24 54 5) 
(24 55 10) 
(24 56 19) 
(24 58 37) 
(24 59 14) 
(24 60 18) 
(24 61 4) 
(24 62 39) 
(24 63 9) 
(24 64 32) 
(24 65 20) 
(24 67 48) 
(24 68 29) 
(24 69 11) 
(24 70 38) 
(24 72 48) 
(24 73 44) 
(24 74 11) 
(24 75 4) 
(24 80 42) 
(24 81 39) 
(24 82 27) 
(24 84 11) 
(24 86 13) 
(24 88 42) 
(24 89 10) 
(24 90 18) 
(24 91 30) 
(24 92 9) 
(24 93 21) 
(24 95 16) 
(24 96 45) 
(24 97 40) 
(24 99 4) 
(24 100 39) 
(24 102 36) 
(24 103 32) 
(24 104 19) 
(24 105 41) 
(24 107 27) 
(24 108 13) 
(24 109 11) 
(24 110 35) 
(24 111 44) 
(24 112 11) 
(24 113 19) 
(24 114 34) 
(24 115 40) 
(24 117 6) 
(24 119 28) 
(24 120 26) 
(24 122 36) 
(24 123 44) 
(24 124 33) 
(24 125 19) 
(24 126 43) 
(24 127 46) 
(24 128 16) 
(24 130 2) 
(24 131 45) 
(24 132 22) 
(24 133 6) 
(24 134 45) 
(24 135 21) 
(24 136 42) 
(24 137 49) 
(24 140 39) 
(24 141 42) 
(24 142 9) 
(24 143 36) 
(24 144 40) 
(24 146 12) 
(24 147 9) 
(24 149 3) 
(24 150 22) 
(24 151 30) 
(24 152 11) 
(24 153 28) 
(24 156 5) 
(24 157 49) 
(24 158 17) 
(24 159 33) 
(24 160 10) 
(24 161 46) 
(24 162 47) 
(24 163 39) 
(24 164 44) 
(24 165 41) 
(24 168 34) 
(24 170 4) 
(24 173 43) 
(24 174 15) 
(24 175 24) 
(24 176 8) 
(24 177 2) 
(24 178 19) 
(24 179 14) 
(24 180 22) 
(24 181 38) 
(24 182 48) 
(24 183 5) 
(24 184 11) 
(24 185 17) 
(24 186 24) 
(24 187 45) 
(24 188 34) 
(24 189 22) 
(24 191 22) 
(24 192 40) 
(24 193 27) 
(24 194 36) 
(24 195 48) 
(24 199 41) 
(25 0 2) 
(25 1 22) 
(25 2 46) 
(25 3 16) 
(25 4 31) 
(25 5 5) 
(25 8 10) 
(25 9 42) 
(25 10 10) 
(25 11 50) 
(25 12 7) 
(25 13 29) 
(25 14 29) 
(25 16 1) 
(25 18 16) 
(25 19 41) 
(25 20 7) 
(25 22 21) 
(25 23 5) 
(25 24 39) 
(25 26 4) 
(25 28 44) 
(25 29 7) 
(25 31 21) 
(25 32 17) 
(25 34 14) 
(25 35 7) 
(25 37 42) 
(25 38 39) 
(25 39 33) 
(25 41 15) 
(25 42 4) 
(25 43 8) 
(25 44 5) 
(25 47 24) 
(25 48 32) 
(25 49 46) 
(25 50 36) 
(25 51 15) 
(25 52 47) 
(25 59 22) 
(25 61 26) 
(25 62 41) 
(25 64 10) 
(25 65 45) 
(25 66 48) 
(25 67 2) 
(25 69 35) 
(25 70 26) 
(25 72 36) 
(25 73 44) 
(25 76 35) 
(25 77 29) 
(25 78 25) 
(25 79 18) 
(25 80 34) 
(25 81 22) 
(25 82 37) 
(25 83 16) 
(25 85 26) 
(25 86 5) 
(25 87 25) 
(25 88 15) 
(25 89 2) 
(25 91 17) 
(25 92 5) 
(25 93 30) 
(25 94 27) 
(25 95 43) 
(25 96 13) 
(25 99 11) 
(25 100 6) 
(25 105 49) 
(25 106 31) 
(25 107 33) 
(25 108 32) 
(25 110 11) 
(25 111 38) 
(25 112 1) 
(25 115 5) 
(25 116 31) 
(25 117 6) 
(25 119 34) 
(25 121 2) 
(25 122 30) 
(25 123 6) 
(25 124 46) 
(25 125 34) 
(25 126 17) 
(25 127 32) 
(25 128 13) 
(25 129 8) 
(25 130 21) 
(25 131 34) 
(25 132 28) 
(25 133 26) 
(25 134 14) 
(25 135 45) 
(25 136 2) 
(25 137 20) 
(25 138 40) 
(25 139 33) 
(25 141 42) 
(25 145 43) 
(25 146 22) 
(25 147 37) 
(25 148 10) 
(25 149 36) 
(25 150 48) 
(25 151 20) 
(25 152 45) 
(25 153 39) 
(25 154 42) 
(25 155 37) 
(25 156 20) 
(25 158 34) 
(25 159 17) 
(25 160 27) 
(25 161 31) 
(25 162 5) 
(25 163 19) 
(25 164 17) 
(25 167 33) 
(25 168 50) 
(25 169 50) 
(25 170 4) 
(25 171 47) 
(25 172 2) 
(25 173 28) 
(25 174 13) 
(25 175 44) 
(25 176 10) 
(25 178 25) 
(25 179 9) 
(25 180 26) 
(25 181 32) 
(25 182 26) 
(25 183 40) 
(25 184 47) 
(25 185 24) 
(25 186 43) 
(25 187 32) 
(25 188 2) 
(25 189 19) 
(25 190 17) 
(25 191 45) 
(25 193 39) 
(25 194 24) 
(25 195 50) 
(25 196 40) 
(25 197 31) 
(25 198 11) 
(26 0 32) 
(26 1 2) 
(26 2 9) 
(26 3 34) 
(26 5 14) 
(26 6 11) 
(26 7 36) 
(26 8 41) 
(26 10 36) 
(26 14 24) 
(26 15 21) 
(26 16 33) 
(26 17 22) 
(26 18 5) 
(26 20 49) 
(26 21 24) 
(26 22 46) 
(26 23 12) 
(26 27 15) 
(26 28 7) 
(26 29 44) 
(26 30 42) 
(26 31 18) 
(26 32 48) 
(26 33 32) 
(26 34 2) 
(26 35 28) 
(26 36 27) 
(26 37 47) 
(26 38 25) 
(26 39 36) 
(26 40 29) 
(26 41 5) 
(26 43 5) 
(26 44 35) 
(26 46 20) 
(26 47 10) 
(26 48 31) 
(26 49 26) 
(26 51 27) 
(26 52 12) 
(26 53 15) 
(26 55 33) 
(26 56 2) 
(26 58 44) 
(26 59 48) 
(26 60 28) 
(26 62 22) 
(26 64 7) 
(26 65 41) 
(26 68 35) 
(26 69 43) 
(26 70 24) 
(26 71 11) 
(26 72 5) 
(26 73 26) 
(26 74 28) 
(26 75 49) 
(26 76 42) 
(26 77 35) 
(26 78 4) 
(26 79 50) 
(26 80 4) 
(26 81 26) 
(26 82 17) 
(26 84 9) 
(26 88 44) 
(26 89 9) 
(26 90 3) 
(26 91 37) 
(26 92 10) 
(26 93 16) 
(26 94 13) 
(26 95 35) 
(26 97 48) 
(26 98 38) 
(26 100 49) 
(26 101 28) 
(26 103 30) 
(26 105 19) 
(26 106 24) 
(26 107 13) 
(26 110 28) 
(26 111 2) 
(26 112 19) 
(26 113 15) 
(26 114 41) 
(26 115 44) 
(26 117 16) 
(26 118 9) 
(26 119 7) 
(26 120 33) 
(26 121 2) 
(26 122 46) 
(26 123 43) 
(26 124 23) 
(26 125 20) 
(26 127 24) 
(26 128 3) 
(26 129 25) 
(26 130 21) 
(26 131 1) 
(26 132 50) 
(26 133 14) 
(26 134 21) 
(26 135 8) 
(26 136 1) 
(26 137 7) 
(26 138 33) 
(26 139 20) 
(26 140 47) 
(26 143 47) 
(26 144 8) 
(26 145 18) 
(26 146 26) 
(26 147 12) 
(26 148 50) 
(26 149 15) 
(26 152 20) 
(26 153 19) 
(26 154 1) 
(26 155 49) 
(26 156 11) 
(26 159 22) 
(26 160 24) 
(26 161 37) 
(26 163 46) 
(26 164 12) 
(26 165 29) 
(26 167 8) 
(26 168 41) 
(26 169 20) 
(26 170 24) 
(26 171 43) 
(26 172 25) 
(26 174 14) 
(26 175 22) 
(26 177 47) 
(26 179 40) 
(26 180 26) 
(26 181 9) 
(26 182 13) 
(26 183 18) 
(26 185 28) 
(26 186 33) 
(26 190 49) 
(26 191 45) 
(26 193 36) 
(26 194 32) 
(26 195 45) 
(26 196 37) 
(26 198 24) 
(27 0 30) 
(27 1 1) 
(27 3 9) 
(27 4 30) 
(27 6 11) 
(27 7 10) 
(27 8 23) 
(27 9 13) 
(27 10 23) 
(27 12 29) 
(27 13 48) 
(27 14 1) 
(27 15 24) 
(27 16 29) 
(27 18 20) 
(27 19 10) 
(27 21 17) 
(27 23 40) 
(27 25 10) 
(27 31 14) 
(27 33 50) 
(27 34 22) 
(27 35 50) 
(27 36 8) 
(27 37 8) 
(27 38 2) 
(27 39 29) 
(27 40 20) 
(27 41 26) 
(27 42 18) 
(27 43 3) 
(27 46 10) 
(27 47 37) 
(27 48 27) 
(27 51 31) 
(27 52 9) 
(27 53 20) 
(27 54 47) 
(27 55 12) 
(27 57 48) 
(27 59 16) 
(27 60 47) 
(27 61 17) 
(27 62 29) 
(27 65 28) 
(27 68 49) 
(27 70 50) 
(27 71 37) 
(27 72 22) 
(27 73 48) 
(27 74 35) 
(27 75 38) 
(27 76 40) 
(27 77 45) 
(27 79 47) 
(27 80 35) 
(27 81 21) 
(27 82 17) 
(27 83 26) 
(27 84 21) 
(27 85 24) 
(27 86 10) 
(27 87 10) 
(27 90 10) 
(27 91 34) 
(27 94 39) 
(27 96 39) 
(27 97 39) 
(27 98 13) 
(27 99 40) 
(27 100 24) 
(27 101 15) 
(27 102 22) 
(27 103 33) 
(27 104 24) 
(27 105 42) 
(27 106 27) 
(27 108 21) 
(27 109 31) 
(27 111 13) 
(27 112 18) 
(27 113 9) 
(27 115 22) 
(27 116 5) 
(27 118 28) 
(27 119 47) 
(27 120 35) 
(27 121 35) 
(27 122 40) 
(27 123 1) 
(27 124 36) 
(27 125 36) 
(27 126 14) 
(27 127 50) 
(27 128 35) 
(27 129 14) 
(27 130 11) 
(27 131 39) 
(27 132 16) 
(27 133 17) 
(27 134 22) 
(27 135 19) 
(27 136 4) 
(27 137 46) 
(27 138 4) 
(27 139 21) 
(27 140 42) 
(27 141 20) 
(27 142 18) 
(27 143 22) 
(27 144 11) 
(27 145 41) 
(27 146 41) 
(27 147 43) 
(27 148 23) 
(27 149 48) 
(27 150 25) 
(27 151 17) 
(27 153 45) 
(27 154 35) 
(27 155 4) 
(27 156 29) 
(27 157 12) 
(27 158 50) 
(27 159 26) 
(27 160 48) 
(27 162 31) 
(27 164 4) 
(27 165 8) 
(27 166 3) 
(27 167 30) 
(27 169 29) 
(27 170 21) 
(27 171 17) 
(27 172 31) 
(27 173 4) 
(27 174 4) 
(27 176 41) 
(27 177 28) 
(27 178 50) 
(27 179 12) 
(27 180 6) 
(27 182 50) 
(27 184 38) 
(27 185 16) 
(27 186 28) 
(27 187 39) 
(27 188 10) 
(27 190 50) 
(27 191 11) 
(27 192 9) 
(27 195 47) 
(27 196 29) 
(27 197 1) 
(27 199 5) 
(28 0 30) 
(28 1 22) 
(28 3 38) 
(28 4 31) 
(28 5 36) 
(28 6 13) 
(28 8 12) 
(28 9 2) 
(28 11 46) 
(28 12 18) 
(28 13 21) 
(28 14 12) 
(28 15 40) 
(28 16 17) 
(28 19 9) 
(28 20 29) 
(28 21 29) 
(28 22 11) 
(28 23 20) 
(28 24 10) 
(28 26 30) 
(28 27 4) 
(28 29 45) 
(28 31 48) 
(28 32 49) 
(28 33 1) 
(28 35 12) 
(28 36 6) 
(28 38 49) 
(28 39 42) 
(28 40 28) 
(28 41 8) 
(28 43 5) 
(28 44 23) 
(28 45 13) 
(28 47 29) 
(28 48 12) 
(28 50 27) 
(28 51 22) 
(28 52 8) 
(28 55 2) 
(28 56 35) 
(28 58 5) 
(28 60 37) 
(28 61 35) 
(28 63 17) 
(28 64 4) 
(28 66 28) 
(28 68 21) 
(28 69 46) 
(28 70 45) 
(28 71 4) 
(28 72 26) 
(28 73 37) 
(28 74 10) 
(28 75 3) 
(28 77 48) 
(28 78 45) 
(28 80 29) 
(28 81 33) 
(28 83 9) 
(28 85 39) 
(28 86 9) 
(28 88 8) 
(28 89 25) 
(28 92 11) 
(28 94 50) 
(28 95 8) 
(28 96 29) 
(28 98 14) 
(28 99 25) 
(28 100 47) 
(28 102 28) 
(28 103 28) 
(28 105 35) 
(28 107 40) 
(28 109 40) 
(28 111 8) 
(28 112 23) 
(28 114 18) 
(28 115 2) 
(28 116 13) 
(28 118 12) 
(28 120 22) 
(28 121 49) 
(28 122 34) 
(28 123 28) 
(28 124 18) 
(28 125 45) 
(28 126 43) 
(28 127 24) 
(28 128 10) 
(28 129 40) 
(28 131 18) 
(28 132 26) 
(28 133 18) 
(28 134 24) 
(28 135 24) 
(28 136 17) 
(28 138 6) 
(28 139 46) 
(28 142 30) 
(28 144 39) 
(28 145 23) 
(28 147 38) 
(28 148 44) 
(28 149 27) 
(28 150 30) 
(28 151 17) 
(28 152 15) 
(28 153 18) 
(28 154 21) 
(28 155 20) 
(28 156 8) 
(28 157 31) 
(28 159 17) 
(28 160 27) 
(28 161 46) 
(28 162 7) 
(28 163 41) 
(28 164 12) 
(28 166 26) 
(28 167 10) 
(28 169 17) 
(28 170 13) 
(28 172 11) 
(28 173 21) 
(28 175 27) 
(28 176 7) 
(28 177 19) 
(28 178 26) 
(28 182 2) 
(28 184 43) 
(28 187 22) 
(28 188 41) 
(28 189 14) 
(28 190 31) 
(28 191 33) 
(28 192 45) 
(28 193 2) 
(28 194 3) 
(28 195 17) 
(28 196 4) 
(28 197 12) 
(28 198 20) 
(28 199 23) 
(29 0 24) 
(29 1 39) 
(29 2 29) 
(29 4 9) 
(29 6 50) 
(29 7 27) 
(29 8 35) 
(29 9 36) 
(29 10 2) 
(29 11 8) 
(29 12 46) 
(29 13 25) 
(29 15 46) 
(29 16 40) 
(29 17 4) 
(29 18 31) 
(29 20 30) 
(29 21 12) 
(29 22 37) 
(29 23 5) 
(29 24 18) 
(29 25 10) 
(29 26 31) 
(29 27 22) 
(29 30 30) 
(29 31 20) 
(29 33 8) 
(29 34 6) 
(29 35 23) 
(29 37 5) 
(29 38 1) 
(29 39 15) 
(29 40 10) 
(29 41 6) 
(29 43 15) 
(29 44 13) 
(29 45 2) 
(29 46 16) 
(29 47 10) 
(29 48 27) 
(29 49 15) 
(29 50 40) 
(29 51 48) 
(29 54 27) 
(29 55 31) 
(29 56 14) 
(29 57 16) 
(29 58 3) 
(29 59 43) 
(29 60 46) 
(29 61 4) 
(29 63 49) 
(29 64 26) 
(29 65 26) 
(29 66 25) 
(29 68 50) 
(29 69 49) 
(29 71 42) 
(29 73 1) 
(29 74 15) 
(29 75 25) 
(29 76 30) 
(29 78 1) 
(29 79 1) 
(29 80 28) 
(29 81 31) 
(29 83 12) 
(29 84 42) 
(29 85 33) 
(29 86 50) 
(29 87 38) 
(29 88 22) 
(29 90 50) 
(29 91 10) 
(29 92 12) 
(29 94 16) 
(29 95 35) 
(29 96 21) 
(29 97 14) 
(29 98 33) 
(29 99 3) 
(29 101 38) 
(29 102 4) 
(29 103 16) 
(29 104 9) 
(29 105 50) 
(29 106 46) 
(29 107 2) 
(29 108 37) 
(29 109 48) 
(29 110 1) 
(29 111 30) 
(29 112 1) 
(29 113 30) 
(29 114 14) 
(29 116 37) 
(29 117 45) 
(29 118 33) 
(29 119 33) 
(29 120 25) 
(29 121 17) 
(29 122 9) 
(29 123 11) 
(29 125 27) 
(29 126 6) 
(29 127 27) 
(29 129 12) 
(29 130 27) 
(29 131 4) 
(29 132 9) 
(29 133 5) 
(29 134 25) 
(29 135 35) 
(29 136 45) 
(29 138 22) 
(29 139 11) 
(29 140 21) 
(29 141 18) 
(29 142 1) 
(29 143 28) 
(29 144 35) 
(29 146 5) 
(29 147 41) 
(29 148 34) 
(29 149 20) 
(29 150 26) 
(29 151 44) 
(29 154 11) 
(29 156 23) 
(29 157 26) 
(29 158 50) 
(29 159 25) 
(29 160 20) 
(29 161 45) 
(29 163 25) 
(29 166 15) 
(29 167 29) 
(29 168 39) 
(29 170 16) 
(29 171 1) 
(29 172 26) 
(29 173 19) 
(29 174 25) 
(29 175 8) 
(29 176 1) 
(29 177 1) 
(29 178 16) 
(29 179 46) 
(29 180 7) 
(29 182 35) 
(29 184 20) 
(29 185 22) 
(29 186 19) 
(29 189 47) 
(29 190 3) 
(29 191 23) 
(29 194 5) 
(29 195 41) 
(29 196 35) 
(29 197 42) 
(29 198 43) 
(29 199 11) 
(30 0 50) 
(30 1 43) 
(30 3 4) 
(30 4 24) 
(30 5 49) 
(30 7 30) 
(30 8 29) 
(30 9 48) 
(30 10 11) 
(30 12 9) 
(30 13 36) 
(30 14 24) 
(30 15 31) 
(30 16 38) 
(30 17 27) 
(30 18 44) 
(30 19 21) 
(30 20 11) 
(30 22 27) 
(30 23 36) 
(30 25 7) 
(30 26 26) 
(30 27 42) 
(30 28 45) 
(30 29 23) 
(30 31 3) 
(30 32 43) 
(30 34 17) 
(30 35 49) 
(30 36 12) 
(30 37 44) 
(30 38 1) 
(30 41 44) 
(30 42 32) 
(30 43 28) 
(30 44 46) 
(30 45 39) 
(30 47 6) 
(30 48 27) 
(30 49 38) 
(30 50 28) 
(30 52 4) 
(30 54 44) 
(30 55 3) 
(30 56 49) 
(30 57 16) 
(30 58 39) 
(30 59 18) 
(30 61 7) 
(30 62 25) 
(30 64 4) 
(30 65 3) 
(30 66 4) 
(30 68 37) 
(30 69 33) 
(30 70 5) 
(30 71 11) 
(30 73 34) 
(30 74 33) 
(30 76 29) 
(30 77 30) 
(30 79 50) 
(30 80 37) 
(30 81 28) 
(30 82 2) 
(30 84 16) 
(30 85 35) 
(30 86 43) 
(30 87 38) 
(30 88 9) 
(30 90 4) 
(30 92 29) 
(30 94 25) 
(30 95 49) 
(30 96 47) 
(30 97 7) 
(30 98 31) 
(30 99 20) 
(30 100 25) 
(30 101 50) 
(30 102 13) 
(30 104 36) 
(30 105 35) 
(30 107 18) 
(30 108 35) 
(30 109 30) 
(30 111 39) 
(30 118 3) 
(30 119 11) 
(30 120 50) 
(30 121 50) 
(30 123 27) 
(30 124 29) 
(30 128 7) 
(30 129 4) 
(30 132 12) 
(30 134 19) 
(30 135 47) 
(30 136 45) 
(30 138 15) 
(30 140 45) 
(30 141 13) 
(30 142 43) 
(30 143 44) 
(30 146 17) 
(30 147 18) 
(30 149 32) 
(30 151 15) 
(30 155 23) 
(30 157 10) 
(30 158 30) 
(30 159 41) 
(30 160 12) 
(30 161 6) 
(30 162 26) 
(30 163 32) 
(30 164 11) 
(30 166 47) 
(30 167 7) 
(30 168 26) 
(30 169 17) 
(30 171 2) 
(30 172 49) 
(30 174 21) 
(30 176 27) 
(30 177 5) 
(30 178 4) 
(30 179 5) 
(30 180 15) 
(30 182 22) 
(30 184 44) 
(30 185 16) 
(30 186 27) 
(30 187 38) 
(30 189 12) 
(30 190 2) 
(30 192 49) 
(30 194 37) 
(30 195 41) 
(30 197 33) 
(30 198 11) 
(30 199 36) 
(31 0 47) 
(31 1 27) 
(31 2 6) 
(31 3 34) 
(31 4 9) 
(31 5 41) 
(31 6 41) 
(31 7 16) 
(31 8 22) 
(31 9 46) 
(31 11 8) 
(31 12 46) 
(31 13 25) 
(31 14 34) 
(31 15 49) 
(31 16 1) 
(31 17 37) 
(31 18 19) 
(31 20 48) 
(31 21 7) 
(31 22 2) 
(31 23 15) 
(31 25 10) 
(31 26 11) 
(31 29 45) 
(31 30 19) 
(31 32 33) 
(31 33 19) 
(31 34 7) 
(31 35 41) 
(31 36 6) 
(31 37 29) 
(31 39 26) 
(31 40 20) 
(31 41 50) 
(31 42 49) 
(31 43 31) 
(31 44 37) 
(31 46 19) 
(31 48 20) 
(31 49 25) 
(31 50 19) 
(31 53 18) 
(31 54 5) 
(31 55 35) 
(31 56 28) 
(31 57 42) 
(31 58 45) 
(31 60 1) 
(31 61 31) 
(31 64 32) 
(31 66 11) 
(31 67 25) 
(31 69 43) 
(31 70 47) 
(31 71 13) 
(31 72 40) 
(31 73 30) 
(31 74 49) 
(31 75 36) 
(31 76 19) 
(31 77 43) 
(31 78 30) 
(31 79 8) 
(31 80 32) 
(31 81 21) 
(31 82 28) 
(31 83 46) 
(31 84 23) 
(31 85 7) 
(31 87 5) 
(31 88 39) 
(31 90 26) 
(31 91 3) 
(31 92 39) 
(31 93 28) 
(31 94 2) 
(31 96 3) 
(31 98 39) 
(31 100 45) 
(31 101 3) 
(31 102 3) 
(31 103 12) 
(31 104 40) 
(31 106 35) 
(31 107 48) 
(31 108 34) 
(31 112 35) 
(31 113 37) 
(31 114 11) 
(31 115 12) 
(31 117 29) 
(31 118 33) 
(31 119 47) 
(31 121 10) 
(31 122 29) 
(31 123 35) 
(31 124 33) 
(31 126 16) 
(31 127 7) 
(31 128 36) 
(31 129 26) 
(31 130 10) 
(31 133 35) 
(31 136 35) 
(31 137 32) 
(31 138 37) 
(31 139 41) 
(31 141 38) 
(31 142 45) 
(31 144 8) 
(31 145 32) 
(31 146 32) 
(31 148 49) 
(31 149 3) 
(31 150 19) 
(31 151 21) 
(31 152 23) 
(31 153 3) 
(31 155 14) 
(31 156 31) 
(31 157 19) 
(31 158 4) 
(31 159 10) 
(31 160 1) 
(31 161 48) 
(31 162 49) 
(31 163 8) 
(31 165 33) 
(31 168 25) 
(31 169 28) 
(31 171 6) 
(31 173 16) 
(31 175 30) 
(31 177 49) 
(31 178 26) 
(31 180 8) 
(31 181 2) 
(31 183 33) 
(31 184 13) 
(31 185 44) 
(31 186 37) 
(31 187 21) 
(31 188 42) 
(31 189 12) 
(31 191 26) 
(31 192 38) 
(31 194 16) 
(31 195 1) 
(31 197 45) 
(31 198 13) 
(31 199 11) 
(32 1 11) 
(32 2 6) 
(32 3 15) 
(32 5 41) 
(32 6 19) 
(32 7 25) 
(32 8 45) 
(32 9 33) 
(32 12 16) 
(32 13 42) 
(32 14 10) 
(32 15 21) 
(32 16 23) 
(32 17 26) 
(32 19 35) 
(32 20 23) 
(32 21 41) 
(32 22 16) 
(32 23 36) 
(32 25 45) 
(32 27 38) 
(32 28 46) 
(32 29 8) 
(32 30 50) 
(32 31 41) 
(32 33 27) 
(32 35 23) 
(32 36 39) 
(32 38 14) 
(32 40 26) 
(32 44 29) 
(32 47 19) 
(32 48 41) 
(32 49 26) 
(32 50 6) 
(32 51 16) 
(32 54 44) 
(32 55 29) 
(32 56 44) 
(32 57 25) 
(32 58 40) 
(32 59 3) 
(32 60 37) 
(32 62 27) 
(32 63 28) 
(32 64 23) 
(32 66 3) 
(32 67 40) 
(32 68 34) 
(32 69 11) 
(32 70 11) 
(32 71 48) 
(32 73 39) 
(32 74 18) 
(32 75 9) 
(32 76 12) 
(32 77 36) 
(32 78 50) 
(32 79 3) 
(32 81 35) 
(32 83 43) 
(32 84 24) 
(32 85 47) 
(32 86 30) 
(32 87 36) 
(32 88 30) 
(32 89 50) 
(32 90 9) 
(32 91 6) 
(32 92 18) 
(32 93 33) 
(32 95 49) 
(32 96 24) 
(32 97 17) 
(32 99 4) 
(32 100 28) 
(32 101 18) 
(32 102 33) 
(32 103 32) 
(32 104 50) 
(32 105 42) 
(32 106 15) 
(32 107 44) 
(32 110 33) 
(32 111 32) 
(32 113 14) 
(32 114 45) 
(32 115 28) 
(32 116 11) 
(32 117 15) 
(32 119 50) 
(32 121 32) 
(32 123 32) 
(32 124 14) 
(32 125 26) 
(32 126 35) 
(32 129 46) 
(32 130 28) 
(32 131 12) 
(32 132 7) 
(32 134 26) 
(32 135 14) 
(32 136 38) 
(32 138 40) 
(32 139 21) 
(32 140 8) 
(32 141 45) 
(32 143 18) 
(32 144 1) 
(32 146 28) 
(32 147 47) 
(32 148 7) 
(32 149 1) 
(32 150 11) 
(32 152 38) 
(32 155 21) 
(32 157 41) 
(32 158 31) 
(32 159 20) 
(32 160 37) 
(32 161 29) 
(32 162 20) 
(32 164 33) 
(32 165 7) 
(32 166 32) 
(32 168 19) 
(32 169 20) 
(32 170 37) 
(32 171 41) 
(32 172 46) 
(32 173 35) 
(32 174 3) 
(32 175 17) 
(32 176 32) 
(32 177 37) 
(32 179 8) 
(32 180 16) 
(32 182 21) 
(32 183 12) 
(32 184 43) 
(32 188 47) 
(32 189 8) 
(32 190 15) 
(32 192 49) 
(32 194 24) 
(32 195 42) 
(32 196 40) 
(32 197 46) 
(32 198 38) 
(32 199 31) 
(33 0 2) 
(33 2 20) 
(33 3 30) 
(33 4 50) 
(33 5 26) 
(33 6 15) 
(33 7 26) 
(33 8 9) 
(33 9 50) 
(33 10 43) 
(33 12 37) 
(33 14 15) 
(33 15 22) 
(33 17 2) 
(33 18 31) 
(33 19 23) 
(33 20 17) 
(33 21 20) 
(33 22 44) 
(33 24 30) 
(33 27 43) 
(33 29 28) 
(33 32 40) 
(33 34 2) 
(33 35 21) 
(33 36 11) 
(33 39 29) 
(33 40 31) 
(33 41 45) 
(33 42 33) 
(33 45 32) 
(33 46 2) 
(33 47 9) 
(33 48 16) 
(33 49 14) 
(33 50 43) 
(33 54 24) 
(33 57 43) 
(33 60 1) 
(33 61 3) 
(33 62 42) 
(33 63 8) 
(33 64 1) 
(33 66 10) 
(33 68 40) 
(33 69 49) 
(33 70 9) 
(33 72 24) 
(33 73 18) 
(33 74 41) 
(33 77 13) 
(33 78 9) 
(33 79 21) 
(33 80 23) 
(33 81 14) 
(33 82 11) 
(33 83 43) 
(33 84 6) 
(33 86 34) 
(33 87 41) 
(33 88 22) 
(33 89 44) 
(33 90 1) 
(33 91 10) 
(33 92 16) 
(33 93 29) 
(33 94 28) 
(33 95 38) 
(33 96 15) 
(33 97 38) 
(33 98 16) 
(33 99 10) 
(33 100 29) 
(33 101 7) 
(33 104 50) 
(33 105 44) 
(33 106 8) 
(33 107 30) 
(33 108 7) 
(33 109 15) 
(33 111 42) 
(33 112 20) 
(33 113 16) 
(33 115 47) 
(33 116 8) 
(33 117 17) 
(33 118 44) 
(33 119 15) 
(33 120 8) 
(33 121 16) 
(33 123 37) 
(33 124 36) 
(33 125 46) 
(33 126 24) 
(33 127 17) 
(33 128 19) 
(33 129 49) 
(33 130 41) 
(33 131 15) 
(33 132 28) 
(33 133 42) 
(33 135 21) 
(33 136 29) 
(33 138 10) 
(33 139 20) 
(33 144 35) 
(33 146 17) 
(33 148 50) 
(33 149 44) 
(33 152 9) 
(33 153 39) 
(33 154 5) 
(33 155 15) 
(33 156 50) 
(33 158 1) 
(33 161 19) 
(33 162 12) 
(33 163 24) 
(33 164 14) 
(33 165 24) 
(33 166 38) 
(33 167 28) 
(33 168 1) 
(33 170 35) 
(33 171 41) 
(33 172 31) 
(33 173 40) 
(33 174 47) 
(33 175 46) 
(33 176 50) 
(33 177 40) 
(33 178 34) 
(33 179 43) 
(33 181 12) 
(33 183 47) 
(33 184 29) 
(33 186 20) 
(33 188 35) 
(33 189 47) 
(33 190 7) 
(33 191 40) 
(33 192 5) 
(33 193 32) 
(33 194 20) 
(33 195 2) 
(33 196 11) 
(33 197 11) 
(33 199 4) 
(34 0 22) 
(34 1 7) 
(34 2 13) 
(34 3 24) 
(34 4 11) 
(34 5 14) 
(34 6 6) 
(34 7 13) 
(34 9 29) 
(34 10 28) 
(34 14 43) 
(34 15 39) 
(34 17 28) 
(34 18 16) 
(34 19 40) 
(34 20 46) 
(34 21 17) 
(34 23 6) 
(34 24 23) 
(34 25 10) 
(34 26 45) 
(34 27 30) 
(34 32 6) 
(34 33 31) 
(34 35 29) 
(34 36 14) 
(34 40 34) 
(34 41 35) 
(34 42 24) 
(34 43 9) 
(34 44 12) 
(34 45 34) 
(34 46 18) 
(34 47 3) 
(34 48 28) 
(34 49 13) 
(34 50 36) 
(34 51 19) 
(34 52 39) 
(34 53 10) 
(34 54 43) 
(34 55 3) 
(34 56 3) 
(34 57 12) 
(34 58 38) 
(34 61 22) 
(34 62 11) 
(34 63 35) 
(34 64 27) 
(34 65 17) 
(34 67 32) 
(34 69 4) 
(34 70 38) 
(34 71 34) 
(34 72 30) 
(34 74 22) 
(34 75 41) 
(34 77 20) 
(34 78 7) 
(34 79 6) 
(34 82 19) 
(34 83 3) 
(34 85 12) 
(34 86 13) 
(34 88 19) 
(34 89 43) 
(34 90 11) 
(34 91 23) 
(34 92 49) 
(34 93 48) 
(34 94 35) 
(34 96 44) 
(34 98 4) 
(34 100 18) 
(34 101 25) 
(34 104 44) 
(34 105 27) 
(34 106 5) 
(34 107 46) 
(34 108 39) 
(34 109 42) 
(34 110 44) 
(34 111 9) 
(34 112 1) 
(34 113 5) 
(34 114 35) 
(34 115 40) 
(34 116 31) 
(34 117 47) 
(34 118 47) 
(34 119 44) 
(34 120 20) 
(34 121 39) 
(34 122 44) 
(34 123 50) 
(34 124 1) 
(34 125 17) 
(34 126 32) 
(34 127 33) 
(34 128 25) 
(34 129 7) 
(34 130 36) 
(34 131 30) 
(34 132 10) 
(34 133 30) 
(34 134 28) 
(34 136 5) 
(34 137 33) 
(34 138 47) 
(34 139 45) 
(34 140 3) 
(34 142 17) 
(34 143 30) 
(34 144 16) 
(34 147 29) 
(34 148 24) 
(34 149 22) 
(34 150 7) 
(34 151 30) 
(34 152 21) 
(34 153 6) 
(34 156 31) 
(34 157 26) 
(34 158 11) 
(34 159 38) 
(34 160 14) 
(34 161 33) 
(34 164 29) 
(34 166 48) 
(34 168 20) 
(34 169 31) 
(34 170 39) 
(34 171 33) 
(34 172 13) 
(34 173 11) 
(34 175 9) 
(34 176 4) 
(34 177 28) 
(34 178 10) 
(34 179 47) 
(34 180 20) 
(34 181 3) 
(34 182 14) 
(34 183 36) 
(34 184 16) 
(34 186 13) 
(34 187 9) 
(34 188 44) 
(34 189 46) 
(34 191 15) 
(34 192 1) 
(34 193 47) 
(34 195 34) 
(34 196 36) 
(34 197 10) 
(34 198 49) 
(34 199 20) 
(35 1 2) 
(35 3 44) 
(35 4 24) 
(35 5 42) 
(35 6 38) 
(35 7 29) 
(35 8 28) 
(35 9 44) 
(35 10 32) 
(35 11 8) 
(35 12 19) 
(35 13 35) 
(35 14 8) 
(35 15 18) 
(35 16 28) 
(35 17 28) 
(35 18 17) 
(35 21 14) 
(35 22 12) 
(35 23 38) 
(35 24 36) 
(35 25 5) 
(35 26 32) 
(35 28 50) 
(35 30 36) 
(35 31 28) 
(35 32 25) 
(35 33 2) 
(35 36 13) 
(35 38 36) 
(35 39 32) 
(35 40 18) 
(35 41 32) 
(35 42 1) 
(35 44 20) 
(35 45 32) 
(35 46 17) 
(35 47 28) 
(35 48 18) 
(35 50 38) 
(35 51 47) 
(35 52 16) 
(35 53 20) 
(35 54 44) 
(35 55 27) 
(35 56 24) 
(35 57 50) 
(35 58 33) 
(35 59 47) 
(35 60 10) 
(35 62 11) 
(35 63 29) 
(35 64 11) 
(35 65 24) 
(35 66 13) 
(35 67 6) 
(35 68 11) 
(35 69 34) 
(35 70 2) 
(35 71 10) 
(35 72 34) 
(35 73 41) 
(35 74 24) 
(35 75 18) 
(35 77 49) 
(35 78 49) 
(35 79 35) 
(35 80 6) 
(35 81 22) 
(35 82 3) 
(35 83 36) 
(35 84 47) 
(35 85 14) 
(35 86 29) 
(35 89 42) 
(35 91 44) 
(35 92 37) 
(35 94 35) 
(35 95 4) 
(35 96 34) 
(35 98 45) 
(35 99 17) 
(35 100 3) 
(35 101 22) 
(35 102 34) 
(35 104 6) 
(35 105 49) 
(35 106 8) 
(35 107 41) 
(35 108 47) 
(35 110 14) 
(35 111 35) 
(35 112 31) 
(35 113 33) 
(35 115 5) 
(35 116 36) 
(35 117 2) 
(35 118 49) 
(35 120 41) 
(35 121 33) 
(35 122 47) 
(35 123 3) 
(35 124 49) 
(35 125 9) 
(35 126 45) 
(35 127 42) 
(35 128 49) 
(35 131 27) 
(35 132 19) 
(35 134 6) 
(35 135 31) 
(35 138 17) 
(35 139 36) 
(35 140 12) 
(35 141 24) 
(35 142 47) 
(35 143 3) 
(35 144 34) 
(35 145 16) 
(35 146 37) 
(35 150 39) 
(35 151 49) 
(35 153 1) 
(35 154 41) 
(35 155 18) 
(35 157 7) 
(35 160 10) 
(35 161 37) 
(35 162 13) 
(35 163 6) 
(35 164 49) 
(35 165 27) 
(35 166 30) 
(35 168 17) 
(35 169 39) 
(35 170 23) 
(35 171 11) 
(35 172 18) 
(35 173 38) 
(35 174 41) 
(35 180 22) 
(35 181 32) 
(35 182 19) 
(35 184 2) 
(35 185 49) 
(35 186 43) 
(35 187 8) 
(35 188 14) 
(35 190 13) 
(35 193 50) 
(35 194 21) 
(35 196 18) 
(35 198 31) 
(35 199 26) 
(36 0 40) 
(36 1 34) 
(36 2 17) 
(36 4 3) 
(36 5 20) 
(36 6 33) 
(36 7 42) 
(36 8 19) 
(36 9 17) 
(36 11 2) 
(36 12 4) 
(36 14 43) 
(36 15 49) 
(36 17 12) 
(36 18 9) 
(36 19 34) 
(36 20 29) 
(36 21 34) 
(36 23 36) 
(36 25 43) 
(36 26 4) 
(36 27 28) 
(36 28 15) 
(36 29 38) 
(36 30 9) 
(36 31 27) 
(36 32 1) 
(36 33 17) 
(36 34 24) 
(36 35 45) 
(36 37 8) 
(36 38 15) 
(36 39 37) 
(36 40 49) 
(36 41 42) 
(36 42 20) 
(36 43 7) 
(36 44 5) 
(36 46 50) 
(36 47 36) 
(36 48 29) 
(36 49 38) 
(36 51 8) 
(36 52 25) 
(36 53 18) 
(36 54 37) 
(36 55 11) 
(36 56 34) 
(36 57 48) 
(36 58 13) 
(36 60 15) 
(36 61 43) 
(36 62 39) 
(36 63 48) 
(36 66 13) 
(36 67 33) 
(36 68 49) 
(36 73 31) 
(36 74 19) 
(36 75 16) 
(36 77 13) 
(36 78 1) 
(36 79 14) 
(36 80 49) 
(36 82 1) 
(36 83 46) 
(36 85 35) 
(36 86 49) 
(36 87 37) 
(36 88 48) 
(36 89 8) 
(36 90 46) 
(36 92 6) 
(36 93 26) 
(36 94 30) 
(36 96 36) 
(36 98 44) 
(36 99 19) 
(36 100 24) 
(36 101 18) 
(36 102 42) 
(36 103 21) 
(36 104 12) 
(36 105 7) 
(36 106 38) 
(36 107 6) 
(36 108 46) 
(36 110 10) 
(36 112 18) 
(36 113 21) 
(36 114 22) 
(36 115 47) 
(36 116 39) 
(36 117 30) 
(36 118 1) 
(36 119 33) 
(36 120 4) 
(36 121 26) 
(36 122 40) 
(36 123 29) 
(36 126 34) 
(36 128 26) 
(36 130 50) 
(36 131 25) 
(36 132 23) 
(36 133 23) 
(36 134 17) 
(36 135 30) 
(36 136 24) 
(36 137 16) 
(36 138 14) 
(36 141 22) 
(36 142 43) 
(36 143 21) 
(36 144 43) 
(36 145 20) 
(36 146 6) 
(36 147 34) 
(36 149 27) 
(36 150 46) 
(36 154 44) 
(36 155 36) 
(36 157 23) 
(36 159 8) 
(36 160 5) 
(36 161 26) 
(36 162 46) 
(36 163 28) 
(36 164 24) 
(36 165 20) 
(36 166 25) 
(36 169 7) 
(36 170 35) 
(36 171 38) 
(36 172 46) 
(36 173 48) 
(36 174 12) 
(36 176 2) 
(36 177 31) 
(36 178 9) 
(36 179 1) 
(36 180 48) 
(36 184 41) 
(36 186 34) 
(36 187 17) 
(36 189 38) 
(36 190 22) 
(36 192 3) 
(36 193 29) 
(36 195 2) 
(36 196 36) 
(36 197 38) 
(36 198 44) 
(37 1 37) 
(37 3 39) 
(37 4 43) 
(37 5 42) 
(37 6 44) 
(37 7 15) 
(37 8 2) 
(37 9 11) 
(37 10 47) 
(37 11 7) 
(37 12 5) 
(37 13 2) 
(37 14 45) 
(37 16 16) 
(37 18 38) 
(37 19 45) 
(37 20 23) 
(37 21 16) 
(37 22 6) 
(37 24 18) 
(37 25 45) 
(37 26 8) 
(37 27 10) 
(37 28 38) 
(37 29 24) 
(37 31 39) 
(37 32 21) 
(37 33 50) 
(37 34 31) 
(37 35 23) 
(37 36 26) 
(37 38 38) 
(37 39 18) 
(37 40 14) 
(37 41 31) 
(37 43 28) 
(37 44 23) 
(37 45 16) 
(37 46 38) 
(37 47 21) 
(37 49 14) 
(37 50 12) 
(37 51 37) 
(37 52 45) 
(37 55 49) 
(37 57 14) 
(37 58 3) 
(37 59 5) 
(37 60 45) 
(37 61 27) 
(37 63 50) 
(37 64 16) 
(37 67 23) 
(37 68 32) 
(37 69 39) 
(37 70 39) 
(37 72 25) 
(37 74 45) 
(37 75 15) 
(37 76 34) 
(37 77 4) 
(37 78 30) 
(37 79 35) 
(37 80 37) 
(37 81 2) 
(37 82 21) 
(37 83 26) 
(37 84 7) 
(37 85 28) 
(37 86 13) 
(37 87 38) 
(37 88 46) 
(37 89 6) 
(37 90 4) 
(37 92 43) 
(37 93 47) 
(37 96 3) 
(37 97 29) 
(37 98 12) 
(37 100 34) 
(37 101 34) 
(37 102 36) 
(37 104 21) 
(37 105 19) 
(37 106 2) 
(37 107 16) 
(37 110 17) 
(37 111 43) 
(37 113 10) 
(37 116 23) 
(37 118 26) 
(37 119 48) 
(37 120 27) 
(37 121 49) 
(37 122 45) 
(37 124 48) 
(37 125 44) 
(37 127 4) 
(37 129 7) 
(37 130 23) 
(37 131 36) 
(37 133 37) 
(37 136 37) 
(37 137 50) 
(37 138 29) 
(37 140 12) 
(37 141 33) 
(37 143 44) 
(37 144 14) 
(37 146 44) 
(37 149 36) 
(37 151 47) 
(37 152 46) 
(37 153 1) 
(37 154 16) 
(37 155 16) 
(37 156 34) 
(37 159 50) 
(37 160 9) 
(37 162 19) 
(37 164 32) 
(37 167 12) 
(37 168 33) 
(37 169 18) 
(37 170 6) 
(37 171 22) 
(37 172 12) 
(37 173 41) 
(37 174 29) 
(37 175 17) 
(37 176 34) 
(37 177 50) 
(37 179 7) 
(37 180 41) 
(37 181 38) 
(37 183 5) 
(37 184 47) 
(37 185 23) 
(37 186 23) 
(37 187 38) 
(37 189 19) 
(37 190 39) 
(37 191 24) 
(37 192 3) 
(37 195 47) 
(37 196 35) 
(37 197 1) 
(37 198 8) 
(37 199 21) 
(38 0 42) 
(38 1 48) 
(38 5 32) 
(38 6 30) 
(38 9 8) 
(38 11 21) 
(38 12 44) 
(38 14 17) 
(38 15 34) 
(38 16 2) 
(38 17 42) 
(38 18 35) 
(38 19 45) 
(38 20 11) 
(38 21 7) 
(38 22 46) 
(38 23 40) 
(38 24 30) 
(38 25 7) 
(38 26 16) 
(38 29 17) 
(38 30 19) 
(38 31 2) 
(38 33 46) 
(38 34 35) 
(38 35 2) 
(38 39 27) 
(38 40 18) 
(38 41 29) 
(38 43 39) 
(38 44 46) 
(38 46 16) 
(38 48 44) 
(38 50 32) 
(38 51 45) 
(38 52 24) 
(38 53 9) 
(38 55 30) 
(38 56 6) 
(38 57 16) 
(38 58 46) 
(38 60 36) 
(38 61 18) 
(38 62 28) 
(38 63 6) 
(38 64 21) 
(38 67 44) 
(38 68 32) 
(38 69 49) 
(38 70 7) 
(38 71 44) 
(38 72 33) 
(38 73 24) 
(38 74 16) 
(38 75 13) 
(38 76 33) 
(38 77 29) 
(38 78 25) 
(38 79 16) 
(38 80 49) 
(38 82 36) 
(38 83 43) 
(38 84 12) 
(38 85 8) 
(38 86 14) 
(38 87 40) 
(38 88 4) 
(38 89 9) 
(38 90 38) 
(38 91 1) 
(38 92 23) 
(38 93 3) 
(38 94 5) 
(38 95 36) 
(38 96 22) 
(38 97 14) 
(38 98 20) 
(38 101 2) 
(38 104 26) 
(38 106 17) 
(38 109 37) 
(38 110 38) 
(38 111 14) 
(38 114 50) 
(38 115 16) 
(38 116 50) 
(38 117 13) 
(38 118 39) 
(38 119 11) 
(38 120 32) 
(38 122 8) 
(38 123 6) 
(38 124 15) 
(38 125 29) 
(38 127 4) 
(38 129 46) 
(38 132 8) 
(38 133 35) 
(38 135 23) 
(38 136 26) 
(38 137 46) 
(38 140 18) 
(38 141 36) 
(38 142 27) 
(38 144 3) 
(38 145 43) 
(38 147 21) 
(38 148 25) 
(38 150 18) 
(38 151 1) 
(38 152 30) 
(38 153 10) 
(38 154 38) 
(38 156 45) 
(38 158 34) 
(38 159 20) 
(38 160 14) 
(38 161 41) 
(38 162 49) 
(38 163 47) 
(38 164 45) 
(38 166 1) 
(38 168 2) 
(38 171 7) 
(38 172 25) 
(38 174 47) 
(38 175 32) 
(38 177 49) 
(38 178 37) 
(38 179 31) 
(38 181 5) 
(38 182 44) 
(38 183 15) 
(38 184 49) 
(38 185 32) 
(38 186 27) 
(38 187 36) 
(38 188 17) 
(38 189 47) 
(38 190 38) 
(38 193 48) 
(38 194 38) 
(38 195 15) 
(38 196 30) 
(38 197 14) 
(38 198 33) 
(38 199 6) 
(39 0 3) 
(39 1 1) 
(39 2 27) 
(39 4 4) 
(39 5 9) 
(39 7 7) 
(39 9 11) 
(39 10 2) 
(39 11 14) 
(39 12 6) 
(39 13 10) 
(39 14 36) 
(39 15 44) 
(39 18 49) 
(39 19 14) 
(39 20 24) 
(39 21 19) 
(39 23 19) 
(39 24 26) 
(39 26 21) 
(39 27 42) 
(39 28 9) 
(39 29 37) 
(39 30 33) 
(39 31 31) 
(39 32 14) 
(39 37 39) 
(39 38 22) 
(39 40 39) 
(39 44 40) 
(39 45 22) 
(39 46 12) 
(39 47 2) 
(39 48 31) 
(39 49 40) 
(39 50 34) 
(39 51 16) 
(39 52 4) 
(39 53 3) 
(39 54 13) 
(39 55 14) 
(39 56 19) 
(39 57 41) 
(39 59 23) 
(39 62 41) 
(39 64 40) 
(39 65 19) 
(39 66 42) 
(39 68 9) 
(39 69 35) 
(39 70 43) 
(39 71 35) 
(39 72 42) 
(39 74 42) 
(39 75 9) 
(39 76 50) 
(39 77 33) 
(39 78 12) 
(39 79 31) 
(39 80 8) 
(39 81 8) 
(39 83 2) 
(39 86 19) 
(39 87 36) 
(39 89 40) 
(39 90 44) 
(39 91 30) 
(39 92 25) 
(39 93 6) 
(39 94 22) 
(39 95 23) 
(39 96 22) 
(39 97 48) 
(39 98 27) 
(39 99 13) 
(39 100 25) 
(39 101 42) 
(39 102 12) 
(39 103 26) 
(39 104 12) 
(39 105 25) 
(39 107 22) 
(39 110 25) 
(39 111 6) 
(39 112 4) 
(39 113 26) 
(39 114 24) 
(39 116 4) 
(39 117 32) 
(39 118 48) 
(39 119 2) 
(39 120 19) 
(39 121 11) 
(39 122 20) 
(39 123 7) 
(39 126 14) 
(39 127 1) 
(39 129 16) 
(39 130 7) 
(39 131 19) 
(39 132 16) 
(39 133 22) 
(39 134 9) 
(39 135 44) 
(39 137 50) 
(39 138 18) 
(39 139 43) 
(39 140 10) 
(39 142 3) 
(39 143 39) 
(39 144 8) 
(39 146 46) 
(39 147 27) 
(39 148 19) 
(39 149 48) 
(39 151 31) 
(39 152 37) 
(39 153 1) 
(39 155 32) 
(39 157 13) 
(39 158 35) 
(39 159 17) 
(39 160 48) 
(39 161 8) 
(39 163 7) 
(39 164 10) 
(39 165 23) 
(39 166 15) 
(39 168 28) 
(39 169 2) 
(39 171 7) 
(39 172 39) 
(39 173 1) 
(39 174 22) 
(39 175 27) 
(39 176 6) 
(39 179 4) 
(39 180 48) 
(39 182 43) 
(39 183 23) 
(39 187 25) 
(39 189 49) 
(39 190 23) 
(39 192 20) 
(39 193 9) 
(39 194 21) 
(39 195 38) 
(39 196 28) 
(39 197 27) 
(39 198 25) 
(39 199 14) 
(40 2 31) 
(40 3 30) 
(40 4 14) 
(40 6 38) 
(40 7 7) 
(40 8 30) 
(40 10 8) 
(40 11 46) 
(40 13 16) 
(40 14 38) 
(40 15 19) 
(40 17 42) 
(40 18 19) 
(40 19 19) 
(40 21 34) 
(40 23 14) 
(40 25 14) 
(40 26 28) 
(40 28 32) 
(40 29 31) 
(40 31 26) 
(40 33 30) 
(40 34 9) 
(40 35 43) 
(40 37 29) 
(40 38 15) 
(40 39 17) 
(40 42 11) 
(40 43 4) 
(40 44 3) 
(40 45 23) 
(40 46 7) 
(40 47 29) 
(40 48 21) 
(40 49 21) 
(40 50 12) 
(40 51 14) 
(40 52 7) 
(40 53 14) 
(40 56 47) 
(40 57 22) 
(40 59 25) 
(40 61 50) 
(40 62 32) 
(40 63 49) 
(40 64 20) 
(40 65 13) 
(40 66 13) 
(40 67 15) 
(40 68 25) 
(40 69 50) 
(40 70 10) 
(40 72 26) 
(40 73 29) 
(40 74 45) 
(40 76 37) 
(40 77 21) 
(40 79 17) 
(40 82 1) 
(40 83 50) 
(40 84 39) 
(40 85 18) 
(40 86 16) 
(40 87 15) 
(40 88 3) 
(40 89 36) 
(40 90 36) 
(40 91 32) 
(40 92 21) 
(40 94 26) 
(40 96 35) 
(40 97 22) 
(40 98 19) 
(40 99 8) 
(40 100 13) 
(40 101 8) 
(40 102 4) 
(40 103 15) 
(40 104 16) 
(40 105 31) 
(40 106 41) 
(40 107 18) 
(40 109 30) 
(40 110 25) 
(40 111 39) 
(40 112 39) 
(40 114 9) 
(40 115 16) 
(40 116 27) 
(40 117 19) 
(40 118 22) 
(40 119 7) 
(40 120 22) 
(40 121 5) 
(40 122 36) 
(40 123 33) 
(40 124 38) 
(40 125 30) 
(40 126 25) 
(40 127 10) 
(40 128 47) 
(40 131 44) 
(40 133 15) 
(40 134 33) 
(40 135 27) 
(40 137 49) 
(40 138 42) 
(40 139 33) 
(40 140 9) 
(40 141 17) 
(40 142 47) 
(40 143 42) 
(40 144 42) 
(40 145 16) 
(40 147 8) 
(40 148 42) 
(40 149 6) 
(40 150 15) 
(40 152 26) 
(40 153 5) 
(40 154 24) 
(40 156 27) 
(40 158 6) 
(40 159 34) 
(40 160 45) 
(40 161 20) 
(40 162 12) 
(40 164 23) 
(40 165 31) 
(40 166 27) 
(40 169 31) 
(40 170 41) 
(40 173 8) 
(40 175 29) 
(40 176 36) 
(40 178 35) 
(40 179 49) 
(40 180 6) 
(40 181 37) 
(40 182 24) 
(40 183 29) 
(40 184 3) 
(40 185 24) 
(40 186 15) 
(40 187 1) 
(40 188 12) 
(40 189 11) 
(40 190 12) 
(40 192 7) 
(40 193 27) 
(40 194 33) 
(40 195 35) 
(40 196 46) 
(40 197 50) 
(40 198 19) 
(40 199 44) 
(41 0 18) 
(41 2 38) 
(41 4 50) 
(41 5 14) 
(41 7 20) 
(41 9 10) 
(41 10 30) 
(41 11 32) 
(41 12 1) 
(41 14 6) 
(41 15 5) 
(41 16 12) 
(41 17 19) 
(41 19 18) 
(41 20 11) 
(41 21 36) 
(41 22 6) 
(41 23 16) 
(41 25 39) 
(41 26 18) 
(41 28 12) 
(41 30 10) 
(41 31 22) 
(41 34 16) 
(41 36 26) 
(41 37 50) 
(41 40 40) 
(41 44 49) 
(41 45 48) 
(41 46 41) 
(41 47 21) 
(41 49 3) 
(41 50 23) 
(41 52 25) 
(41 53 31) 
(41 54 39) 
(41 55 20) 
(41 56 31) 
(41 57 15) 
(41 58 15) 
(41 59 33) 
(41 60 39) 
(41 62 49) 
(41 63 42) 
(41 66 7) 
(41 67 18) 
(41 68 39) 
(41 69 2) 
(41 70 25) 
(41 72 25) 
(41 73 41) 
(41 75 38) 
(41 77 45) 
(41 78 46) 
(41 79 2) 
(41 80 7) 
(41 81 14) 
(41 82 29) 
(41 83 44) 
(41 85 13) 
(41 89 39) 
(41 90 6) 
(41 91 11) 
(41 92 39) 
(41 93 25) 
(41 95 2) 
(41 97 41) 
(41 99 50) 
(41 100 19) 
(41 101 37) 
(41 102 43) 
(41 104 40) 
(41 105 33) 
(41 106 38) 
(41 107 11) 
(41 109 21) 
(41 110 8) 
(41 111 20) 
(41 113 39) 
(41 114 46) 
(41 115 6) 
(41 116 37) 
(41 117 23) 
(41 118 25) 
(41 122 41) 
(41 123 45) 
(41 124 24) 
(41 125 8) 
(41 126 28) 
(41 127 10) 
(41 128 36) 
(41 129 39) 
(41 130 27) 
(41 131 47) 
(41 132 32) 
(41 133 4) 
(41 134 22) 
(41 135 41) 
(41 136 26) 
(41 140 42) 
(41 142 44) 
(41 144 50) 
(41 145 14) 
(41 146 17) 
(41 147 14) 
(41 148 6) 
(41 149 11) 
(41 150 22) 
(41 151 18) 
(41 152 50) 
(41 153 43) 
(41 154 16) 
(41 155 43) 
(41 157 48) 
(41 158 28) 
(41 160 34) 
(41 161 11) 
(41 162 50) 
(41 165 23) 
(41 166 11) 
(41 167 30) 
(41 168 13) 
(41 169 23) 
(41 170 46) 
(41 173 22) 
(41 175 42) 
(41 176 33) 
(41 178 2) 
(41 179 23) 
(41 183 47) 
(41 184 28) 
(41 185 27) 
(41 186 45) 
(41 187 45) 
(41 188 41) 
(41 189 41) 
(41 190 30) 
(41 191 7) 
(41 192 11) 
(41 193 3) 
(41 195 7) 
(41 196 13) 
(41 197 28) 
(42 1 13) 
(42 2 48) 
(42 4 34) 
(42 6 27) 
(42 7 27) 
(42 8 9) 
(42 9 25) 
(42 10 12) 
(42 11 2) 
(42 12 36) 
(42 13 6) 
(42 14 35) 
(42 16 37) 
(42 17 14) 
(42 18 41) 
(42 19 22) 
(42 20 3) 
(42 21 48) 
(42 23 50) 
(42 24 27) 
(42 25 41) 
(42 26 1) 
(42 27 12) 
(42 29 14) 
(42 30 17) 
(42 31 49) 
(42 32 42) 
(42 33 36) 
(42 34 17) 
(42 35 50) 
(42 36 41) 
(42 37 5) 
(42 38 35) 
(42 39 11) 
(42 40 23) 
(42 41 10) 
(42 44 35) 
(42 45 20) 
(42 46 33) 
(42 49 6) 
(42 50 10) 
(42 52 20) 
(42 53 26) 
(42 54 43) 
(42 55 11) 
(42 56 45) 
(42 57 39) 
(42 58 30) 
(42 59 32) 
(42 60 11) 
(42 61 14) 
(42 62 19) 
(42 63 21) 
(42 64 29) 
(42 65 43) 
(42 66 5) 
(42 67 25) 
(42 68 44) 
(42 70 41) 
(42 71 16) 
(42 72 7) 
(42 73 27) 
(42 74 36) 
(42 75 4) 
(42 77 7) 
(42 78 37) 
(42 80 23) 
(42 81 46) 
(42 82 24) 
(42 83 36) 
(42 84 22) 
(42 85 42) 
(42 86 12) 
(42 87 23) 
(42 88 5) 
(42 89 40) 
(42 91 17) 
(42 92 35) 
(42 93 19) 
(42 94 23) 
(42 95 11) 
(42 96 14) 
(42 97 13) 
(42 99 50) 
(42 101 22) 
(42 102 32) 
(42 104 39) 
(42 106 50) 
(42 107 38) 
(42 108 42) 
(42 110 4) 
(42 111 37) 
(42 113 2) 
(42 114 45) 
(42 115 23) 
(42 116 25) 
(42 117 26) 
(42 119 36) 
(42 120 36) 
(42 121 20) 
(42 122 12) 
(42 123 46) 
(42 124 17) 
(42 125 1) 
(42 126 19) 
(42 127 6) 
(42 128 31) 
(42 129 36) 
(42 130 22) 
(42 132 18) 
(42 133 2) 
(42 134 46) 
(42 135 36) 
(42 136 50) 
(42 137 15) 
(42 138 33) 
(42 139 48) 
(42 141 46) 
(42 145 22) 
(42 146 37) 
(42 147 25) 
(42 149 21) 
(42 150 36) 
(42 151 41) 
(42 152 4) 
(42 153 18) 
(42 154 17) 
(42 155 8) 
(42 156 38) 
(42 157 4) 
(42 158 47) 
(42 159 5) 
(42 160 11) 
(42 161 22) 
(42 163 30) 
(42 165 43) 
(42 166 11) 
(42 167 22) 
(42 170 12) 
(42 171 41) 
(42 172 46) 
(42 173 13) 
(42 175 5) 
(42 176 31) 
(42 177 50) 
(42 178 44) 
(42 179 23) 
(42 180 47) 
(42 181 13) 
(42 184 2) 
(42 185 46) 
(42 186 24) 
(42 187 40) 
(42 188 9) 
(42 189 23) 
(42 190 38) 
(42 191 19) 
(42 192 11) 
(42 193 50) 
(42 194 31) 
(42 195 50) 
(42 197 43) 
(42 198 40) 
(43 0 2) 
(43 2 43) 
(43 3 19) 
(43 4 27) 
(43 5 6) 
(43 6 41) 
(43 7 40) 
(43 9 37) 
(43 10 25) 
(43 11 29) 
(43 12 48) 
(43 13 32) 
(43 14 19) 
(43 15 43) 
(43 16 49) 
(43 17 20) 
(43 18 28) 
(43 19 40) 
(43 20 25) 
(43 21 40) 
(43 23 48) 
(43 24 16) 
(43 25 28) 
(43 26 37) 
(43 27 32) 
(43 29 42) 
(43 30 6) 
(43 31 37) 
(43 32 49) 
(43 35 46) 
(43 36 42) 
(43 37 12) 
(43 38 21) 
(43 39 12) 
(43 40 35) 
(43 41 31) 
(43 42 42) 
(43 44 7) 
(43 45 36) 
(43 46 50) 
(43 47 44) 
(43 50 39) 
(43 51 2) 
(43 52 3) 
(43 53 21) 
(43 55 42) 
(43 57 44) 
(43 58 38) 
(43 59 13) 
(43 60 44) 
(43 61 21) 
(43 63 20) 
(43 64 14) 
(43 65 1) 
(43 68 49) 
(43 69 5) 
(43 70 48) 
(43 71 21) 
(43 72 27) 
(43 74 37) 
(43 77 32) 
(43 78 36) 
(43 79 46) 
(43 80 18) 
(43 81 50) 
(43 82 16) 
(43 83 37) 
(43 85 36) 
(43 86 50) 
(43 87 34) 
(43 88 21) 
(43 90 10) 
(43 91 2) 
(43 95 35) 
(43 96 27) 
(43 97 8) 
(43 99 45) 
(43 100 48) 
(43 101 42) 
(43 102 50) 
(43 103 11) 
(43 105 16) 
(43 107 49) 
(43 108 31) 
(43 109 46) 
(43 110 26) 
(43 111 44) 
(43 113 26) 
(43 117 35) 
(43 118 42) 
(43 120 40) 
(43 121 29) 
(43 122 9) 
(43 123 50) 
(43 124 38) 
(43 125 26) 
(43 126 43) 
(43 127 26) 
(43 128 18) 
(43 129 37) 
(43 130 9) 
(43 131 19) 
(43 133 36) 
(43 135 19) 
(43 136 45) 
(43 137 17) 
(43 138 18) 
(43 139 10) 
(43 141 10) 
(43 142 3) 
(43 143 1) 
(43 145 33) 
(43 146 45) 
(43 147 33) 
(43 150 42) 
(43 152 20) 
(43 153 13) 
(43 154 46) 
(43 155 6) 
(43 156 1) 
(43 157 28) 
(43 158 12) 
(43 159 27) 
(43 160 48) 
(43 161 26) 
(43 162 31) 
(43 163 17) 
(43 164 12) 
(43 165 22) 
(43 167 38) 
(43 168 9) 
(43 171 35) 
(43 172 5) 
(43 173 32) 
(43 174 10) 
(43 175 44) 
(43 176 38) 
(43 177 49) 
(43 178 13) 
(43 179 1) 
(43 180 13) 
(43 181 33) 
(43 182 26) 
(43 183 17) 
(43 185 35) 
(43 186 38) 
(43 187 48) 
(43 189 19) 
(43 190 15) 
(43 191 36) 
(43 193 7) 
(43 194 9) 
(43 197 47) 
(43 199 17) 
(44 0 8) 
(44 2 11) 
(44 3 37) 
(44 5 29) 
(44 9 21) 
(44 10 14) 
(44 11 1) 
(44 12 42) 
(44 17 28) 
(44 19 18) 
(44 20 22) 
(44 21 33) 
(44 22 24) 
(44 23 5) 
(44 25 16) 
(44 26 12) 
(44 28 31) 
(44 30 35) 
(44 31 48) 
(44 33 3) 
(44 34 40) 
(44 35 37) 
(44 37 2) 
(44 38 2) 
(44 40 30) 
(44 41 16) 
(44 43 42) 
(44 45 49) 
(44 46 7) 
(44 47 16) 
(44 48 27) 
(44 49 12) 
(44 50 25) 
(44 51 29) 
(44 52 29) 
(44 53 38) 
(44 54 14) 
(44 55 41) 
(44 56 13) 
(44 57 43) 
(44 58 18) 
(44 59 44) 
(44 60 6) 
(44 61 32) 
(44 62 43) 
(44 63 36) 
(44 64 27) 
(44 65 1) 
(44 67 46) 
(44 68 7) 
(44 70 27) 
(44 72 39) 
(44 73 50) 
(44 74 12) 
(44 76 42) 
(44 77 18) 
(44 78 23) 
(44 79 21) 
(44 80 39) 
(44 81 25) 
(44 82 7) 
(44 83 23) 
(44 85 28) 
(44 86 9) 
(44 87 14) 
(44 88 33) 
(44 90 49) 
(44 91 39) 
(44 94 12) 
(44 95 22) 
(44 96 22) 
(44 97 29) 
(44 98 37) 
(44 99 20) 
(44 100 3) 
(44 101 42) 
(44 102 23) 
(44 103 6) 
(44 104 45) 
(44 105 31) 
(44 106 31) 
(44 107 40) 
(44 108 6) 
(44 109 11) 
(44 110 33) 
(44 111 31) 
(44 112 3) 
(44 114 29) 
(44 116 17) 
(44 117 49) 
(44 119 21) 
(44 120 20) 
(44 121 38) 
(44 122 22) 
(44 123 40) 
(44 124 2) 
(44 126 11) 
(44 127 26) 
(44 129 27) 
(44 130 20) 
(44 131 7) 
(44 132 41) 
(44 133 21) 
(44 134 5) 
(44 135 30) 
(44 136 27) 
(44 137 49) 
(44 138 2) 
(44 139 47) 
(44 140 38) 
(44 141 8) 
(44 142 46) 
(44 143 14) 
(44 145 24) 
(44 147 25) 
(44 148 20) 
(44 149 11) 
(44 150 26) 
(44 151 17) 
(44 152 11) 
(44 153 43) 
(44 154 5) 
(44 155 19) 
(44 156 44) 
(44 157 39) 
(44 158 16) 
(44 159 29) 
(44 165 37) 
(44 166 19) 
(44 168 5) 
(44 169 38) 
(44 170 43) 
(44 171 6) 
(44 172 33) 
(44 173 7) 
(44 175 8) 
(44 176 30) 
(44 177 3) 
(44 179 23) 
(44 180 1) 
(44 181 18) 
(44 182 30) 
(44 183 6) 
(44 184 45) 
(44 185 33) 
(44 186 41) 
(44 187 29) 
(44 188 31) 
(44 191 14) 
(44 192 41) 
(44 193 2) 
(44 195 50) 
(44 196 21) 
(44 197 32) 
(44 198 38) 
(44 199 13) 
(45 0 31) 
(45 1 46) 
(45 3 11) 
(45 4 42) 
(45 5 33) 
(45 6 28) 
(45 7 43) 
(45 8 37) 
(45 9 18) 
(45 10 18) 
(45 11 17) 
(45 12 39) 
(45 13 8) 
(45 14 46) 
(45 15 46) 
(45 16 31) 
(45 17 15) 
(45 18 6) 
(45 20 21) 
(45 21 24) 
(45 22 50) 
(45 23 4) 
(45 24 43) 
(45 26 7) 
(45 27 40) 
(45 28 47) 
(45 30 5) 
(45 31 19) 
(45 32 25) 
(45 34 38) 
(45 35 17) 
(45 37 48) 
(45 38 3) 
(45 39 18) 
(45 40 34) 
(45 42 7) 
(45 44 33) 
(45 46 31) 
(45 47 40) 
(45 48 3) 
(45 49 35) 
(45 50 3) 
(45 51 28) 
(45 52 30) 
(45 53 5) 
(45 55 38) 
(45 56 3) 
(45 57 38) 
(45 59 17) 
(45 62 6) 
(45 64 11) 
(45 66 34) 
(45 67 35) 
(45 68 50) 
(45 69 21) 
(45 71 4) 
(45 72 39) 
(45 73 33) 
(45 74 2) 
(45 75 17) 
(45 76 4) 
(45 77 29) 
(45 78 30) 
(45 79 4) 
(45 80 5) 
(45 82 41) 
(45 84 23) 
(45 85 20) 
(45 87 17) 
(45 88 5) 
(45 90 14) 
(45 91 44) 
(45 92 10) 
(45 93 24) 
(45 94 27) 
(45 96 24) 
(45 97 44) 
(45 99 31) 
(45 100 43) 
(45 102 2) 
(45 103 37) 
(45 104 9) 
(45 106 5) 
(45 107 39) 
(45 108 3) 
(45 109 15) 
(45 110 4) 
(45 112 31) 
(45 116 30) 
(45 117 2) 
(45 118 27) 
(45 119 9) 
(45 120 11) 
(45 121 18) 
(45 122 13) 
(45 124 4) 
(45 125 21) 
(45 127 46) 
(45 128 23) 
(45 129 36) 
(45 130 1) 
(45 132 28) 
(45 133 35) 
(45 134 8) 
(45 135 29) 
(45 136 32) 
(45 137 1) 
(45 138 31) 
(45 139 28) 
(45 140 26) 
(45 141 30) 
(45 143 43) 
(45 144 18) 
(45 145 45) 
(45 146 2) 
(45 147 26) 
(45 148 41) 
(45 149 19) 
(45 150 29) 
(45 151 46) 
(45 152 2) 
(45 153 41) 
(45 154 29) 
(45 156 40) 
(45 157 49) 
(45 158 2) 
(45 159 25) 
(45 160 26) 
(45 161 36) 
(45 162 26) 
(45 163 23) 
(45 164 3) 
(45 167 23) 
(45 170 27) 
(45 171 30) 
(45 173 38) 
(45 174 17) 
(45 176 38) 
(45 177 15) 
(45 178 27) 
(45 179 3) 
(45 182 32) 
(45 183 39) 
(45 184 24) 
(45 185 37) 
(45 186 37) 
(45 187 38) 
(45 188 20) 
(45 189 17) 
(45 190 7) 
(45 191 2) 
(45 192 38) 
(45 193 37) 
(45 194 22) 
(45 195 39) 
(45 196 21) 
(45 197 13) 
(45 198 8) 
(45 199 22) 
(46 0 14) 
(46 2 50) 
(46 3 10) 
(46 4 14) 
(46 6 39) 
(46 8 22) 
(46 9 16) 
(46 11 49) 
(46 12 48) 
(46 13 5) 
(46 14 20) 
(46 15 5) 
(46 16 30) 
(46 17 46) 
(46 18 3) 
(46 20 11) 
(46 21 24) 
(46 22 14) 
(46 25 25) 
(46 26 19) 
(46 27 43) 
(46 28 22) 
(46 29 35) 
(46 31 37) 
(46 33 39) 
(46 34 28) 
(46 35 6) 
(46 36 33) 
(46 38 46) 
(46 39 12) 
(46 40 22) 
(46 41 46) 
(46 42 19) 
(46 44 49) 
(46 45 24) 
(46 48 18) 
(46 49 18) 
(46 50 21) 
(46 51 20) 
(46 52 18) 
(46 53 12) 
(46 54 49) 
(46 55 31) 
(46 57 27) 
(46 58 50) 
(46 59 26) 
(46 60 32) 
(46 61 26) 
(46 62 18) 
(46 63 24) 
(46 64 50) 
(46 65 30) 
(46 66 38) 
(46 67 5) 
(46 68 4) 
(46 69 6) 
(46 72 6) 
(46 73 12) 
(46 74 50) 
(46 75 23) 
(46 76 4) 
(46 77 9) 
(46 78 44) 
(46 79 48) 
(46 80 2) 
(46 81 31) 
(46 82 23) 
(46 83 16) 
(46 84 29) 
(46 85 14) 
(46 86 50) 
(46 87 46) 
(46 88 6) 
(46 89 38) 
(46 90 12) 
(46 91 2) 
(46 92 6) 
(46 93 9) 
(46 95 49) 
(46 96 13) 
(46 97 5) 
(46 98 10) 
(46 99 31) 
(46 100 43) 
(46 102 13) 
(46 104 8) 
(46 106 34) 
(46 108 27) 
(46 109 38) 
(46 110 28) 
(46 111 32) 
(46 113 36) 
(46 114 50) 
(46 116 4) 
(46 117 48) 
(46 118 27) 
(46 120 32) 
(46 121 49) 
(46 123 41) 
(46 124 21) 
(46 125 48) 
(46 126 37) 
(46 127 32) 
(46 128 43) 
(46 129 25) 
(46 130 38) 
(46 131 36) 
(46 133 43) 
(46 134 38) 
(46 135 42) 
(46 136 6) 
(46 137 9) 
(46 138 48) 
(46 140 12) 
(46 142 9) 
(46 143 19) 
(46 145 10) 
(46 147 42) 
(46 148 26) 
(46 149 1) 
(46 150 16) 
(46 156 16) 
(46 158 31) 
(46 159 20) 
(46 160 1) 
(46 161 29) 
(46 163 9) 
(46 168 5) 
(46 169 24) 
(46 170 2) 
(46 171 25) 
(46 172 13) 
(46 173 22) 
(46 177 23) 
(46 181 6) 
(46 182 49) 
(46 183 4) 
(46 184 16) 
(46 186 34) 
(46 188 32) 
(46 189 6) 
(46 190 46) 
(46 191 18) 
(46 192 27) 
(46 193 39) 
(46 194 16) 
(46 195 20) 
(46 196 22) 
(46 198 34) 
(46 199 18) 
(47 0 7) 
(47 1 47) 
(47 3 37) 
(47 4 49) 
(47 5 41) 
(47 6 7) 
(47 8 48) 
(47 10 40) 
(47 11 27) 
(47 13 30) 
(47 14 10) 
(47 15 42) 
(47 18 24) 
(47 19 41) 
(47 22 33) 
(47 24 5) 
(47 25 17) 
(47 26 40) 
(47 27 11) 
(47 29 50) 
(47 30 12) 
(47 33 19) 
(47 35 50) 
(47 37 27) 
(47 38 43) 
(47 39 4) 
(47 40 28) 
(47 41 49) 
(47 42 31) 
(47 43 4) 
(47 44 38) 
(47 45 11) 
(47 46 35) 
(47 48 42) 
(47 51 16) 
(47 52 40) 
(47 54 40) 
(47 55 28) 
(47 56 41) 
(47 57 24) 
(47 58 15) 
(47 60 33) 
(47 61 15) 
(47 62 32) 
(47 63 42) 
(47 64 2) 
(47 65 14) 
(47 66 4) 
(47 67 38) 
(47 70 19) 
(47 71 32) 
(47 72 7) 
(47 73 26) 
(47 74 50) 
(47 75 10) 
(47 77 9) 
(47 78 38) 
(47 79 27) 
(47 80 49) 
(47 81 12) 
(47 82 5) 
(47 83 40) 
(47 84 39) 
(47 85 13) 
(47 86 26) 
(47 87 6) 
(47 88 38) 
(47 89 33) 
(47 90 8) 
(47 91 31) 
(47 92 11) 
(47 93 26) 
(47 94 30) 
(47 96 37) 
(47 97 8) 
(47 98 48) 
(47 99 33) 
(47 100 6) 
(47 102 43) 
(47 103 24) 
(47 104 49) 
(47 105 48) 
(47 106 16) 
(47 109 32) 
(47 110 14) 
(47 111 39) 
(47 113 27) 
(47 114 48) 
(47 115 13) 
(47 117 1) 
(47 118 23) 
(47 119 28) 
(47 120 48) 
(47 121 9) 
(47 123 49) 
(47 124 9) 
(47 125 18) 
(47 126 31) 
(47 127 8) 
(47 128 10) 
(47 129 5) 
(47 130 39) 
(47 132 41) 
(47 133 45) 
(47 134 11) 
(47 135 8) 
(47 136 26) 
(47 137 7) 
(47 138 27) 
(47 140 33) 
(47 142 12) 
(47 143 29) 
(47 144 31) 
(47 145 43) 
(47 146 12) 
(47 148 34) 
(47 149 41) 
(47 150 23) 
(47 151 22) 
(47 152 32) 
(47 153 15) 
(47 154 2) 
(47 155 19) 
(47 156 6) 
(47 157 5) 
(47 158 16) 
(47 160 48) 
(47 162 50) 
(47 164 7) 
(47 165 21) 
(47 166 14) 
(47 168 13) 
(47 169 14) 
(47 170 42) 
(47 171 39) 
(47 172 4) 
(47 173 13) 
(47 175 35) 
(47 176 10) 
(47 177 25) 
(47 178 46) 
(47 179 2) 
(47 180 24) 
(47 181 37) 
(47 182 41) 
(47 184 22) 
(47 185 41) 
(47 186 15) 
(47 187 6) 
(47 188 11) 
(47 190 5) 
(47 191 18) 
(47 192 9) 
(47 193 42) 
(47 195 12) 
(47 196 43) 
(47 197 5) 
(48 1 5) 
(48 3 26) 
(48 5 8) 
(48 6 24) 
(48 7 4) 
(48 8 24) 
(48 9 11) 
(48 10 17) 
(48 11 14) 
(48 12 42) 
(48 13 40) 
(48 14 50) 
(48 15 34) 
(48 17 5) 
(48 18 19) 
(48 20 42) 
(48 21 33) 
(48 22 14) 
(48 23 2) 
(48 24 47) 
(48 26 17) 
(48 27 20) 
(48 28 16) 
(48 29 25) 
(48 30 38) 
(48 31 14) 
(48 32 48) 
(48 34 22) 
(48 35 10) 
(48 36 12) 
(48 37 14) 
(48 38 17) 
(48 41 31) 
(48 42 38) 
(48 44 25) 
(48 45 4) 
(48 46 20) 
(48 49 39) 
(48 50 42) 
(48 51 37) 
(48 52 12) 
(48 53 36) 
(48 54 33) 
(48 55 46) 
(48 56 32) 
(48 58 19) 
(48 59 4) 
(48 60 49) 
(48 61 24) 
(48 63 43) 
(48 64 35) 
(48 67 33) 
(48 70 39) 
(48 72 47) 
(48 73 21) 
(48 74 39) 
(48 76 19) 
(48 78 10) 
(48 79 50) 
(48 82 8) 
(48 83 40) 
(48 84 25) 
(48 86 25) 
(48 88 17) 
(48 89 7) 
(48 90 16) 
(48 92 48) 
(48 94 32) 
(48 95 19) 
(48 96 29) 
(48 98 20) 
(48 99 32) 
(48 100 35) 
(48 101 9) 
(48 102 50) 
(48 103 16) 
(48 105 14) 
(48 106 37) 
(48 107 29) 
(48 108 14) 
(48 110 20) 
(48 111 41) 
(48 112 20) 
(48 114 43) 
(48 115 50) 
(48 116 31) 
(48 117 22) 
(48 118 42) 
(48 119 39) 
(48 121 40) 
(48 124 46) 
(48 126 20) 
(48 127 12) 
(48 128 12) 
(48 129 26) 
(48 130 17) 
(48 131 22) 
(48 132 12) 
(48 133 11) 
(48 134 40) 
(48 135 40) 
(48 139 30) 
(48 142 5) 
(48 143 16) 
(48 144 37) 
(48 145 12) 
(48 146 4) 
(48 147 21) 
(48 149 43) 
(48 150 47) 
(48 151 25) 
(48 152 1) 
(48 153 45) 
(48 154 45) 
(48 155 13) 
(48 157 4) 
(48 158 35) 
(48 159 45) 
(48 161 43) 
(48 162 49) 
(48 164 33) 
(48 165 23) 
(48 166 46) 
(48 167 22) 
(48 168 49) 
(48 169 48) 
(48 170 38) 
(48 171 42) 
(48 173 17) 
(48 175 44) 
(48 176 43) 
(48 177 3) 
(48 179 27) 
(48 180 27) 
(48 181 14) 
(48 184 18) 
(48 185 18) 
(48 186 19) 
(48 187 40) 
(48 188 10) 
(48 189 9) 
(48 191 31) 
(48 192 13) 
(48 193 3) 
(48 194 26) 
(48 195 25) 
(48 196 15) 
(48 197 50) 
(48 199 40) 
(49 0 21) 
(49 1 40) 
(49 2 50) 
(49 3 26) 
(49 4 41) 
(49 5 40) 
(49 6 18) 
(49 7 3) 
(49 8 50) 
(49 9 49) 
(49 12 44) 
(49 13 10) 
(49 15 2) 
(49 16 9) 
(49 17 23) 
(49 18 36) 
(49 19 34) 
(49 20 45) 
(49 21 13) 
(49 22 49) 
(49 24 20) 
(49 25 7) 
(49 26 48) 
(49 28 15) 
(49 29 41) 
(49 30 11) 
(49 31 38) 
(49 32 1) 
(49 33 3) 
(49 34 2) 
(49 36 48) 
(49 37 1) 
(49 38 8) 
(49 41 32) 
(49 42 14) 
(49 44 33) 
(49 46 29) 
(49 47 9) 
(49 50 11) 
(49 51 10) 
(49 52 40) 
(49 54 35) 
(49 55 34) 
(49 56 49) 
(49 59 41) 
(49 61 31) 
(49 64 27) 
(49 65 19) 
(49 66 42) 
(49 67 44) 
(49 68 47) 
(49 70 14) 
(49 72 17) 
(49 73 49) 
(49 74 29) 
(49 75 22) 
(49 76 14) 
(49 79 50) 
(49 80 22) 
(49 81 37) 
(49 82 27) 
(49 83 5) 
(49 85 15) 
(49 86 31) 
(49 88 1) 
(49 89 10) 
(49 90 19) 
(49 91 11) 
(49 92 27) 
(49 94 19) 
(49 95 44) 
(49 96 34) 
(49 97 42) 
(49 98 5) 
(49 100 15) 
(49 101 35) 
(49 103 21) 
(49 104 20) 
(49 105 27) 
(49 106 5) 
(49 107 2) 
(49 108 11) 
(49 109 18) 
(49 110 5) 
(49 111 36) 
(49 112 11) 
(49 113 39) 
(49 114 19) 
(49 115 17) 
(49 117 34) 
(49 118 8) 
(49 119 44) 
(49 120 27) 
(49 121 4) 
(49 123 14) 
(49 124 4) 
(49 127 14) 
(49 128 5) 
(49 129 2) 
(49 130 23) 
(49 131 11) 
(49 132 8) 
(49 133 21) 
(49 134 25) 
(49 136 11) 
(49 137 38) 
(49 138 4) 
(49 140 12) 
(49 141 7) 
(49 142 11) 
(49 144 5) 
(49 146 2) 
(49 147 45) 
(49 148 37) 
(49 149 44) 
(49 151 14) 
(49 153 49) 
(49 154 38) 
(49 155 44) 
(49 156 11) 
(49 158 43) 
(49 159 28) 
(49 161 13) 
(49 162 15) 
(49 163 41) 
(49 167 43) 
(49 169 8) 
(49 170 5) 
(49 171 25) 
(49 172 13) 
(49 173 7) 
(49 175 27) 
(49 178 26) 
(49 179 13) 
(49 180 44) 
(49 181 29) 
(49 182 8) 
(49 183 27) 
(49 184 26) 
(49 185 40) 
(49 186 27) 
(49 187 38) 
(49 190 22) 
(49 191 3) 
(49 194 13) 
(49 197 44) 
(49 199 45) 
(50 0 36) 
(50 1 30) 
(50 2 39) 
(50 3 11) 
(50 5 15) 
(50 6 1) 
(50 8 8) 
(50 9 10) 
(50 10 19) 
(50 12 27) 
(50 13 26) 
(50 14 9) 
(50 15 35) 
(50 16 23) 
(50 17 46) 
(50 18 30) 
(50 19 34) 
(50 21 28) 
(50 22 18) 
(50 23 34) 
(50 24 4) 
(50 25 22) 
(50 27 39) 
(50 28 7) 
(50 29 44) 
(50 30 29) 
(50 33 41) 
(50 34 44) 
(50 35 30) 
(50 36 20) 
(50 37 20) 
(50 38 25) 
(50 39 13) 
(50 40 10) 
(50 41 48) 
(50 42 47) 
(50 44 43) 
(50 45 40) 
(50 46 12) 
(50 48 7) 
(50 49 32) 
(50 51 34) 
(50 53 9) 
(50 56 32) 
(50 57 32) 
(50 59 41) 
(50 60 20) 
(50 61 37) 
(50 62 41) 
(50 63 47) 
(50 64 1) 
(50 65 23) 
(50 67 15) 
(50 68 7) 
(50 69 48) 
(50 70 29) 
(50 71 11) 
(50 72 22) 
(50 74 35) 
(50 75 31) 
(50 77 1) 
(50 80 33) 
(50 81 30) 
(50 82 9) 
(50 83 39) 
(50 84 12) 
(50 85 41) 
(50 86 40) 
(50 87 27) 
(50 89 18) 
(50 90 22) 
(50 92 23) 
(50 93 23) 
(50 95 31) 
(50 96 50) 
(50 97 12) 
(50 98 35) 
(50 100 38) 
(50 101 22) 
(50 102 33) 
(50 103 40) 
(50 105 5) 
(50 106 49) 
(50 108 23) 
(50 109 49) 
(50 110 39) 
(50 111 2) 
(50 112 26) 
(50 114 46) 
(50 115 29) 
(50 117 30) 
(50 119 31) 
(50 120 41) 
(50 121 9) 
(50 123 47) 
(50 124 2) 
(50 125 38) 
(50 126 11) 
(50 127 41) 
(50 128 8) 
(50 129 26) 
(50 130 20) 
(50 133 44) 
(50 134 11) 
(50 136 23) 
(50 137 24) 
(50 138 31) 
(50 139 42) 
(50 140 3) 
(50 142 5) 
(50 143 11) 
(50 146 35) 
(50 147 42) 
(50 148 47) 
(50 151 27) 
(50 152 9) 
(50 153 46) 
(50 154 33) 
(50 155 18) 
(50 157 34) 
(50 158 9) 
(50 159 46) 
(50 160 12) 
(50 162 22) 
(50 163 11) 
(50 164 12) 
(50 165 19) 
(50 166 9) 
(50 169 45) 
(50 170 15) 
(50 171 41) 
(50 173 35) 
(50 176 15) 
(50 178 29) 
(50 179 33) 
(50 180 49) 
(50 181 25) 
(50 182 20) 
(50 185 41) 
(50 186 19) 
(50 188 32) 
(50 191 41) 
(50 192 5) 
(50 193 6) 
(50 194 47) 
(50 195 13) 
(50 196 30) 
(50 198 41) 
(50 199 5) 
(51 1 26) 
(51 2 37) 
(51 5 36) 
(51 6 18) 
(51 7 44) 
(51 9 4) 
(51 13 20) 
(51 15 50) 
(51 17 39) 
(51 18 49) 
(51 19 48) 
(51 21 8) 
(51 22 27) 
(51 23 14) 
(51 24 10) 
(51 25 40) 
(51 27 16) 
(51 29 30) 
(51 31 28) 
(51 33 33) 
(51 34 22) 
(51 36 6) 
(51 37 27) 
(51 38 30) 
(51 39 45) 
(51 40 28) 
(51 41 1) 
(51 42 7) 
(51 44 41) 
(51 45 33) 
(51 47 42) 
(51 48 35) 
(51 49 4) 
(51 50 47) 
(51 52 18) 
(51 53 3) 
(51 54 32) 
(51 55 27) 
(51 56 19) 
(51 57 27) 
(51 59 28) 
(51 60 40) 
(51 61 14) 
(51 62 38) 
(51 64 3) 
(51 65 45) 
(51 66 23) 
(51 67 28) 
(51 68 38) 
(51 69 38) 
(51 71 34) 
(51 74 2) 
(51 75 40) 
(51 76 37) 
(51 77 6) 
(51 78 21) 
(51 80 6) 
(51 81 14) 
(51 82 14) 
(51 83 27) 
(51 85 38) 
(51 87 40) 
(51 88 14) 
(51 89 34) 
(51 90 43) 
(51 92 22) 
(51 93 38) 
(51 95 46) 
(51 96 30) 
(51 98 19) 
(51 99 42) 
(51 100 1) 
(51 101 50) 
(51 103 50) 
(51 104 8) 
(51 105 37) 
(51 106 3) 
(51 107 5) 
(51 109 36) 
(51 110 29) 
(51 112 27) 
(51 113 46) 
(51 116 11) 
(51 117 40) 
(51 118 42) 
(51 119 43) 
(51 120 38) 
(51 121 13) 
(51 123 46) 
(51 125 26) 
(51 128 42) 
(51 129 49) 
(51 131 46) 
(51 132 32) 
(51 134 6) 
(51 135 48) 
(51 137 25) 
(51 139 4) 
(51 140 14) 
(51 141 30) 
(51 142 29) 
(51 144 32) 
(51 145 6) 
(51 146 7) 
(51 147 45) 
(51 148 42) 
(51 149 2) 
(51 153 9) 
(51 154 21) 
(51 155 24) 
(51 156 49) 
(51 157 42) 
(51 158 37) 
(51 159 36) 
(51 160 21) 
(51 162 4) 
(51 163 10) 
(51 164 36) 
(51 165 13) 
(51 166 41) 
(51 167 29) 
(51 168 28) 
(51 169 47) 
(51 170 19) 
(51 173 18) 
(51 174 1) 
(51 175 35) 
(51 176 9) 
(51 177 9) 
(51 178 48) 
(51 179 45) 
(51 180 8) 
(51 182 30) 
(51 183 40) 
(51 186 32) 
(51 189 9) 
(51 191 30) 
(51 192 18) 
(51 194 50) 
(51 195 31) 
(51 197 13) 
(51 198 49) 
(51 199 30) 
(52 1 11) 
(52 3 3) 
(52 4 2) 
(52 5 10) 
(52 8 46) 
(52 9 15) 
(52 11 11) 
(52 12 9) 
(52 13 13) 
(52 14 38) 
(52 16 43) 
(52 17 21) 
(52 18 21) 
(52 20 43) 
(52 21 29) 
(52 22 19) 
(52 23 22) 
(52 26 10) 
(52 29 16) 
(52 30 1) 
(52 31 34) 
(52 32 5) 
(52 33 4) 
(52 34 22) 
(52 35 41) 
(52 36 26) 
(52 37 30) 
(52 39 17) 
(52 40 12) 
(52 41 17) 
(52 42 14) 
(52 43 50) 
(52 44 43) 
(52 45 18) 
(52 47 45) 
(52 48 40) 
(52 49 13) 
(52 50 6) 
(52 51 23) 
(52 54 23) 
(52 55 38) 
(52 56 39) 
(52 57 20) 
(52 58 45) 
(52 59 43) 
(52 60 42) 
(52 61 28) 
(52 63 22) 
(52 64 47) 
(52 67 22) 
(52 68 12) 
(52 69 32) 
(52 70 31) 
(52 71 41) 
(52 72 30) 
(52 73 34) 
(52 74 32) 
(52 75 11) 
(52 77 34) 
(52 78 23) 
(52 80 3) 
(52 81 17) 
(52 82 8) 
(52 83 39) 
(52 84 41) 
(52 85 27) 
(52 86 4) 
(52 87 36) 
(52 88 31) 
(52 89 45) 
(52 90 22) 
(52 91 11) 
(52 92 34) 
(52 94 8) 
(52 95 40) 
(52 96 26) 
(52 97 9) 
(52 99 25) 
(52 101 26) 
(52 102 46) 
(52 104 50) 
(52 105 31) 
(52 106 48) 
(52 107 13) 
(52 108 23) 
(52 109 30) 
(52 110 17) 
(52 113 43) 
(52 114 43) 
(52 115 30) 
(52 116 17) 
(52 117 15) 
(52 118 38) 
(52 119 33) 
(52 120 13) 
(52 121 22) 
(52 123 31) 
(52 124 10) 
(52 125 27) 
(52 126 2) 
(52 127 19) 
(52 128 25) 
(52 129 16) 
(52 130 23) 
(52 131 3) 
(52 132 10) 
(52 133 49) 
(52 134 48) 
(52 136 28) 
(52 137 3) 
(52 138 40) 
(52 141 27) 
(52 142 6) 
(52 143 13) 
(52 145 43) 
(52 146 16) 
(52 149 32) 
(52 150 8) 
(52 151 45) 
(52 152 43) 
(52 154 45) 
(52 155 43) 
(52 156 4) 
(52 157 11) 
(52 158 6) 
(52 159 9) 
(52 162 28) 
(52 163 28) 
(52 164 2) 
(52 166 32) 
(52 167 23) 
(52 169 13) 
(52 173 36) 
(52 174 14) 
(52 175 4) 
(52 176 15) 
(52 178 26) 
(52 181 44) 
(52 182 34) 
(52 183 14) 
(52 184 32) 
(52 188 35) 
(52 189 17) 
(52 190 32) 
(52 193 3) 
(52 194 7) 
(52 195 45) 
(52 196 8) 
(52 198 2) 
(52 199 42) 
(53 0 24) 
(53 1 2) 
(53 3 32) 
(53 5 21) 
(53 6 35) 
(53 7 23) 
(53 10 16) 
(53 11 25) 
(53 12 11) 
(53 14 7) 
(53 15 18) 
(53 16 26) 
(53 17 9) 
(53 18 20) 
(53 19 41) 
(53 20 29) 
(53 21 34) 
(53 23 6) 
(53 27 20) 
(53 28 1) 
(53 29 25) 
(53 30 18) 
(53 32 26) 
(53 33 35) 
(53 34 33) 
(53 36 40) 
(53 38 10) 
(53 41 2) 
(53 43 8) 
(53 44 3) 
(53 45 13) 
(53 46 23) 
(53 49 7) 
(53 50 15) 
(53 52 11) 
(53 54 41) 
(53 55 28) 
(53 57 16) 
(53 58 11) 
(53 59 27) 
(53 61 42) 
(53 62 27) 
(53 63 35) 
(53 68 16) 
(53 69 9) 
(53 70 13) 
(53 73 11) 
(53 74 44) 
(53 75 21) 
(53 76 38) 
(53 77 43) 
(53 78 14) 
(53 80 35) 
(53 81 13) 
(53 82 34) 
(53 83 17) 
(53 86 25) 
(53 87 50) 
(53 88 16) 
(53 89 50) 
(53 90 21) 
(53 91 25) 
(53 92 32) 
(53 93 6) 
(53 94 36) 
(53 97 11) 
(53 99 49) 
(53 100 46) 
(53 103 14) 
(53 105 23) 
(53 106 21) 
(53 108 33) 
(53 109 16) 
(53 110 20) 
(53 111 4) 
(53 112 46) 
(53 113 6) 
(53 114 35) 
(53 115 22) 
(53 116 25) 
(53 117 7) 
(53 118 4) 
(53 119 22) 
(53 120 27) 
(53 121 47) 
(53 122 26) 
(53 123 26) 
(53 124 23) 
(53 125 30) 
(53 126 2) 
(53 127 43) 
(53 128 17) 
(53 131 30) 
(53 132 48) 
(53 133 42) 
(53 134 30) 
(53 135 5) 
(53 136 33) 
(53 137 3) 
(53 139 26) 
(53 140 10) 
(53 141 39) 
(53 142 36) 
(53 144 8) 
(53 145 6) 
(53 146 13) 
(53 147 17) 
(53 148 35) 
(53 149 34) 
(53 151 16) 
(53 152 19) 
(53 153 8) 
(53 154 36) 
(53 155 45) 
(53 156 21) 
(53 157 6) 
(53 158 4) 
(53 159 21) 
(53 160 13) 
(53 161 16) 
(53 162 17) 
(53 163 17) 
(53 164 16) 
(53 165 31) 
(53 166 27) 
(53 169 50) 
(53 170 32) 
(53 171 22) 
(53 172 9) 
(53 173 39) 
(53 175 42) 
(53 176 37) 
(53 177 27) 
(53 178 28) 
(53 180 4) 
(53 182 27) 
(53 183 9) 
(53 184 47) 
(53 185 22) 
(53 186 3) 
(53 190 39) 
(53 191 40) 
(53 194 16) 
(53 195 29) 
(53 197 44) 
(53 198 15) 
(53 199 22) 
(54 0 29) 
(54 1 18) 
(54 3 17) 
(54 4 42) 
(54 7 3) 
(54 8 22) 
(54 9 4) 
(54 11 17) 
(54 12 28) 
(54 13 26) 
(54 14 19) 
(54 15 35) 
(54 16 16) 
(54 17 23) 
(54 18 33) 
(54 21 40) 
(54 22 35) 
(54 24 1) 
(54 25 2) 
(54 26 40) 
(54 28 14) 
(54 29 6) 
(54 30 34) 
(54 32 30) 
(54 33 46) 
(54 34 26) 
(54 35 6) 
(54 36 34) 
(54 37 19) 
(54 39 3) 
(54 40 25) 
(54 41 11) 
(54 42 15) 
(54 44 42) 
(54 45 22) 
(54 47 25) 
(54 48 9) 
(54 49 31) 
(54 51 14) 
(54 52 22) 
(54 53 27) 
(54 55 7) 
(54 56 7) 
(54 59 13) 
(54 61 2) 
(54 62 46) 
(54 63 13) 
(54 66 19) 
(54 67 34) 
(54 68 32) 
(54 69 20) 
(54 70 27) 
(54 73 45) 
(54 74 18) 
(54 75 31) 
(54 76 12) 
(54 77 21) 
(54 78 30) 
(54 80 39) 
(54 81 8) 
(54 82 10) 
(54 83 21) 
(54 84 20) 
(54 85 37) 
(54 89 16) 
(54 90 40) 
(54 91 37) 
(54 95 31) 
(54 96 4) 
(54 97 2) 
(54 98 17) 
(54 100 25) 
(54 102 21) 
(54 103 35) 
(54 104 28) 
(54 108 1) 
(54 109 41) 
(54 110 29) 
(54 111 19) 
(54 112 18) 
(54 113 22) 
(54 114 49) 
(54 115 22) 
(54 116 2) 
(54 117 41) 
(54 120 1) 
(54 121 22) 
(54 123 6) 
(54 124 23) 
(54 126 19) 
(54 127 6) 
(54 129 30) 
(54 131 31) 
(54 132 14) 
(54 133 22) 
(54 135 32) 
(54 136 25) 
(54 137 33) 
(54 138 16) 
(54 141 5) 
(54 142 50) 
(54 143 37) 
(54 144 23) 
(54 145 18) 
(54 147 38) 
(54 148 28) 
(54 149 18) 
(54 150 49) 
(54 151 9) 
(54 152 11) 
(54 153 3) 
(54 154 5) 
(54 155 8) 
(54 156 13) 
(54 159 4) 
(54 161 31) 
(54 162 29) 
(54 163 18) 
(54 164 21) 
(54 165 37) 
(54 166 3) 
(54 167 32) 
(54 168 14) 
(54 169 32) 
(54 170 8) 
(54 172 22) 
(54 174 37) 
(54 176 38) 
(54 177 24) 
(54 178 14) 
(54 181 47) 
(54 182 8) 
(54 183 36) 
(54 185 10) 
(54 188 16) 
(54 191 48) 
(54 192 40) 
(54 197 28) 
(54 199 41) 
(55 0 32) 
(55 1 26) 
(55 2 39) 
(55 3 14) 
(55 4 31) 
(55 5 38) 
(55 7 16) 
(55 9 27) 
(55 10 6) 
(55 13 16) 
(55 16 47) 
(55 18 18) 
(55 19 8) 
(55 21 30) 
(55 22 3) 
(55 23 27) 
(55 25 6) 
(55 26 39) 
(55 27 49) 
(55 28 15) 
(55 29 30) 
(55 30 37) 
(55 33 43) 
(55 34 27) 
(55 35 29) 
(55 37 25) 
(55 38 6) 
(55 40 32) 
(55 41 7) 
(55 42 49) 
(55 43 28) 
(55 44 15) 
(55 45 12) 
(55 46 29) 
(55 47 4) 
(55 48 11) 
(55 50 3) 
(55 52 24) 
(55 53 22) 
(55 54 1) 
(55 56 1) 
(55 57 21) 
(55 58 8) 
(55 61 47) 
(55 62 26) 
(55 63 27) 
(55 64 40) 
(55 65 21) 
(55 66 30) 
(55 67 21) 
(55 68 38) 
(55 69 42) 
(55 70 23) 
(55 71 44) 
(55 73 21) 
(55 74 46) 
(55 75 38) 
(55 76 31) 
(55 78 23) 
(55 79 41) 
(55 80 20) 
(55 81 35) 
(55 84 10) 
(55 86 38) 
(55 88 24) 
(55 91 49) 
(55 93 11) 
(55 94 48) 
(55 95 20) 
(55 96 26) 
(55 97 13) 
(55 98 29) 
(55 99 7) 
(55 100 22) 
(55 101 43) 
(55 103 18) 
(55 104 25) 
(55 105 14) 
(55 106 13) 
(55 107 49) 
(55 108 4) 
(55 109 20) 
(55 110 1) 
(55 111 23) 
(55 112 27) 
(55 113 9) 
(55 114 28) 
(55 116 8) 
(55 117 29) 
(55 118 25) 
(55 119 18) 
(55 120 9) 
(55 121 37) 
(55 122 7) 
(55 123 48) 
(55 124 43) 
(55 125 5) 
(55 127 50) 
(55 129 9) 
(55 130 26) 
(55 132 19) 
(55 133 50) 
(55 134 34) 
(55 135 34) 
(55 136 14) 
(55 139 48) 
(55 143 21) 
(55 144 27) 
(55 145 43) 
(55 146 43) 
(55 148 41) 
(55 149 50) 
(55 150 40) 
(55 151 43) 
(55 152 35) 
(55 153 33) 
(55 154 36) 
(55 157 7) 
(55 158 50) 
(55 159 50) 
(55 160 27) 
(55 162 47) 
(55 163 45) 
(55 164 43) 
(55 165 49) 
(55 167 38) 
(55 169 1) 
(55 171 19) 
(55 172 30) 
(55 173 2) 
(55 175 17) 
(55 176 31) 
(55 177 6) 
(55 179 8) 
(55 180 5) 
(55 182 40) 
(55 183 44) 
(55 184 43) 
(55 185 4) 
(55 186 7) 
(55 187 9) 
(55 189 13) 
(55 191 49) 
(55 192 42) 
(55 194 42) 
(55 195 7) 
(55 196 15) 
(55 199 29) 
(56 0 3) 
(56 1 38) 
(56 3 3) 
(56 4 22) 
(56 6 37) 
(56 7 27) 
(56 8 32) 
(56 9 49) 
(56 10 21) 
(56 12 1) 
(56 13 16) 
(56 14 36) 
(56 16 42) 
(56 17 21) 
(56 19 50) 
(56 20 44) 
(56 21 8) 
(56 23 18) 
(56 24 37) 
(56 25 22) 
(56 26 38) 
(56 27 34) 
(56 28 19) 
(56 29 4) 
(56 31 3) 
(56 33 13) 
(56 36 22) 
(56 37 16) 
(56 38 11) 
(56 39 31) 
(56 41 33) 
(56 42 10) 
(56 43 8) 
(56 44 12) 
(56 45 4) 
(56 46 17) 
(56 47 18) 
(56 48 30) 
(56 50 30) 
(56 51 29) 
(56 53 9) 
(56 54 44) 
(56 55 20) 
(56 58 46) 
(56 60 24) 
(56 61 21) 
(56 62 50) 
(56 63 46) 
(56 64 37) 
(56 65 25) 
(56 68 34) 
(56 69 40) 
(56 70 1) 
(56 72 7) 
(56 73 48) 
(56 74 29) 
(56 75 24) 
(56 76 49) 
(56 77 32) 
(56 79 10) 
(56 81 5) 
(56 82 40) 
(56 84 17) 
(56 86 27) 
(56 88 5) 
(56 89 9) 
(56 90 4) 
(56 91 15) 
(56 92 21) 
(56 93 49) 
(56 94 17) 
(56 95 10) 
(56 97 33) 
(56 98 25) 
(56 99 41) 
(56 100 40) 
(56 101 24) 
(56 103 4) 
(56 104 41) 
(56 106 5) 
(56 107 47) 
(56 108 29) 
(56 109 27) 
(56 110 28) 
(56 111 16) 
(56 112 9) 
(56 113 6) 
(56 115 28) 
(56 117 32) 
(56 119 40) 
(56 121 49) 
(56 122 26) 
(56 123 26) 
(56 124 28) 
(56 126 15) 
(56 127 49) 
(56 128 3) 
(56 129 3) 
(56 130 15) 
(56 131 43) 
(56 133 18) 
(56 135 48) 
(56 136 44) 
(56 139 46) 
(56 140 12) 
(56 141 30) 
(56 142 31) 
(56 143 3) 
(56 144 16) 
(56 145 19) 
(56 146 22) 
(56 147 34) 
(56 149 29) 
(56 151 11) 
(56 153 14) 
(56 155 1) 
(56 156 2) 
(56 158 29) 
(56 159 13) 
(56 160 34) 
(56 161 43) 
(56 162 16) 
(56 163 11) 
(56 164 39) 
(56 165 41) 
(56 167 11) 
(56 168 14) 
(56 169 21) 
(56 171 44) 
(56 172 35) 
(56 173 1) 
(56 174 21) 
(56 175 30) 
(56 178 45) 
(56 180 24) 
(56 181 15) 
(56 182 33) 
(56 183 48) 
(56 184 18) 
(56 185 43) 
(56 186 47) 
(56 187 48) 
(56 188 1) 
(56 189 22) 
(56 190 25) 
(56 191 10) 
(56 192 31) 
(56 195 46) 
(56 196 7) 
(56 198 35) 
(56 199 30) 
(57 0 33) 
(57 2 15) 
(57 3 12) 
(57 4 15) 
(57 5 21) 
(57 7 2) 
(57 8 21) 
(57 9 43) 
(57 12 46) 
(57 13 41) 
(57 14 47) 
(57 15 39) 
(57 17 45) 
(57 18 13) 
(57 20 43) 
(57 21 6) 
(57 22 34) 
(57 23 48) 
(57 24 18) 
(57 25 21) 
(57 26 27) 
(57 28 7) 
(57 31 18) 
(57 32 29) 
(57 34 4) 
(57 35 30) 
(57 36 2) 
(57 37 35) 
(57 38 50) 
(57 39 44) 
(57 40 19) 
(57 42 6) 
(57 43 43) 
(57 44 49) 
(57 45 40) 
(57 46 49) 
(57 47 27) 
(57 48 13) 
(57 49 47) 
(57 52 11) 
(57 53 17) 
(57 55 8) 
(57 56 32) 
(57 58 40) 
(57 59 35) 
(57 61 7) 
(57 62 1) 
(57 64 3) 
(57 65 26) 
(57 67 37) 
(57 69 34) 
(57 71 24) 
(57 72 12) 
(57 73 24) 
(57 74 38) 
(57 76 3) 
(57 77 9) 
(57 80 21) 
(57 82 8) 
(57 83 40) 
(57 85 27) 
(57 86 1) 
(57 87 5) 
(57 88 42) 
(57 89 22) 
(57 92 11) 
(57 93 38) 
(57 94 5) 
(57 96 7) 
(57 97 15) 
(57 98 15) 
(57 99 38) 
(57 100 46) 
(57 101 6) 
(57 102 35) 
(57 105 34) 
(57 106 48) 
(57 107 12) 
(57 108 1) 
(57 110 2) 
(57 112 32) 
(57 113 26) 
(57 114 17) 
(57 115 34) 
(57 118 46) 
(57 121 12) 
(57 122 12) 
(57 123 9) 
(57 127 16) 
(57 129 47) 
(57 130 41) 
(57 132 22) 
(57 133 23) 
(57 134 47) 
(57 136 17) 
(57 140 17) 
(57 143 19) 
(57 144 10) 
(57 145 7) 
(57 146 32) 
(57 147 11) 
(57 148 47) 
(57 150 10) 
(57 151 49) 
(57 152 33) 
(57 153 42) 
(57 155 42) 
(57 156 45) 
(57 158 17) 
(57 159 19) 
(57 161 4) 
(57 162 17) 
(57 163 11) 
(57 165 48) 
(57 166 49) 
(57 169 2) 
(57 170 37) 
(57 172 10) 
(57 173 2) 
(57 174 24) 
(57 175 42) 
(57 177 28) 
(57 178 25) 
(57 180 37) 
(57 182 26) 
(57 184 17) 
(57 185 24) 
(57 187 29) 
(57 188 43) 
(57 191 38) 
(57 192 42) 
(57 193 33) 
(57 194 21) 
(57 195 4) 
(57 196 6) 
(57 197 18) 
(57 198 45) 
(57 199 23) 
(58 0 5) 
(58 6 38) 
(58 7 16) 
(58 8 9) 
(58 9 10) 
(58 10 43) 
(58 11 10) 
(58 13 8) 
(58 14 14) 
(58 15 41) 
(58 17 7) 
(58 18 12) 
(58 20 47) 
(58 21 26) 
(58 22 11) 
(58 23 3) 
(58 25 2) 
(58 26 7) 
(58 27 31) 
(58 28 30) 
(58 30 38) 
(58 31 1) 
(58 32 33) 
(58 33 44) 
(58 34 43) 
(58 36 44) 
(58 37 41) 
(58 40 33) 
(58 42 3) 
(58 44 7) 
(58 46 45) 
(58 47 32) 
(58 48 25) 
(58 50 7) 
(58 51 15) 
(58 52 6) 
(58 53 21) 
(58 54 38) 
(58 56 29) 
(58 57 50) 
(58 59 38) 
(58 61 2) 
(58 62 17) 
(58 63 13) 
(58 64 3) 
(58 65 46) 
(58 66 24) 
(58 68 40) 
(58 70 44) 
(58 72 39) 
(58 74 14) 
(58 75 30) 
(58 76 22) 
(58 78 24) 
(58 79 16) 
(58 80 41) 
(58 81 45) 
(58 82 38) 
(58 83 40) 
(58 84 26) 
(58 85 33) 
(58 87 28) 
(58 88 27) 
(58 89 30) 
(58 90 43) 
(58 91 29) 
(58 92 42) 
(58 93 2) 
(58 94 36) 
(58 96 28) 
(58 98 15) 
(58 99 5) 
(58 100 9) 
(58 101 17) 
(58 102 5) 
(58 103 40) 
(58 105 48) 
(58 106 20) 
(58 107 37) 
(58 108 15) 
(58 111 38) 
(58 112 45) 
(58 114 5) 
(58 115 32) 
(58 116 38) 
(58 117 9) 
(58 118 32) 
(58 119 25) 
(58 120 48) 
(58 122 30) 
(58 123 5) 
(58 126 27) 
(58 127 48) 
(58 128 36) 
(58 129 10) 
(58 130 23) 
(58 131 16) 
(58 132 43) 
(58 133 31) 
(58 134 12) 
(58 135 37) 
(58 136 4) 
(58 137 18) 
(58 139 24) 
(58 140 34) 
(58 141 12) 
(58 143 44) 
(58 144 49) 
(58 146 41) 
(58 148 29) 
(58 149 43) 
(58 150 43) 
(58 152 46) 
(58 153 41) 
(58 154 47) 
(58 155 50) 
(58 157 21) 
(58 160 12) 
(58 162 11) 
(58 163 32) 
(58 164 30) 
(58 165 10) 
(58 168 49) 
(58 169 49) 
(58 170 34) 
(58 171 6) 
(58 172 50) 
(58 173 13) 
(58 174 25) 
(58 175 45) 
(58 176 49) 
(58 178 43) 
(58 179 6) 
(58 180 30) 
(58 181 10) 
(58 182 27) 
(58 184 15) 
(58 185 11) 
(58 186 45) 
(58 188 26) 
(58 189 21) 
(58 190 37) 
(58 191 26) 
(58 192 3) 
(58 193 12) 
(58 195 18) 
(58 196 46) 
(58 197 35) 
(58 198 42) 
(58 199 28) 
(59 0 33) 
(59 1 24) 
(59 2 32) 
(59 4 15) 
(59 5 15) 
(59 6 13) 
(59 7 36) 
(59 9 30) 
(59 10 27) 
(59 11 8) 
(59 12 40) 
(59 13 17) 
(59 15 14) 
(59 17 40) 
(59 19 36) 
(59 20 35) 
(59 21 40) 
(59 22 45) 
(59 23 48) 
(59 24 10) 
(59 25 31) 
(59 26 12) 
(59 28 21) 
(59 29 4) 
(59 30 37) 
(59 31 3) 
(59 32 23) 
(59 33 16) 
(59 34 24) 
(59 37 4) 
(59 38 23) 
(59 39 44) 
(59 41 36) 
(59 44 31) 
(59 45 36) 
(59 46 4) 
(59 48 17) 
(59 49 46) 
(59 50 43) 
(59 51 9) 
(59 54 41) 
(59 56 49) 
(59 58 46) 
(59 61 45) 
(59 62 19) 
(59 64 47) 
(59 65 47) 
(59 67 22) 
(59 69 7) 
(59 70 19) 
(59 71 21) 
(59 72 13) 
(59 74 19) 
(59 75 13) 
(59 76 16) 
(59 78 47) 
(59 80 5) 
(59 81 30) 
(59 82 50) 
(59 83 19) 
(59 84 25) 
(59 85 2) 
(59 89 23) 
(59 90 6) 
(59 91 17) 
(59 98 16) 
(59 99 36) 
(59 100 13) 
(59 101 25) 
(59 103 40) 
(59 104 25) 
(59 105 23) 
(59 106 14) 
(59 107 44) 
(59 109 46) 
(59 111 12) 
(59 112 35) 
(59 113 9) 
(59 115 39) 
(59 117 9) 
(59 118 21) 
(59 120 8) 
(59 121 9) 
(59 124 35) 
(59 125 21) 
(59 126 42) 
(59 127 48) 
(59 129 49) 
(59 130 48) 
(59 131 4) 
(59 132 45) 
(59 133 45) 
(59 134 26) 
(59 135 27) 
(59 137 28) 
(59 138 22) 
(59 139 47) 
(59 140 28) 
(59 141 24) 
(59 142 22) 
(59 143 5) 
(59 144 25) 
(59 146 35) 
(59 147 22) 
(59 148 27) 
(59 149 8) 
(59 150 36) 
(59 152 44) 
(59 154 27) 
(59 155 33) 
(59 157 23) 
(59 158 44) 
(59 160 47) 
(59 161 10) 
(59 162 32) 
(59 165 3) 
(59 166 27) 
(59 167 29) 
(59 169 23) 
(59 170 6) 
(59 171 17) 
(59 173 38) 
(59 176 49) 
(59 178 13) 
(59 180 4) 
(59 181 8) 
(59 183 22) 
(59 184 23) 
(59 185 1) 
(59 186 6) 
(59 187 1) 
(59 188 16) 
(59 189 25) 
(59 190 45) 
(59 191 18) 
(59 192 30) 
(59 193 19) 
(59 194 7) 
(59 195 33) 
(59 197 28) 
(59 198 46) 
(59 199 26) 
(60 0 5) 
(60 2 39) 
(60 3 16) 
(60 4 46) 
(60 6 20) 
(60 8 8) 
(60 9 42) 
(60 10 19) 
(60 14 20) 
(60 15 44) 
(60 16 45) 
(60 17 28) 
(60 18 35) 
(60 19 25) 
(60 21 27) 
(60 22 30) 
(60 23 35) 
(60 24 24) 
(60 25 33) 
(60 27 36) 
(60 28 42) 
(60 29 2) 
(60 30 3) 
(60 31 12) 
(60 33 22) 
(60 34 31) 
(60 35 22) 
(60 36 46) 
(60 37 33) 
(60 40 49) 
(60 42 1) 
(60 43 10) 
(60 44 42) 
(60 46 22) 
(60 47 3) 
(60 48 44) 
(60 49 11) 
(60 50 20) 
(60 51 31) 
(60 52 6) 
(60 53 37) 
(60 54 17) 
(60 55 2) 
(60 56 27) 
(60 57 9) 
(60 59 38) 
(60 61 18) 
(60 62 24) 
(60 64 47) 
(60 65 22) 
(60 67 34) 
(60 68 11) 
(60 69 50) 
(60 70 34) 
(60 71 50) 
(60 72 40) 
(60 75 30) 
(60 76 36) 
(60 77 42) 
(60 78 50) 
(60 79 29) 
(60 80 36) 
(60 83 40) 
(60 84 46) 
(60 85 41) 
(60 86 28) 
(60 87 34) 
(60 88 22) 
(60 90 33) 
(60 93 26) 
(60 94 3) 
(60 97 16) 
(60 98 45) 
(60 99 3) 
(60 100 37) 
(60 101 39) 
(60 102 11) 
(60 103 39) 
(60 104 43) 
(60 106 2) 
(60 107 15) 
(60 109 7) 
(60 110 37) 
(60 111 2) 
(60 112 28) 
(60 113 1) 
(60 115 49) 
(60 116 7) 
(60 117 47) 
(60 120 4) 
(60 121 21) 
(60 122 5) 
(60 124 18) 
(60 125 4) 
(60 128 11) 
(60 129 47) 
(60 130 23) 
(60 131 22) 
(60 132 32) 
(60 133 38) 
(60 134 17) 
(60 135 18) 
(60 136 39) 
(60 138 6) 
(60 139 24) 
(60 140 15) 
(60 141 27) 
(60 142 29) 
(60 144 41) 
(60 145 40) 
(60 148 22) 
(60 151 26) 
(60 152 17) 
(60 153 43) 
(60 154 11) 
(60 155 6) 
(60 157 26) 
(60 158 18) 
(60 159 47) 
(60 161 16) 
(60 162 31) 
(60 163 41) 
(60 164 16) 
(60 165 36) 
(60 167 18) 
(60 168 6) 
(60 169 42) 
(60 170 50) 
(60 171 20) 
(60 172 37) 
(60 173 33) 
(60 174 3) 
(60 175 46) 
(60 178 30) 
(60 179 7) 
(60 180 42) 
(60 182 46) 
(60 183 19) 
(60 184 21) 
(60 185 39) 
(60 186 16) 
(60 187 6) 
(60 188 15) 
(60 189 29) 
(60 190 15) 
(60 191 47) 
(60 192 9) 
(60 197 18) 
(60 198 43) 
(60 199 41) 
(61 0 25) 
(61 3 29) 
(61 4 13) 
(61 7 19) 
(61 8 45) 
(61 9 26) 
(61 11 14) 
(61 12 16) 
(61 13 43) 
(61 15 23) 
(61 16 24) 
(61 17 15) 
(61 18 9) 
(61 19 6) 
(61 20 1) 
(61 21 37) 
(61 23 37) 
(61 25 47) 
(61 26 14) 
(61 27 13) 
(61 29 43) 
(61 30 15) 
(61 31 21) 
(61 32 11) 
(61 33 41) 
(61 34 23) 
(61 35 37) 
(61 36 30) 
(61 39 29) 
(61 40 39) 
(61 41 49) 
(61 43 24) 
(61 44 41) 
(61 45 21) 
(61 46 40) 
(61 48 8) 
(61 49 45) 
(61 50 7) 
(61 52 47) 
(61 54 12) 
(61 55 33) 
(61 56 6) 
(61 57 28) 
(61 59 32) 
(61 62 19) 
(61 63 16) 
(61 64 12) 
(61 65 1) 
(61 66 45) 
(61 67 25) 
(61 68 3) 
(61 69 11) 
(61 71 23) 
(61 72 42) 
(61 74 11) 
(61 75 35) 
(61 76 31) 
(61 78 23) 
(61 79 43) 
(61 81 16) 
(61 82 5) 
(61 84 17) 
(61 85 43) 
(61 86 38) 
(61 87 27) 
(61 88 19) 
(61 90 42) 
(61 91 28) 
(61 92 47) 
(61 93 16) 
(61 95 49) 
(61 99 34) 
(61 101 47) 
(61 102 19) 
(61 104 5) 
(61 105 40) 
(61 106 12) 
(61 109 41) 
(61 110 16) 
(61 112 18) 
(61 113 2) 
(61 115 36) 
(61 116 39) 
(61 118 37) 
(61 119 38) 
(61 120 15) 
(61 123 38) 
(61 124 27) 
(61 125 37) 
(61 126 5) 
(61 127 33) 
(61 129 5) 
(61 131 37) 
(61 132 8) 
(61 133 34) 
(61 135 30) 
(61 136 25) 
(61 137 31) 
(61 138 35) 
(61 139 47) 
(61 141 39) 
(61 142 48) 
(61 144 46) 
(61 145 45) 
(61 148 16) 
(61 150 2) 
(61 151 32) 
(61 152 5) 
(61 154 15) 
(61 155 34) 
(61 157 44) 
(61 158 2) 
(61 159 2) 
(61 160 48) 
(61 161 8) 
(61 163 40) 
(61 164 50) 
(61 165 36) 
(61 166 34) 
(61 167 35) 
(61 168 12) 
(61 169 20) 
(61 170 6) 
(61 171 43) 
(61 172 4) 
(61 173 29) 
(61 174 4) 
(61 175 24) 
(61 176 49) 
(61 177 49) 
(61 178 14) 
(61 179 5) 
(61 180 26) 
(61 181 21) 
(61 182 43) 
(61 183 43) 
(61 184 19) 
(61 185 5) 
(61 186 46) 
(61 187 42) 
(61 188 41) 
(61 189 37) 
(61 190 6) 
(61 191 14) 
(61 192 47) 
(61 193 39) 
(61 194 49) 
(61 196 30) 
(61 197 25) 
(61 199 19) 
(62 0 13) 
(62 2 48) 
(62 3 34) 
(62 4 47) 
(62 6 25) 
(62 7 18) 
(62 8 46) 
(62 9 38) 
(62 10 37) 
(62 11 11) 
(62 12 16) 
(62 13 24) 
(62 14 29) 
(62 17 13) 
(62 18 5) 
(62 21 19) 
(62 23 12) 
(62 25 43) 
(62 27 3) 
(62 28 47) 
(62 29 3) 
(62 30 4) 
(62 31 46) 
(62 32 49) 
(62 34 43) 
(62 35 32) 
(62 36 43) 
(62 38 38) 
(62 41 24) 
(62 42 33) 
(62 44 1) 
(62 45 30) 
(62 46 4) 
(62 48 34) 
(62 49 9) 
(62 50 1) 
(62 51 24) 
(62 52 28) 
(62 53 20) 
(62 54 41) 
(62 55 15) 
(62 56 17) 
(62 57 32) 
(62 58 15) 
(62 59 10) 
(62 60 36) 
(62 61 8) 
(62 64 14) 
(62 66 10) 
(62 67 31) 
(62 68 7) 
(62 70 38) 
(62 71 33) 
(62 73 47) 
(62 74 25) 
(62 75 16) 
(62 76 41) 
(62 77 37) 
(62 78 37) 
(62 80 17) 
(62 81 32) 
(62 85 35) 
(62 86 9) 
(62 87 13) 
(62 88 8) 
(62 89 26) 
(62 90 8) 
(62 92 17) 
(62 93 17) 
(62 94 17) 
(62 95 21) 
(62 96 47) 
(62 97 35) 
(62 99 21) 
(62 100 42) 
(62 101 42) 
(62 103 46) 
(62 104 43) 
(62 105 9) 
(62 106 23) 
(62 108 1) 
(62 109 8) 
(62 110 38) 
(62 111 2) 
(62 114 49) 
(62 115 11) 
(62 116 41) 
(62 118 4) 
(62 119 29) 
(62 120 39) 
(62 121 3) 
(62 123 13) 
(62 125 17) 
(62 126 41) 
(62 129 18) 
(62 130 42) 
(62 132 16) 
(62 133 43) 
(62 134 42) 
(62 135 34) 
(62 136 48) 
(62 137 23) 
(62 138 16) 
(62 140 7) 
(62 141 31) 
(62 142 25) 
(62 146 49) 
(62 150 1) 
(62 151 22) 
(62 152 11) 
(62 153 47) 
(62 154 35) 
(62 155 19) 
(62 156 37) 
(62 157 36) 
(62 158 18) 
(62 161 41) 
(62 163 24) 
(62 164 34) 
(62 165 28) 
(62 167 25) 
(62 168 30) 
(62 170 16) 
(62 171 17) 
(62 172 32) 
(62 173 49) 
(62 174 37) 
(62 175 24) 
(62 176 17) 
(62 177 4) 
(62 178 34) 
(62 179 39) 
(62 180 3) 
(62 181 45) 
(62 186 20) 
(62 187 42) 
(62 188 19) 
(62 189 43) 
(62 191 36) 
(62 193 50) 
(62 194 3) 
(62 195 10) 
(62 196 15) 
(63 0 44) 
(63 1 45) 
(63 2 17) 
(63 4 43) 
(63 5 22) 
(63 7 26) 
(63 8 18) 
(63 9 13) 
(63 11 36) 
(63 14 26) 
(63 15 23) 
(63 17 42) 
(63 18 30) 
(63 19 8) 
(63 20 33) 
(63 21 44) 
(63 23 10) 
(63 24 24) 
(63 25 39) 
(63 27 47) 
(63 28 39) 
(63 29 16) 
(63 30 44) 
(63 32 12) 
(63 33 10) 
(63 34 46) 
(63 36 6) 
(63 37 41) 
(63 38 29) 
(63 39 12) 
(63 40 18) 
(63 44 44) 
(63 46 23) 
(63 49 49) 
(63 50 24) 
(63 51 39) 
(63 52 10) 
(63 53 29) 
(63 54 13) 
(63 55 17) 
(63 56 9) 
(63 58 7) 
(63 59 25) 
(63 60 34) 
(63 61 5) 
(63 62 3) 
(63 64 42) 
(63 66 16) 
(63 67 32) 
(63 69 41) 
(63 70 33) 
(63 71 31) 
(63 74 33) 
(63 75 41) 
(63 76 46) 
(63 77 22) 
(63 80 40) 
(63 81 4) 
(63 82 8) 
(63 84 23) 
(63 85 38) 
(63 86 20) 
(63 87 33) 
(63 90 16) 
(63 91 35) 
(63 92 7) 
(63 93 5) 
(63 94 36) 
(63 95 18) 
(63 96 11) 
(63 97 42) 
(63 99 2) 
(63 100 20) 
(63 101 25) 
(63 104 17) 
(63 105 8) 
(63 106 6) 
(63 107 12) 
(63 108 46) 
(63 109 43) 
(63 110 31) 
(63 111 43) 
(63 112 21) 
(63 113 4) 
(63 115 28) 
(63 116 12) 
(63 117 33) 
(63 119 4) 
(63 120 46) 
(63 121 24) 
(63 122 47) 
(63 123 10) 
(63 125 1) 
(63 127 43) 
(63 130 14) 
(63 133 10) 
(63 135 30) 
(63 136 20) 
(63 138 6) 
(63 139 47) 
(63 141 3) 
(63 143 50) 
(63 144 18) 
(63 145 4) 
(63 146 42) 
(63 148 29) 
(63 149 44) 
(63 150 45) 
(63 151 17) 
(63 152 44) 
(63 153 11) 
(63 154 20) 
(63 155 7) 
(63 156 8) 
(63 157 12) 
(63 158 15) 
(63 160 8) 
(63 161 40) 
(63 162 33) 
(63 163 12) 
(63 164 23) 
(63 165 5) 
(63 166 13) 
(63 168 24) 
(63 169 22) 
(63 170 45) 
(63 172 24) 
(63 173 41) 
(63 174 50) 
(63 175 43) 
(63 176 39) 
(63 177 50) 
(63 178 19) 
(63 182 18) 
(63 183 9) 
(63 185 30) 
(63 188 35) 
(63 189 47) 
(63 190 8) 
(63 191 13) 
(63 193 6) 
(63 194 18) 
(63 195 3) 
(63 196 32) 
(63 199 47) 
(64 0 25) 
(64 2 50) 
(64 3 31) 
(64 4 15) 
(64 6 3) 
(64 7 4) 
(64 8 38) 
(64 9 36) 
(64 10 22) 
(64 12 24) 
(64 13 11) 
(64 14 37) 
(64 16 25) 
(64 17 5) 
(64 18 37) 
(64 19 15) 
(64 20 22) 
(64 21 45) 
(64 22 44) 
(64 23 11) 
(64 24 47) 
(64 25 18) 
(64 26 32) 
(64 27 27) 
(64 28 23) 
(64 30 13) 
(64 33 26) 
(64 34 45) 
(64 35 16) 
(64 36 28) 
(64 37 4) 
(64 38 16) 
(64 39 31) 
(64 42 43) 
(64 43 13) 
(64 45 32) 
(64 46 47) 
(64 48 34) 
(64 49 18) 
(64 50 25) 
(64 51 23) 
(64 52 38) 
(64 53 40) 
(64 54 21) 
(64 55 38) 
(64 56 46) 
(64 57 26) 
(64 58 50) 
(64 60 45) 
(64 61 25) 
(64 62 25) 
(64 63 23) 
(64 65 29) 
(64 66 3) 
(64 67 45) 
(64 68 35) 
(64 70 33) 
(64 72 24) 
(64 75 24) 
(64 76 47) 
(64 79 50) 
(64 81 30) 
(64 82 43) 
(64 83 7) 
(64 84 50) 
(64 85 44) 
(64 86 9) 
(64 88 12) 
(64 89 4) 
(64 90 1) 
(64 91 21) 
(64 92 49) 
(64 93 17) 
(64 94 10) 
(64 95 5) 
(64 98 26) 
(64 99 32) 
(64 100 30) 
(64 101 6) 
(64 102 40) 
(64 104 24) 
(64 108 23) 
(64 109 47) 
(64 110 33) 
(64 112 42) 
(64 114 41) 
(64 115 12) 
(64 117 30) 
(64 118 17) 
(64 119 33) 
(64 121 29) 
(64 122 2) 
(64 126 36) 
(64 127 21) 
(64 128 12) 
(64 129 30) 
(64 130 14) 
(64 131 19) 
(64 133 1) 
(64 134 19) 
(64 136 14) 
(64 137 32) 
(64 138 29) 
(64 140 37) 
(64 141 13) 
(64 142 12) 
(64 143 50) 
(64 144 23) 
(64 145 29) 
(64 146 8) 
(64 147 48) 
(64 148 41) 
(64 149 45) 
(64 151 5) 
(64 152 12) 
(64 153 37) 
(64 154 18) 
(64 155 17) 
(64 156 16) 
(64 157 24) 
(64 160 24) 
(64 162 12) 
(64 163 42) 
(64 165 32) 
(64 166 49) 
(64 167 38) 
(64 168 36) 
(64 170 2) 
(64 172 17) 
(64 173 12) 
(64 174 48) 
(64 176 46) 
(64 179 11) 
(64 181 11) 
(64 183 4) 
(64 184 31) 
(64 185 5) 
(64 187 22) 
(64 189 3) 
(64 190 9) 
(64 191 12) 
(64 192 39) 
(64 193 36) 
(64 194 38) 
(64 195 31) 
(64 196 48) 
(64 198 4) 
(64 199 31) 
(65 0 37) 
(65 1 43) 
(65 3 46) 
(65 4 17) 
(65 5 41) 
(65 6 32) 
(65 7 8) 
(65 9 19) 
(65 10 37) 
(65 11 38) 
(65 12 21) 
(65 13 16) 
(65 14 42) 
(65 15 35) 
(65 16 43) 
(65 17 7) 
(65 18 20) 
(65 19 17) 
(65 20 30) 
(65 21 45) 
(65 22 2) 
(65 23 1) 
(65 24 12) 
(65 25 15) 
(65 26 44) 
(65 27 37) 
(65 29 32) 
(65 30 46) 
(65 31 40) 
(65 32 38) 
(65 34 17) 
(65 35 11) 
(65 36 32) 
(65 37 16) 
(65 38 33) 
(65 39 47) 
(65 40 28) 
(65 41 31) 
(65 44 10) 
(65 45 48) 
(65 46 23) 
(65 49 8) 
(65 50 24) 
(65 52 14) 
(65 53 11) 
(65 54 43) 
(65 56 18) 
(65 57 7) 
(65 59 2) 
(65 60 24) 
(65 62 9) 
(65 63 45) 
(65 64 26) 
(65 66 9) 
(65 68 12) 
(65 69 29) 
(65 70 35) 
(65 71 45) 
(65 72 32) 
(65 74 39) 
(65 75 24) 
(65 76 8) 
(65 77 6) 
(65 79 15) 
(65 81 24) 
(65 83 7) 
(65 84 4) 
(65 88 1) 
(65 89 12) 
(65 92 49) 
(65 93 31) 
(65 95 18) 
(65 96 29) 
(65 97 20) 
(65 100 8) 
(65 101 45) 
(65 103 14) 
(65 104 12) 
(65 105 29) 
(65 106 9) 
(65 107 3) 
(65 110 15) 
(65 111 41) 
(65 112 29) 
(65 114 1) 
(65 115 46) 
(65 116 3) 
(65 117 15) 
(65 118 25) 
(65 120 28) 
(65 123 25) 
(65 124 50) 
(65 127 32) 
(65 128 39) 
(65 129 14) 
(65 130 32) 
(65 131 31) 
(65 132 20) 
(65 133 19) 
(65 134 14) 
(65 136 27) 
(65 137 7) 
(65 138 7) 
(65 139 48) 
(65 142 44) 
(65 143 8) 
(65 144 50) 
(65 145 31) 
(65 146 27) 
(65 147 31) 
(65 148 5) 
(65 149 50) 
(65 150 31) 
(65 151 45) 
(65 152 46) 
(65 153 17) 
(65 154 12) 
(65 155 27) 
(65 157 39) 
(65 162 18) 
(65 163 17) 
(65 164 26) 
(65 166 44) 
(65 167 20) 
(65 168 4) 
(65 170 6) 
(65 172 44) 
(65 176 40) 
(65 177 45) 
(65 178 25) 
(65 179 5) 
(65 181 18) 
(65 183 6) 
(65 184 24) 
(65 185 23) 
(65 186 21) 
(65 187 32) 
(65 189 3) 
(65 191 41) 
(65 192 41) 
(65 194 48) 
(65 196 36) 
(65 197 35) 
(65 199 41) 
(66 1 20) 
(66 4 12) 
(66 5 3) 
(66 6 27) 
(66 7 44) 
(66 9 38) 
(66 10 7) 
(66 12 14) 
(66 13 48) 
(66 14 1) 
(66 15 42) 
(66 16 26) 
(66 17 15) 
(66 18 43) 
(66 19 31) 
(66 21 33) 
(66 22 37) 
(66 23 33) 
(66 24 39) 
(66 25 9) 
(66 26 40) 
(66 28 21) 
(66 29 25) 
(66 31 38) 
(66 34 33) 
(66 35 41) 
(66 36 14) 
(66 37 19) 
(66 40 40) 
(66 41 22) 
(66 42 40) 
(66 43 28) 
(66 44 24) 
(66 45 28) 
(66 46 35) 
(66 47 32) 
(66 48 33) 
(66 50 7) 
(66 53 37) 
(66 55 34) 
(66 56 47) 
(66 57 3) 
(66 58 5) 
(66 59 7) 
(66 61 33) 
(66 62 38) 
(66 63 35) 
(66 64 7) 
(66 65 21) 
(66 67 3) 
(66 69 35) 
(66 70 30) 
(66 71 39) 
(66 72 19) 
(66 73 29) 
(66 76 4) 
(66 77 37) 
(66 79 26) 
(66 80 7) 
(66 82 29) 
(66 83 15) 
(66 84 50) 
(66 85 11) 
(66 86 43) 
(66 87 31) 
(66 88 29) 
(66 90 35) 
(66 92 32) 
(66 93 48) 
(66 95 2) 
(66 96 40) 
(66 97 19) 
(66 98 2) 
(66 99 37) 
(66 100 13) 
(66 102 11) 
(66 103 37) 
(66 104 17) 
(66 105 41) 
(66 106 18) 
(66 107 45) 
(66 108 37) 
(66 109 30) 
(66 111 4) 
(66 112 40) 
(66 113 4) 
(66 115 42) 
(66 116 8) 
(66 117 17) 
(66 118 50) 
(66 119 7) 
(66 121 37) 
(66 123 9) 
(66 124 47) 
(66 126 29) 
(66 127 43) 
(66 128 31) 
(66 129 14) 
(66 130 29) 
(66 131 49) 
(66 132 34) 
(66 133 48) 
(66 134 46) 
(66 136 25) 
(66 137 49) 
(66 138 28) 
(66 139 32) 
(66 140 17) 
(66 141 22) 
(66 142 21) 
(66 144 35) 
(66 146 50) 
(66 147 7) 
(66 148 18) 
(66 149 40) 
(66 150 32) 
(66 151 49) 
(66 152 46) 
(66 153 47) 
(66 154 22) 
(66 155 9) 
(66 156 11) 
(66 157 35) 
(66 158 16) 
(66 160 10) 
(66 162 49) 
(66 165 40) 
(66 166 29) 
(66 167 50) 
(66 168 13) 
(66 169 50) 
(66 170 36) 
(66 171 30) 
(66 172 46) 
(66 173 10) 
(66 175 29) 
(66 176 20) 
(66 177 10) 
(66 180 38) 
(66 181 31) 
(66 182 40) 
(66 184 41) 
(66 185 42) 
(66 187 21) 
(66 188 11) 
(66 190 13) 
(66 191 28) 
(66 192 47) 
(66 193 16) 
(66 194 8) 
(66 195 9) 
(66 197 41) 
(66 199 10) 
(67 0 31) 
(67 1 49) 
(67 2 43) 
(67 3 47) 
(67 4 44) 
(67 5 9) 
(67 6 40) 
(67 7 23) 
(67 9 1) 
(67 12 12) 
(67 13 48) 
(67 14 47) 
(67 15 22) 
(67 16 20) 
(67 19 8) 
(67 21 22) 
(67 23 18) 
(67 24 5) 
(67 25 12) 
(67 26 32) 
(67 27 48) 
(67 28 9) 
(67 29 24) 
(67 30 48) 
(67 31 19) 
(67 32 27) 
(67 33 4) 
(67 34 1) 
(67 35 19) 
(67 36 36) 
(67 37 38) 
(67 39 21) 
(67 40 29) 
(67 41 35) 
(67 43 1) 
(67 44 49) 
(67 45 28) 
(67 46 48) 
(67 48 40) 
(67 49 12) 
(67 50 21) 
(67 51 8) 
(67 52 26) 
(67 53 14) 
(67 54 36) 
(67 55 41) 
(67 56 36) 
(67 58 50) 
(67 60 13) 
(67 61 22) 
(67 63 30) 
(67 64 6) 
(67 65 37) 
(67 66 26) 
(67 68 3) 
(67 69 47) 
(67 70 32) 
(67 71 48) 
(67 72 34) 
(67 73 25) 
(67 74 19) 
(67 76 13) 
(67 77 41) 
(67 78 8) 
(67 79 9) 
(67 80 24) 
(67 81 9) 
(67 82 4) 
(67 83 47) 
(67 84 9) 
(67 85 10) 
(67 86 26) 
(67 87 40) 
(67 89 27) 
(67 91 41) 
(67 92 31) 
(67 93 29) 
(67 94 17) 
(67 95 33) 
(67 96 26) 
(67 97 14) 
(67 98 47) 
(67 99 50) 
(67 100 44) 
(67 101 44) 
(67 102 11) 
(67 105 49) 
(67 106 32) 
(67 107 5) 
(67 108 20) 
(67 110 6) 
(67 113 26) 
(67 114 3) 
(67 115 49) 
(67 116 5) 
(67 117 1) 
(67 118 26) 
(67 119 50) 
(67 121 43) 
(67 122 45) 
(67 123 3) 
(67 125 47) 
(67 126 23) 
(67 127 20) 
(67 128 38) 
(67 131 26) 
(67 132 5) 
(67 133 6) 
(67 134 5) 
(67 135 36) 
(67 136 14) 
(67 137 42) 
(67 139 43) 
(67 141 44) 
(67 142 42) 
(67 143 20) 
(67 144 50) 
(67 145 1) 
(67 148 6) 
(67 150 7) 
(67 151 24) 
(67 153 5) 
(67 154 25) 
(67 155 6) 
(67 157 38) 
(67 158 38) 
(67 160 11) 
(67 162 36) 
(67 163 25) 
(67 164 27) 
(67 167 15) 
(67 168 42) 
(67 169 29) 
(67 170 23) 
(67 171 48) 
(67 172 4) 
(67 173 33) 
(67 174 18) 
(67 176 36) 
(67 177 48) 
(67 179 22) 
(67 180 50) 
(67 181 29) 
(67 182 47) 
(67 183 45) 
(67 184 45) 
(67 185 39) 
(67 188 14) 
(67 189 1) 
(67 190 38) 
(67 191 41) 
(67 192 34) 
(67 194 5) 
(67 195 36) 
(67 198 25) 
(68 0 12) 
(68 2 29) 
(68 3 36) 
(68 4 28) 
(68 5 49) 
(68 6 40) 
(68 7 8) 
(68 8 17) 
(68 9 37) 
(68 10 18) 
(68 12 45) 
(68 13 26) 
(68 14 5) 
(68 15 32) 
(68 16 11) 
(68 18 38) 
(68 20 44) 
(68 21 16) 
(68 22 32) 
(68 24 36) 
(68 25 41) 
(68 26 39) 
(68 27 3) 
(68 28 22) 
(68 29 21) 
(68 31 21) 
(68 32 26) 
(68 33 30) 
(68 34 32) 
(68 35 44) 
(68 38 22) 
(68 40 12) 
(68 41 42) 
(68 42 47) 
(68 44 26) 
(68 45 25) 
(68 47 23) 
(68 48 48) 
(68 50 32) 
(68 52 35) 
(68 53 43) 
(68 54 13) 
(68 56 3) 
(68 57 7) 
(68 58 27) 
(68 59 27) 
(68 61 7) 
(68 62 40) 
(68 63 40) 
(68 64 15) 
(68 65 7) 
(68 66 48) 
(68 69 43) 
(68 71 9) 
(68 72 9) 
(68 73 43) 
(68 74 37) 
(68 76 48) 
(68 79 22) 
(68 80 13) 
(68 81 49) 
(68 82 5) 
(68 83 44) 
(68 84 30) 
(68 86 43) 
(68 87 2) 
(68 88 13) 
(68 90 42) 
(68 91 18) 
(68 92 47) 
(68 93 28) 
(68 94 34) 
(68 97 41) 
(68 98 21) 
(68 99 5) 
(68 100 22) 
(68 101 10) 
(68 102 9) 
(68 103 45) 
(68 104 4) 
(68 105 43) 
(68 106 11) 
(68 107 1) 
(68 108 24) 
(68 112 42) 
(68 115 19) 
(68 116 3) 
(68 118 14) 
(68 119 22) 
(68 121 38) 
(68 122 33) 
(68 125 30) 
(68 126 4) 
(68 127 32) 
(68 128 25) 
(68 129 40) 
(68 130 48) 
(68 131 15) 
(68 133 21) 
(68 134 10) 
(68 135 11) 
(68 136 13) 
(68 138 48) 
(68 139 47) 
(68 140 35) 
(68 141 19) 
(68 142 23) 
(68 143 48) 
(68 144 8) 
(68 146 32) 
(68 147 1) 
(68 152 4) 
(68 153 49) 
(68 154 18) 
(68 155 50) 
(68 156 13) 
(68 157 19) 
(68 158 6) 
(68 159 11) 
(68 160 29) 
(68 161 8) 
(68 162 25) 
(68 164 26) 
(68 165 49) 
(68 166 8) 
(68 168 20) 
(68 169 47) 
(68 171 8) 
(68 172 37) 
(68 173 5) 
(68 175 13) 
(68 176 11) 
(68 178 6) 
(68 179 45) 
(68 181 17) 
(68 182 19) 
(68 183 25) 
(68 184 27) 
(68 185 28) 
(68 187 30) 
(68 188 43) 
(68 189 41) 
(68 190 12) 
(68 191 20) 
(68 193 46) 
(68 195 34) 
(68 197 12) 
(68 198 29) 
(68 199 29) 
(69 0 3) 
(69 1 1) 
(69 2 7) 
(69 3 45) 
(69 4 39) 
(69 5 6) 
(69 6 18) 
(69 7 5) 
(69 8 26) 
(69 9 42) 
(69 10 39) 
(69 11 32) 
(69 12 11) 
(69 13 1) 
(69 14 5) 
(69 15 31) 
(69 16 2) 
(69 17 28) 
(69 18 43) 
(69 19 23) 
(69 20 5) 
(69 21 37) 
(69 22 26) 
(69 23 30) 
(69 24 50) 
(69 25 26) 
(69 26 24) 
(69 27 19) 
(69 28 27) 
(69 29 31) 
(69 31 35) 
(69 32 49) 
(69 33 34) 
(69 35 41) 
(69 36 39) 
(69 37 8) 
(69 38 23) 
(69 40 31) 
(69 41 34) 
(69 42 7) 
(69 43 46) 
(69 44 21) 
(69 46 27) 
(69 47 44) 
(69 50 23) 
(69 51 28) 
(69 52 14) 
(69 54 15) 
(69 55 42) 
(69 56 32) 
(69 57 4) 
(69 58 17) 
(69 59 19) 
(69 60 6) 
(69 61 7) 
(69 64 41) 
(69 65 28) 
(69 66 9) 
(69 68 16) 
(69 71 41) 
(69 72 29) 
(69 73 36) 
(69 74 37) 
(69 75 34) 
(69 78 13) 
(69 79 43) 
(69 80 44) 
(69 81 31) 
(69 82 28) 
(69 83 19) 
(69 84 24) 
(69 86 30) 
(69 88 49) 
(69 89 29) 
(69 90 50) 
(69 91 47) 
(69 94 18) 
(69 96 3) 
(69 98 25) 
(69 99 13) 
(69 101 5) 
(69 102 13) 
(69 105 7) 
(69 106 31) 
(69 107 28) 
(69 108 6) 
(69 109 10) 
(69 110 36) 
(69 111 8) 
(69 112 45) 
(69 114 32) 
(69 115 25) 
(69 116 16) 
(69 117 7) 
(69 118 16) 
(69 121 16) 
(69 122 24) 
(69 123 20) 
(69 124 12) 
(69 125 28) 
(69 126 50) 
(69 127 47) 
(69 128 16) 
(69 129 32) 
(69 130 32) 
(69 131 16) 
(69 132 4) 
(69 134 37) 
(69 135 30) 
(69 136 1) 
(69 137 3) 
(69 140 22) 
(69 141 26) 
(69 142 16) 
(69 144 45) 
(69 145 46) 
(69 146 39) 
(69 147 43) 
(69 148 44) 
(69 150 27) 
(69 153 11) 
(69 154 34) 
(69 155 14) 
(69 156 49) 
(69 158 39) 
(69 159 11) 
(69 161 25) 
(69 162 40) 
(69 163 44) 
(69 164 5) 
(69 165 48) 
(69 166 50) 
(69 167 19) 
(69 168 7) 
(69 169 19) 
(69 170 4) 
(69 172 20) 
(69 173 25) 
(69 174 36) 
(69 175 42) 
(69 176 43) 
(69 178 38) 
(69 180 45) 
(69 182 29) 
(69 183 19) 
(69 185 16) 
(69 186 21) 
(69 187 45) 
(69 188 32) 
(69 189 42) 
(69 190 8) 
(69 192 1) 
(69 193 48) 
(69 195 8) 
(69 196 22) 
(69 197 30) 
(69 198 32) 
(70 0 28) 
(70 1 22) 
(70 2 45) 
(70 5 34) 
(70 7 5) 
(70 8 22) 
(70 9 24) 
(70 10 40) 
(70 11 30) 
(70 12 22) 
(70 13 31) 
(70 14 36) 
(70 15 41) 
(70 17 39) 
(70 18 20) 
(70 19 3) 
(70 20 16) 
(70 22 50) 
(70 25 5) 
(70 26 12) 
(70 27 33) 
(70 28 12) 
(70 30 1) 
(70 31 22) 
(70 32 33) 
(70 33 21) 
(70 34 34) 
(70 35 22) 
(70 37 42) 
(70 39 44) 
(70 40 13) 
(70 41 41) 
(70 42 7) 
(70 43 34) 
(70 44 29) 
(70 46 13) 
(70 48 17) 
(70 51 41) 
(70 52 44) 
(70 53 12) 
(70 54 37) 
(70 56 14) 
(70 57 14) 
(70 58 34) 
(70 60 48) 
(70 61 32) 
(70 62 48) 
(70 63 35) 
(70 65 26) 
(70 66 17) 
(70 67 28) 
(70 69 47) 
(70 74 29) 
(70 77 38) 
(70 78 11) 
(70 79 22) 
(70 80 6) 
(70 81 30) 
(70 82 29) 
(70 84 12) 
(70 85 41) 
(70 86 13) 
(70 87 32) 
(70 88 4) 
(70 89 9) 
(70 90 34) 
(70 91 11) 
(70 95 22) 
(70 99 46) 
(70 100 13) 
(70 102 36) 
(70 104 38) 
(70 105 2) 
(70 107 42) 
(70 108 41) 
(70 109 8) 
(70 110 20) 
(70 111 34) 
(70 113 24) 
(70 115 40) 
(70 116 44) 
(70 117 14) 
(70 118 14) 
(70 119 4) 
(70 120 15) 
(70 121 46) 
(70 122 20) 
(70 124 37) 
(70 126 49) 
(70 129 25) 
(70 130 16) 
(70 131 1) 
(70 133 11) 
(70 134 44) 
(70 135 1) 
(70 136 35) 
(70 138 24) 
(70 139 36) 
(70 140 29) 
(70 141 3) 
(70 143 49) 
(70 144 33) 
(70 146 3) 
(70 147 44) 
(70 148 29) 
(70 149 25) 
(70 150 47) 
(70 151 29) 
(70 152 19) 
(70 153 48) 
(70 154 48) 
(70 155 31) 
(70 157 49) 
(70 159 30) 
(70 160 20) 
(70 162 11) 
(70 163 49) 
(70 165 14) 
(70 167 48) 
(70 168 26) 
(70 171 20) 
(70 172 42) 
(70 173 7) 
(70 174 42) 
(70 175 49) 
(70 176 36) 
(70 177 33) 
(70 178 35) 
(70 181 22) 
(70 182 12) 
(70 183 48) 
(70 186 24) 
(70 187 37) 
(70 189 19) 
(70 190 3) 
(70 192 48) 
(70 195 42) 
(70 196 24) 
(70 198 29) 
(70 199 40) 
(71 2 45) 
(71 3 30) 
(71 4 45) 
(71 5 45) 
(71 7 29) 
(71 8 34) 
(71 9 2) 
(71 12 37) 
(71 13 12) 
(71 14 26) 
(71 15 19) 
(71 17 16) 
(71 18 9) 
(71 19 44) 
(71 20 42) 
(71 22 22) 
(71 23 47) 
(71 25 1) 
(71 26 7) 
(71 27 36) 
(71 28 49) 
(71 30 32) 
(71 32 11) 
(71 33 9) 
(71 34 15) 
(71 36 2) 
(71 38 4) 
(71 39 3) 
(71 40 24) 
(71 41 13) 
(71 42 43) 
(71 43 20) 
(71 44 22) 
(71 45 7) 
(71 47 25) 
(71 48 7) 
(71 50 45) 
(71 51 3) 
(71 52 8) 
(71 53 14) 
(71 54 50) 
(71 55 18) 
(71 56 12) 
(71 57 26) 
(71 58 47) 
(71 59 3) 
(71 60 1) 
(71 61 18) 
(71 63 48) 
(71 64 15) 
(71 66 28) 
(71 67 42) 
(71 68 50) 
(71 69 11) 
(71 70 39) 
(71 72 44) 
(71 75 43) 
(71 76 34) 
(71 77 48) 
(71 79 19) 
(71 80 45) 
(71 82 19) 
(71 83 36) 
(71 84 32) 
(71 85 13) 
(71 87 18) 
(71 88 37) 
(71 90 28) 
(71 91 45) 
(71 92 46) 
(71 93 27) 
(71 94 13) 
(71 96 38) 
(71 98 32) 
(71 99 24) 
(71 100 28) 
(71 101 19) 
(71 103 16) 
(71 104 42) 
(71 105 44) 
(71 106 28) 
(71 107 1) 
(71 108 41) 
(71 109 11) 
(71 110 41) 
(71 111 29) 
(71 112 21) 
(71 113 14) 
(71 115 48) 
(71 116 17) 
(71 118 10) 
(71 119 43) 
(71 122 1) 
(71 123 14) 
(71 124 13) 
(71 125 48) 
(71 126 14) 
(71 128 43) 
(71 129 40) 
(71 132 37) 
(71 135 16) 
(71 136 28) 
(71 137 49) 
(71 139 5) 
(71 140 44) 
(71 141 7) 
(71 142 42) 
(71 144 22) 
(71 146 10) 
(71 147 41) 
(71 148 15) 
(71 149 48) 
(71 150 49) 
(71 152 48) 
(71 153 18) 
(71 154 3) 
(71 155 6) 
(71 156 20) 
(71 157 24) 
(71 158 27) 
(71 159 31) 
(71 160 6) 
(71 161 26) 
(71 163 12) 
(71 164 46) 
(71 165 44) 
(71 166 12) 
(71 167 31) 
(71 168 13) 
(71 169 41) 
(71 170 50) 
(71 171 21) 
(71 172 10) 
(71 174 45) 
(71 176 11) 
(71 180 34) 
(71 181 14) 
(71 182 10) 
(71 185 2) 
(71 186 36) 
(71 187 12) 
(71 190 12) 
(71 192 9) 
(71 193 14) 
(71 194 6) 
(71 195 33) 
(71 196 34) 
(71 197 16) 
(71 198 50) 
(71 199 30) 
(72 0 14) 
(72 1 33) 
(72 2 16) 
(72 6 1) 
(72 7 50) 
(72 8 46) 
(72 9 13) 
(72 10 34) 
(72 11 28) 
(72 12 22) 
(72 13 1) 
(72 14 8) 
(72 15 34) 
(72 16 43) 
(72 17 7) 
(72 20 18) 
(72 21 12) 
(72 22 26) 
(72 23 27) 
(72 24 23) 
(72 25 28) 
(72 26 30) 
(72 28 40) 
(72 30 5) 
(72 31 35) 
(72 32 10) 
(72 34 41) 
(72 36 27) 
(72 37 12) 
(72 38 22) 
(72 39 6) 
(72 41 22) 
(72 43 18) 
(72 44 2) 
(72 46 28) 
(72 48 19) 
(72 49 26) 
(72 50 10) 
(72 51 20) 
(72 52 2) 
(72 53 50) 
(72 54 26) 
(72 55 5) 
(72 56 29) 
(72 57 21) 
(72 58 48) 
(72 59 17) 
(72 60 37) 
(72 62 48) 
(72 64 37) 
(72 65 7) 
(72 66 18) 
(72 68 17) 
(72 69 10) 
(72 70 26) 
(72 71 46) 
(72 73 2) 
(72 74 38) 
(72 76 9) 
(72 77 9) 
(72 78 17) 
(72 79 5) 
(72 81 11) 
(72 88 31) 
(72 89 3) 
(72 91 20) 
(72 93 23) 
(72 95 18) 
(72 96 16) 
(72 97 22) 
(72 100 6) 
(72 102 48) 
(72 103 38) 
(72 105 28) 
(72 106 17) 
(72 107 13) 
(72 108 18) 
(72 109 35) 
(72 110 32) 
(72 111 14) 
(72 112 10) 
(72 113 30) 
(72 114 24) 
(72 115 26) 
(72 116 31) 
(72 117 12) 
(72 118 33) 
(72 121 22) 
(72 122 10) 
(72 123 10) 
(72 124 45) 
(72 125 32) 
(72 127 25) 
(72 128 8) 
(72 129 20) 
(72 133 28) 
(72 135 13) 
(72 136 15) 
(72 137 12) 
(72 138 11) 
(72 139 3) 
(72 140 15) 
(72 141 14) 
(72 142 16) 
(72 143 11) 
(72 144 49) 
(72 145 40) 
(72 146 33) 
(72 147 27) 
(72 148 25) 
(72 149 21) 
(72 153 9) 
(72 154 49) 
(72 157 47) 
(72 159 17) 
(72 160 9) 
(72 161 25) 
(72 163 39) 
(72 164 41) 
(72 165 33) 
(72 169 18) 
(72 172 1) 
(72 173 24) 
(72 176 31) 
(72 179 14) 
(72 181 27) 
(72 182 7) 
(72 183 35) 
(72 184 19) 
(72 185 46) 
(72 188 33) 
(72 189 33) 
(72 193 34) 
(72 194 11) 
(72 195 45) 
(72 196 5) 
(72 197 47) 
(72 198 3) 
(72 199 42) 
(73 0 46) 
(73 3 7) 
(73 4 47) 
(73 5 28) 
(73 6 7) 
(73 7 12) 
(73 8 26) 
(73 9 18) 
(73 10 29) 
(73 13 15) 
(73 14 17) 
(73 16 13) 
(73 17 19) 
(73 19 49) 
(73 21 50) 
(73 22 14) 
(73 23 11) 
(73 26 10) 
(73 27 11) 
(73 28 18) 
(73 29 16) 
(73 30 16) 
(73 31 46) 
(73 33 42) 
(73 34 13) 
(73 36 42) 
(73 37 35) 
(73 38 4) 
(73 39 47) 
(73 40 14) 
(73 41 38) 
(73 42 10) 
(73 43 18) 
(73 44 33) 
(73 45 11) 
(73 46 21) 
(73 47 33) 
(73 48 40) 
(73 49 35) 
(73 50 30) 
(73 51 43) 
(73 52 16) 
(73 53 45) 
(73 54 33) 
(73 56 10) 
(73 57 26) 
(73 58 25) 
(73 59 47) 
(73 62 42) 
(73 64 31) 
(73 65 17) 
(73 66 23) 
(73 67 3) 
(73 68 43) 
(73 69 15) 
(73 70 10) 
(73 71 33) 
(73 72 24) 
(73 74 1) 
(73 75 46) 
(73 76 5) 
(73 77 32) 
(73 78 14) 
(73 79 30) 
(73 80 50) 
(73 82 7) 
(73 84 32) 
(73 87 47) 
(73 88 39) 
(73 89 31) 
(73 90 16) 
(73 92 3) 
(73 94 5) 
(73 95 37) 
(73 96 45) 
(73 97 29) 
(73 98 46) 
(73 100 32) 
(73 101 33) 
(73 102 48) 
(73 103 16) 
(73 105 9) 
(73 106 42) 
(73 108 10) 
(73 109 47) 
(73 110 22) 
(73 111 1) 
(73 112 9) 
(73 113 46) 
(73 114 18) 
(73 115 19) 
(73 116 39) 
(73 118 25) 
(73 119 50) 
(73 120 34) 
(73 121 45) 
(73 123 40) 
(73 124 13) 
(73 125 47) 
(73 128 37) 
(73 131 3) 
(73 132 11) 
(73 133 16) 
(73 135 28) 
(73 136 45) 
(73 137 38) 
(73 138 20) 
(73 139 45) 
(73 140 20) 
(73 141 24) 
(73 142 28) 
(73 143 43) 
(73 144 16) 
(73 146 25) 
(73 147 13) 
(73 148 47) 
(73 149 17) 
(73 150 43) 
(73 151 32) 
(73 152 12) 
(73 153 49) 
(73 154 22) 
(73 156 47) 
(73 157 22) 
(73 160 14) 
(73 161 48) 
(73 162 14) 
(73 163 36) 
(73 164 5) 
(73 166 29) 
(73 167 12) 
(73 168 4) 
(73 169 8) 
(73 170 38) 
(73 171 34) 
(73 172 11) 
(73 173 14) 
(73 174 15) 
(73 175 42) 
(73 176 43) 
(73 178 49) 
(73 179 32) 
(73 181 29) 
(73 182 35) 
(73 183 11) 
(73 185 20) 
(73 186 47) 
(73 187 25) 
(73 188 37) 
(73 189 30) 
(73 190 2) 
(73 191 39) 
(73 193 19) 
(73 194 46) 
(73 195 28) 
(73 198 31) 
(73 199 14) 
(74 0 40) 
(74 1 29) 
(74 2 30) 
(74 4 44) 
(74 5 45) 
(74 6 37) 
(74 9 47) 
(74 10 37) 
(74 11 35) 
(74 13 18) 
(74 14 13) 
(74 15 47) 
(74 17 26) 
(74 19 24) 
(74 20 33) 
(74 22 13) 
(74 23 41) 
(74 24 33) 
(74 25 44) 
(74 26 15) 
(74 28 11) 
(74 29 8) 
(74 31 34) 
(74 32 9) 
(74 34 37) 
(74 35 34) 
(74 36 27) 
(74 38 36) 
(74 40 12) 
(74 42 12) 
(74 44 21) 
(74 45 19) 
(74 47 43) 
(74 48 23) 
(74 49 2) 
(74 52 36) 
(74 53 48) 
(74 54 42) 
(74 56 37) 
(74 57 19) 
(74 60 14) 
(74 62 37) 
(74 63 4) 
(74 65 36) 
(74 66 15) 
(74 68 21) 
(74 69 30) 
(74 70 28) 
(74 71 19) 
(74 72 48) 
(74 73 26) 
(74 75 11) 
(74 76 8) 
(74 77 23) 
(74 80 10) 
(74 81 17) 
(74 82 3) 
(74 84 30) 
(74 85 10) 
(74 86 33) 
(74 89 39) 
(74 91 7) 
(74 92 8) 
(74 93 39) 
(74 94 35) 
(74 95 39) 
(74 96 24) 
(74 97 36) 
(74 98 8) 
(74 100 50) 
(74 101 25) 
(74 102 7) 
(74 105 8) 
(74 106 42) 
(74 108 16) 
(74 110 46) 
(74 111 13) 
(74 112 9) 
(74 113 16) 
(74 117 3) 
(74 118 25) 
(74 119 9) 
(74 120 11) 
(74 121 16) 
(74 122 40) 
(74 123 19) 
(74 124 50) 
(74 125 28) 
(74 126 30) 
(74 127 42) 
(74 128 27) 
(74 129 8) 
(74 130 40) 
(74 131 20) 
(74 132 19) 
(74 133 26) 
(74 134 4) 
(74 135 10) 
(74 136 15) 
(74 140 36) 
(74 142 31) 
(74 144 19) 
(74 145 39) 
(74 146 42) 
(74 147 9) 
(74 148 33) 
(74 149 9) 
(74 150 23) 
(74 151 8) 
(74 152 32) 
(74 153 41) 
(74 154 23) 
(74 155 33) 
(74 157 16) 
(74 158 8) 
(74 159 2) 
(74 160 40) 
(74 161 49) 
(74 162 18) 
(74 165 17) 
(74 166 21) 
(74 167 40) 
(74 168 22) 
(74 169 40) 
(74 171 8) 
(74 172 43) 
(74 174 20) 
(74 175 13) 
(74 176 14) 
(74 177 23) 
(74 178 48) 
(74 179 2) 
(74 181 48) 
(74 182 10) 
(74 183 26) 
(74 184 28) 
(74 185 8) 
(74 186 41) 
(74 187 29) 
(74 190 15) 
(74 191 32) 
(74 192 6) 
(74 193 22) 
(74 194 36) 
(74 196 22) 
(74 197 16) 
(74 198 38) 
(75 1 47) 
(75 3 39) 
(75 5 28) 
(75 6 33) 
(75 7 11) 
(75 8 45) 
(75 10 39) 
(75 11 6) 
(75 12 28) 
(75 13 46) 
(75 14 5) 
(75 15 44) 
(75 16 19) 
(75 17 34) 
(75 18 35) 
(75 19 35) 
(75 20 26) 
(75 21 43) 
(75 22 21) 
(75 23 1) 
(75 24 38) 
(75 26 32) 
(75 27 25) 
(75 28 17) 
(75 29 6) 
(75 30 38) 
(75 31 24) 
(75 34 27) 
(75 35 16) 
(75 36 18) 
(75 37 46) 
(75 40 4) 
(75 41 30) 
(75 42 2) 
(75 43 19) 
(75 44 25) 
(75 45 23) 
(75 48 12) 
(75 49 41) 
(75 51 18) 
(75 52 43) 
(75 56 2) 
(75 57 30) 
(75 58 45) 
(75 59 12) 
(75 60 21) 
(75 61 31) 
(75 63 5) 
(75 64 15) 
(75 65 32) 
(75 66 20) 
(75 67 1) 
(75 68 32) 
(75 70 8) 
(75 72 17) 
(75 76 45) 
(75 77 35) 
(75 79 19) 
(75 80 15) 
(75 81 22) 
(75 83 30) 
(75 84 48) 
(75 88 14) 
(75 89 24) 
(75 90 7) 
(75 91 27) 
(75 93 39) 
(75 95 19) 
(75 97 42) 
(75 98 23) 
(75 101 15) 
(75 102 38) 
(75 103 11) 
(75 104 7) 
(75 105 25) 
(75 106 14) 
(75 107 45) 
(75 108 50) 
(75 109 19) 
(75 110 23) 
(75 111 22) 
(75 112 17) 
(75 114 23) 
(75 116 14) 
(75 118 42) 
(75 119 11) 
(75 120 36) 
(75 122 50) 
(75 123 38) 
(75 124 31) 
(75 125 31) 
(75 126 45) 
(75 127 30) 
(75 128 43) 
(75 129 7) 
(75 130 28) 
(75 131 16) 
(75 132 29) 
(75 133 6) 
(75 134 2) 
(75 135 19) 
(75 136 7) 
(75 137 1) 
(75 138 33) 
(75 139 16) 
(75 142 48) 
(75 145 37) 
(75 146 19) 
(75 149 28) 
(75 150 43) 
(75 151 12) 
(75 152 8) 
(75 153 43) 
(75 154 43) 
(75 155 34) 
(75 156 35) 
(75 158 8) 
(75 159 16) 
(75 160 26) 
(75 161 28) 
(75 163 24) 
(75 164 36) 
(75 165 6) 
(75 166 36) 
(75 167 25) 
(75 168 23) 
(75 169 31) 
(75 170 27) 
(75 171 11) 
(75 173 3) 
(75 174 17) 
(75 175 5) 
(75 177 7) 
(75 179 38) 
(75 182 45) 
(75 183 32) 
(75 184 36) 
(75 185 34) 
(75 188 14) 
(75 189 17) 
(75 190 19) 
(75 191 41) 
(75 192 11) 
(75 193 49) 
(75 194 16) 
(75 196 27) 
(75 197 24) 
(75 198 44) 
(75 199 39) 
(76 0 21) 
(76 1 26) 
(76 4 16) 
(76 5 27) 
(76 6 9) 
(76 7 14) 
(76 8 33) 
(76 9 37) 
(76 10 17) 
(76 12 29) 
(76 14 31) 
(76 18 48) 
(76 19 48) 
(76 20 41) 
(76 22 23) 
(76 23 11) 
(76 25 11) 
(76 27 47) 
(76 29 36) 
(76 30 44) 
(76 31 2) 
(76 32 19) 
(76 33 21) 
(76 34 44) 
(76 35 46) 
(76 36 42) 
(76 37 14) 
(76 38 18) 
(76 39 1) 
(76 41 14) 
(76 43 42) 
(76 44 34) 
(76 45 30) 
(76 47 9) 
(76 48 4) 
(76 49 13) 
(76 51 26) 
(76 52 11) 
(76 54 2) 
(76 55 12) 
(76 56 47) 
(76 58 23) 
(76 59 23) 
(76 60 20) 
(76 61 14) 
(76 62 19) 
(76 63 29) 
(76 66 14) 
(76 67 17) 
(76 69 7) 
(76 70 16) 
(76 71 15) 
(76 72 35) 
(76 73 3) 
(76 74 41) 
(76 77 32) 
(76 78 34) 
(76 79 29) 
(76 80 11) 
(76 81 45) 
(76 82 31) 
(76 83 43) 
(76 84 1) 
(76 85 10) 
(76 86 30) 
(76 88 30) 
(76 89 16) 
(76 91 35) 
(76 92 13) 
(76 94 37) 
(76 95 33) 
(76 96 50) 
(76 99 1) 
(76 100 18) 
(76 101 12) 
(76 102 39) 
(76 103 46) 
(76 105 10) 
(76 106 24) 
(76 107 47) 
(76 108 33) 
(76 109 10) 
(76 110 48) 
(76 111 47) 
(76 112 50) 
(76 113 28) 
(76 115 47) 
(76 117 3) 
(76 118 34) 
(76 121 1) 
(76 123 33) 
(76 125 24) 
(76 126 26) 
(76 127 18) 
(76 129 8) 
(76 130 45) 
(76 131 31) 
(76 135 41) 
(76 136 50) 
(76 139 5) 
(76 142 31) 
(76 143 30) 
(76 144 8) 
(76 145 3) 
(76 146 7) 
(76 147 32) 
(76 148 18) 
(76 150 5) 
(76 151 31) 
(76 152 1) 
(76 153 39) 
(76 154 41) 
(76 155 17) 
(76 157 38) 
(76 160 23) 
(76 161 22) 
(76 163 35) 
(76 164 34) 
(76 166 17) 
(76 167 37) 
(76 168 11) 
(76 171 31) 
(76 172 11) 
(76 173 10) 
(76 174 23) 
(76 175 32) 
(76 177 3) 
(76 178 20) 
(76 179 18) 
(76 180 28) 
(76 181 30) 
(76 182 11) 
(76 183 11) 
(76 187 24) 
(76 188 28) 
(76 190 22) 
(76 191 19) 
(76 192 29) 
(76 193 1) 
(76 194 38) 
(76 195 9) 
(76 196 18) 
(76 197 30) 
(76 198 3) 
(76 199 28) 
(77 0 15) 
(77 1 24) 
(77 2 47) 
(77 3 5) 
(77 4 15) 
(77 5 12) 
(77 7 43) 
(77 8 3) 
(77 9 39) 
(77 10 24) 
(77 12 27) 
(77 13 26) 
(77 14 31) 
(77 16 6) 
(77 17 12) 
(77 18 19) 
(77 19 14) 
(77 20 43) 
(77 22 11) 
(77 23 17) 
(77 24 47) 
(77 25 34) 
(77 27 23) 
(77 28 14) 
(77 29 31) 
(77 30 12) 
(77 31 37) 
(77 32 12) 
(77 33 49) 
(77 34 30) 
(77 36 13) 
(77 37 18) 
(77 38 25) 
(77 39 34) 
(77 40 45) 
(77 42 22) 
(77 43 33) 
(77 44 6) 
(77 46 47) 
(77 48 21) 
(77 49 49) 
(77 50 16) 
(77 51 40) 
(77 53 6) 
(77 54 2) 
(77 56 11) 
(77 57 10) 
(77 58 26) 
(77 59 23) 
(77 60 42) 
(77 61 17) 
(77 62 25) 
(77 63 12) 
(77 66 7) 
(77 69 45) 
(77 70 33) 
(77 72 22) 
(77 73 35) 
(77 76 14) 
(77 79 27) 
(77 80 17) 
(77 82 13) 
(77 83 48) 
(77 85 6) 
(77 86 41) 
(77 87 14) 
(77 88 4) 
(77 89 24) 
(77 90 30) 
(77 92 38) 
(77 93 47) 
(77 94 27) 
(77 95 45) 
(77 96 17) 
(77 97 49) 
(77 98 4) 
(77 99 20) 
(77 100 46) 
(77 101 41) 
(77 102 15) 
(77 103 20) 
(77 104 24) 
(77 105 13) 
(77 106 34) 
(77 107 47) 
(77 108 42) 
(77 109 34) 
(77 110 27) 
(77 111 29) 
(77 112 41) 
(77 113 38) 
(77 114 45) 
(77 115 42) 
(77 116 16) 
(77 117 41) 
(77 119 48) 
(77 121 3) 
(77 122 35) 
(77 123 10) 
(77 124 29) 
(77 125 31) 
(77 126 50) 
(77 127 28) 
(77 128 4) 
(77 129 37) 
(77 130 22) 
(77 132 18) 
(77 134 9) 
(77 135 33) 
(77 136 8) 
(77 138 46) 
(77 139 1) 
(77 140 45) 
(77 141 45) 
(77 143 7) 
(77 144 50) 
(77 147 25) 
(77 148 7) 
(77 151 42) 
(77 152 46) 
(77 153 19) 
(77 154 40) 
(77 156 37) 
(77 158 41) 
(77 159 18) 
(77 160 7) 
(77 161 28) 
(77 163 39) 
(77 164 2) 
(77 165 46) 
(77 169 44) 
(77 170 7) 
(77 173 36) 
(77 176 3) 
(77 178 24) 
(77 180 45) 
(77 181 31) 
(77 182 50) 
(77 185 4) 
(77 186 47) 
(77 187 16) 
(77 188 27) 
(77 189 11) 
(77 190 5) 
(77 191 9) 
(77 192 19) 
(77 193 15) 
(77 194 28) 
(77 195 38) 
(77 196 38) 
(77 198 26) 
(77 199 22) 
(78 0 19) 
(78 2 43) 
(78 3 21) 
(78 4 5) 
(78 5 25) 
(78 6 13) 
(78 7 33) 
(78 8 23) 
(78 9 13) 
(78 10 24) 
(78 11 22) 
(78 12 43) 
(78 13 38) 
(78 15 26) 
(78 16 19) 
(78 17 13) 
(78 19 6) 
(78 20 7) 
(78 21 12) 
(78 22 4) 
(78 23 36) 
(78 26 11) 
(78 27 2) 
(78 29 34) 
(78 30 23) 
(78 31 14) 
(78 32 2) 
(78 33 12) 
(78 35 33) 
(78 36 29) 
(78 37 39) 
(78 38 21) 
(78 39 46) 
(78 40 5) 
(78 41 18) 
(78 42 31) 
(78 43 13) 
(78 44 45) 
(78 47 46) 
(78 48 46) 
(78 50 16) 
(78 51 24) 
(78 52 29) 
(78 53 26) 
(78 55 28) 
(78 57 9) 
(78 58 40) 
(78 59 6) 
(78 60 41) 
(78 61 20) 
(78 62 33) 
(78 63 4) 
(78 65 1) 
(78 66 8) 
(78 67 6) 
(78 68 9) 
(78 69 43) 
(78 71 32) 
(78 74 46) 
(78 75 50) 
(78 76 49) 
(78 79 46) 
(78 80 40) 
(78 81 34) 
(78 82 8) 
(78 83 48) 
(78 84 27) 
(78 88 46) 
(78 89 13) 
(78 90 14) 
(78 91 6) 
(78 92 12) 
(78 93 40) 
(78 95 36) 
(78 96 7) 
(78 97 30) 
(78 99 2) 
(78 100 15) 
(78 101 26) 
(78 102 12) 
(78 105 24) 
(78 111 13) 
(78 112 12) 
(78 116 28) 
(78 120 31) 
(78 121 39) 
(78 122 46) 
(78 123 11) 
(78 124 36) 
(78 126 25) 
(78 127 41) 
(78 130 41) 
(78 134 27) 
(78 135 13) 
(78 136 24) 
(78 137 24) 
(78 138 11) 
(78 140 41) 
(78 141 45) 
(78 143 23) 
(78 144 33) 
(78 145 20) 
(78 147 1) 
(78 148 48) 
(78 149 27) 
(78 150 19) 
(78 151 47) 
(78 152 5) 
(78 154 50) 
(78 155 24) 
(78 156 26) 
(78 157 2) 
(78 158 44) 
(78 160 34) 
(78 162 34) 
(78 163 45) 
(78 164 14) 
(78 166 36) 
(78 167 40) 
(78 168 49) 
(78 170 42) 
(78 171 30) 
(78 172 23) 
(78 174 39) 
(78 176 30) 
(78 177 2) 
(78 178 7) 
(78 179 50) 
(78 180 3) 
(78 181 35) 
(78 183 23) 
(78 184 31) 
(78 185 27) 
(78 186 4) 
(78 187 32) 
(78 188 39) 
(78 189 36) 
(78 190 31) 
(78 191 4) 
(78 192 43) 
(78 193 13) 
(78 194 7) 
(78 196 11) 
(78 198 3) 
(78 199 50) 
(79 0 34) 
(79 2 6) 
(79 3 11) 
(79 4 28) 
(79 5 50) 
(79 6 40) 
(79 8 41) 
(79 9 38) 
(79 10 5) 
(79 12 49) 
(79 14 34) 
(79 15 19) 
(79 16 23) 
(79 17 22) 
(79 18 17) 
(79 19 8) 
(79 20 44) 
(79 21 33) 
(79 22 26) 
(79 23 19) 
(79 24 34) 
(79 28 35) 
(79 30 19) 
(79 32 7) 
(79 33 14) 
(79 34 39) 
(79 35 7) 
(79 36 26) 
(79 39 36) 
(79 43 37) 
(79 44 45) 
(79 46 22) 
(79 48 2) 
(79 49 12) 
(79 50 31) 
(79 52 32) 
(79 56 12) 
(79 60 43) 
(79 61 17) 
(79 62 42) 
(79 64 7) 
(79 65 29) 
(79 69 16) 
(79 70 35) 
(79 72 38) 
(79 73 8) 
(79 76 30) 
(79 77 29) 
(79 78 35) 
(79 80 28) 
(79 81 23) 
(79 82 10) 
(79 84 45) 
(79 85 9) 
(79 87 36) 
(79 88 44) 
(79 89 39) 
(79 90 49) 
(79 91 45) 
(79 92 3) 
(79 93 14) 
(79 94 50) 
(79 95 9) 
(79 96 27) 
(79 98 40) 
(79 99 43) 
(79 100 39) 
(79 101 6) 
(79 102 19) 
(79 104 11) 
(79 105 33) 
(79 106 3) 
(79 108 35) 
(79 110 40) 
(79 112 31) 
(79 113 44) 
(79 117 39) 
(79 118 27) 
(79 119 33) 
(79 121 5) 
(79 123 2) 
(79 124 34) 
(79 125 48) 
(79 126 6) 
(79 127 33) 
(79 128 46) 
(79 129 46) 
(79 133 19) 
(79 135 39) 
(79 136 23) 
(79 137 2) 
(79 138 45) 
(79 139 31) 
(79 141 3) 
(79 142 41) 
(79 144 19) 
(79 145 3) 
(79 146 23) 
(79 149 3) 
(79 150 15) 
(79 151 48) 
(79 152 46) 
(79 153 43) 
(79 156 9) 
(79 157 41) 
(79 159 8) 
(79 160 40) 
(79 162 12) 
(79 163 13) 
(79 164 8) 
(79 165 3) 
(79 166 8) 
(79 167 15) 
(79 169 49) 
(79 170 43) 
(79 171 48) 
(79 172 14) 
(79 173 29) 
(79 174 3) 
(79 175 19) 
(79 176 19) 
(79 177 8) 
(79 180 37) 
(79 182 3) 
(79 183 8) 
(79 184 33) 
(79 185 25) 
(79 186 48) 
(79 187 4) 
(79 188 26) 
(79 189 26) 
(79 190 37) 
(79 191 33) 
(79 192 36) 
(79 194 32) 
(79 195 44) 
(79 196 13) 
(79 197 4) 
(79 198 49) 
(79 199 43) 
(80 0 47) 
(80 1 15) 
(80 2 2) 
(80 3 10) 
(80 4 22) 
(80 5 18) 
(80 7 42) 
(80 10 29) 
(80 11 2) 
(80 12 15) 
(80 13 50) 
(80 14 38) 
(80 15 27) 
(80 16 13) 
(80 18 30) 
(80 19 10) 
(80 20 14) 
(80 21 34) 
(80 22 46) 
(80 23 17) 
(80 24 34) 
(80 27 35) 
(80 28 16) 
(80 29 15) 
(80 30 49) 
(80 31 12) 
(80 32 13) 
(80 33 26) 
(80 34 17) 
(80 37 11) 
(80 38 26) 
(80 40 38) 
(80 41 27) 
(80 42 2) 
(80 43 3) 
(80 44 37) 
(80 47 15) 
(80 48 12) 
(80 51 35) 
(80 52 18) 
(80 53 50) 
(80 54 9) 
(80 56 48) 
(80 57 46) 
(80 58 30) 
(80 59 9) 
(80 60 27) 
(80 62 15) 
(80 63 49) 
(80 65 30) 
(80 66 15) 
(80 67 29) 
(80 69 18) 
(80 70 14) 
(80 71 1) 
(80 72 34) 
(80 73 37) 
(80 75 24) 
(80 77 45) 
(80 78 46) 
(80 79 29) 
(80 81 10) 
(80 82 43) 
(80 84 25) 
(80 85 2) 
(80 86 17) 
(80 88 39) 
(80 89 19) 
(80 90 8) 
(80 91 17) 
(80 93 18) 
(80 94 7) 
(80 95 48) 
(80 96 34) 
(80 97 48) 
(80 98 22) 
(80 99 27) 
(80 100 28) 
(80 101 14) 
(80 102 43) 
(80 104 50) 
(80 105 1) 
(80 106 47) 
(80 107 17) 
(80 108 15) 
(80 109 13) 
(80 110 35) 
(80 112 32) 
(80 113 7) 
(80 114 37) 
(80 115 34) 
(80 116 13) 
(80 117 33) 
(80 119 7) 
(80 121 23) 
(80 123 4) 
(80 124 25) 
(80 125 2) 
(80 127 37) 
(80 128 15) 
(80 129 50) 
(80 130 39) 
(80 131 34) 
(80 133 19) 
(80 134 49) 
(80 137 41) 
(80 138 7) 
(80 140 26) 
(80 141 12) 
(80 143 49) 
(80 145 29) 
(80 146 35) 
(80 147 31) 
(80 148 1) 
(80 149 21) 
(80 152 43) 
(80 154 45) 
(80 156 23) 
(80 158 18) 
(80 159 46) 
(80 160 45) 
(80 161 41) 
(80 164 44) 
(80 166 13) 
(80 167 10) 
(80 168 38) 
(80 169 3) 
(80 175 50) 
(80 176 44) 
(80 177 31) 
(80 179 2) 
(80 180 15) 
(80 181 23) 
(80 183 23) 
(80 184 46) 
(80 185 26) 
(80 187 16) 
(80 188 39) 
(80 190 36) 
(80 191 1) 
(80 194 14) 
(80 196 3) 
(80 197 34) 
(80 199 2) 
(81 0 17) 
(81 1 44) 
(81 2 46) 
(81 4 22) 
(81 8 39) 
(81 9 14) 
(81 10 7) 
(81 11 20) 
(81 13 32) 
(81 14 41) 
(81 15 16) 
(81 16 47) 
(81 17 28) 
(81 19 19) 
(81 21 38) 
(81 22 47) 
(81 23 32) 
(81 24 24) 
(81 25 17) 
(81 26 42) 
(81 27 18) 
(81 28 29) 
(81 29 44) 
(81 30 12) 
(81 31 14) 
(81 32 10) 
(81 34 49) 
(81 35 36) 
(81 36 49) 
(81 37 3) 
(81 40 15) 
(81 41 16) 
(81 42 33) 
(81 43 16) 
(81 44 11) 
(81 45 19) 
(81 47 43) 
(81 48 38) 
(81 49 46) 
(81 51 43) 
(81 52 39) 
(81 53 26) 
(81 54 49) 
(81 56 18) 
(81 57 16) 
(81 59 49) 
(81 60 46) 
(81 61 40) 
(81 62 42) 
(81 63 34) 
(81 64 17) 
(81 65 33) 
(81 67 22) 
(81 68 38) 
(81 69 20) 
(81 70 34) 
(81 72 4) 
(81 74 16) 
(81 75 22) 
(81 76 44) 
(81 77 16) 
(81 78 11) 
(81 79 10) 
(81 82 2) 
(81 84 8) 
(81 85 26) 
(81 86 48) 
(81 88 43) 
(81 91 21) 
(81 93 7) 
(81 94 29) 
(81 95 41) 
(81 97 4) 
(81 99 49) 
(81 100 35) 
(81 101 5) 
(81 103 44) 
(81 104 22) 
(81 106 36) 
(81 107 15) 
(81 108 46) 
(81 109 6) 
(81 111 33) 
(81 112 3) 
(81 113 33) 
(81 114 50) 
(81 115 29) 
(81 116 46) 
(81 117 40) 
(81 119 50) 
(81 120 35) 
(81 121 23) 
(81 122 1) 
(81 124 41) 
(81 126 3) 
(81 127 45) 
(81 128 41) 
(81 129 43) 
(81 130 42) 
(81 131 8) 
(81 132 19) 
(81 134 10) 
(81 135 11) 
(81 136 27) 
(81 137 20) 
(81 138 28) 
(81 140 10) 
(81 141 47) 
(81 142 22) 
(81 144 41) 
(81 145 6) 
(81 146 32) 
(81 150 45) 
(81 151 19) 
(81 153 43) 
(81 154 26) 
(81 155 45) 
(81 156 21) 
(81 157 42) 
(81 158 34) 
(81 159 8) 
(81 160 5) 
(81 161 11) 
(81 163 50) 
(81 164 13) 
(81 165 16) 
(81 166 47) 
(81 167 42) 
(81 169 49) 
(81 171 35) 
(81 172 39) 
(81 174 30) 
(81 175 5) 
(81 176 17) 
(81 177 21) 
(81 178 42) 
(81 179 16) 
(81 183 23) 
(81 184 1) 
(81 185 46) 
(81 186 15) 
(81 187 30) 
(81 190 1) 
(81 191 1) 
(81 193 47) 
(81 195 20) 
(81 196 39) 
(81 197 48) 
(81 198 1) 
(82 0 21) 
(82 1 49) 
(82 3 42) 
(82 4 12) 
(82 5 17) 
(82 6 25) 
(82 8 40) 
(82 9 28) 
(82 10 41) 
(82 13 3) 
(82 14 17) 
(82 15 32) 
(82 16 37) 
(82 17 45) 
(82 18 44) 
(82 19 41) 
(82 21 17) 
(82 22 6) 
(82 23 9) 
(82 24 27) 
(82 27 18) 
(82 29 1) 
(82 30 44) 
(82 31 44) 
(82 32 15) 
(82 33 9) 
(82 35 19) 
(82 36 34) 
(82 37 44) 
(82 38 9) 
(82 39 34) 
(82 41 8) 
(82 42 8) 
(82 44 37) 
(82 45 41) 
(82 46 18) 
(82 48 44) 
(82 49 30) 
(82 52 38) 
(82 53 48) 
(82 54 1) 
(82 55 43) 
(82 58 26) 
(82 62 24) 
(82 65 34) 
(82 66 46) 
(82 67 48) 
(82 68 33) 
(82 71 22) 
(82 72 7) 
(82 75 11) 
(82 76 18) 
(82 78 46) 
(82 79 23) 
(82 81 34) 
(82 83 39) 
(82 84 49) 
(82 85 18) 
(82 86 28) 
(82 87 40) 
(82 88 7) 
(82 89 14) 
(82 91 35) 
(82 92 28) 
(82 94 21) 
(82 95 27) 
(82 96 10) 
(82 98 15) 
(82 100 18) 
(82 101 15) 
(82 102 7) 
(82 104 14) 
(82 105 4) 
(82 108 34) 
(82 109 16) 
(82 110 42) 
(82 112 22) 
(82 113 9) 
(82 114 29) 
(82 115 8) 
(82 117 43) 
(82 118 15) 
(82 119 17) 
(82 120 36) 
(82 121 12) 
(82 122 25) 
(82 123 6) 
(82 124 15) 
(82 125 36) 
(82 126 12) 
(82 127 11) 
(82 128 43) 
(82 131 20) 
(82 132 49) 
(82 133 2) 
(82 134 33) 
(82 138 13) 
(82 139 13) 
(82 140 17) 
(82 141 15) 
(82 144 26) 
(82 145 24) 
(82 149 13) 
(82 150 46) 
(82 151 38) 
(82 153 7) 
(82 154 33) 
(82 155 20) 
(82 156 8) 
(82 161 23) 
(82 162 36) 
(82 163 48) 
(82 164 36) 
(82 165 46) 
(82 167 5) 
(82 168 33) 
(82 169 31) 
(82 170 39) 
(82 174 10) 
(82 175 8) 
(82 176 26) 
(82 178 32) 
(82 179 46) 
(82 182 7) 
(82 183 2) 
(82 184 47) 
(82 185 50) 
(82 186 14) 
(82 187 32) 
(82 189 16) 
(82 190 43) 
(82 192 20) 
(82 193 26) 
(82 194 38) 
(82 197 41) 
(82 198 33) 
(82 199 1) 
(83 0 9) 
(83 1 47) 
(83 3 22) 
(83 4 34) 
(83 5 49) 
(83 6 39) 
(83 8 38) 
(83 9 22) 
(83 10 8) 
(83 11 4) 
(83 13 41) 
(83 15 32) 
(83 16 24) 
(83 17 35) 
(83 18 28) 
(83 19 25) 
(83 20 15) 
(83 21 15) 
(83 22 32) 
(83 23 22) 
(83 24 8) 
(83 26 15) 
(83 27 3) 
(83 28 47) 
(83 29 28) 
(83 30 18) 
(83 31 17) 
(83 32 32) 
(83 33 40) 
(83 35 4) 
(83 36 3) 
(83 38 20) 
(83 39 49) 
(83 40 8) 
(83 41 20) 
(83 43 41) 
(83 45 3) 
(83 47 24) 
(83 48 4) 
(83 49 9) 
(83 50 40) 
(83 51 30) 
(83 53 30) 
(83 55 23) 
(83 56 29) 
(83 58 44) 
(83 61 43) 
(83 62 19) 
(83 63 15) 
(83 65 9) 
(83 66 7) 
(83 67 41) 
(83 68 31) 
(83 70 20) 
(83 71 5) 
(83 72 23) 
(83 73 48) 
(83 74 47) 
(83 75 18) 
(83 76 30) 
(83 79 27) 
(83 80 17) 
(83 81 42) 
(83 82 44) 
(83 84 7) 
(83 86 31) 
(83 88 16) 
(83 90 20) 
(83 92 7) 
(83 93 9) 
(83 96 22) 
(83 97 48) 
(83 99 4) 
(83 100 6) 
(83 101 7) 
(83 102 10) 
(83 103 27) 
(83 104 46) 
(83 105 35) 
(83 107 4) 
(83 108 15) 
(83 109 13) 
(83 111 24) 
(83 112 7) 
(83 113 3) 
(83 114 34) 
(83 117 6) 
(83 118 16) 
(83 119 26) 
(83 120 48) 
(83 124 48) 
(83 125 17) 
(83 126 26) 
(83 127 31) 
(83 128 1) 
(83 129 5) 
(83 130 30) 
(83 131 43) 
(83 132 33) 
(83 136 26) 
(83 137 16) 
(83 138 46) 
(83 139 22) 
(83 140 11) 
(83 142 25) 
(83 144 28) 
(83 146 50) 
(83 149 24) 
(83 151 21) 
(83 154 36) 
(83 155 22) 
(83 156 2) 
(83 157 39) 
(83 158 44) 
(83 159 11) 
(83 160 17) 
(83 161 26) 
(83 162 37) 
(83 163 39) 
(83 166 42) 
(83 168 13) 
(83 169 46) 
(83 170 22) 
(83 171 37) 
(83 172 39) 
(83 173 25) 
(83 174 4) 
(83 176 25) 
(83 177 20) 
(83 178 20) 
(83 179 50) 
(83 181 21) 
(83 182 24) 
(83 183 1) 
(83 186 2) 
(83 188 34) 
(83 189 48) 
(83 190 15) 
(83 191 15) 
(83 192 17) 
(83 193 25) 
(83 195 42) 
(83 198 25) 
(83 199 9) 
(84 0 42) 
(84 1 26) 
(84 3 17) 
(84 4 47) 
(84 6 23) 
(84 8 15) 
(84 9 19) 
(84 11 28) 
(84 12 38) 
(84 13 49) 
(84 14 28) 
(84 15 17) 
(84 16 32) 
(84 17 37) 
(84 18 44) 
(84 19 16) 
(84 20 38) 
(84 21 19) 
(84 22 1) 
(84 23 9) 
(84 24 9) 
(84 25 37) 
(84 28 30) 
(84 29 24) 
(84 31 33) 
(84 32 24) 
(84 33 10) 
(84 34 11) 
(84 36 50) 
(84 37 27) 
(84 38 24) 
(84 42 14) 
(84 43 41) 
(84 45 25) 
(84 47 37) 
(84 48 22) 
(84 49 43) 
(84 51 42) 
(84 52 14) 
(84 53 2) 
(84 54 35) 
(84 55 46) 
(84 56 5) 
(84 57 9) 
(84 58 35) 
(84 59 44) 
(84 60 44) 
(84 61 12) 
(84 63 30) 
(84 65 14) 
(84 67 5) 
(84 70 37) 
(84 71 42) 
(84 72 8) 
(84 73 43) 
(84 74 37) 
(84 76 17) 
(84 77 27) 
(84 78 48) 
(84 79 5) 
(84 80 13) 
(84 82 6) 
(84 83 40) 
(84 85 32) 
(84 86 8) 
(84 87 17) 
(84 89 37) 
(84 90 6) 
(84 91 2) 
(84 92 37) 
(84 95 16) 
(84 96 20) 
(84 98 28) 
(84 99 40) 
(84 102 33) 
(84 104 30) 
(84 105 21) 
(84 106 8) 
(84 107 48) 
(84 109 2) 
(84 110 20) 
(84 112 20) 
(84 113 4) 
(84 114 41) 
(84 115 36) 
(84 117 12) 
(84 118 22) 
(84 119 19) 
(84 120 28) 
(84 122 49) 
(84 123 2) 
(84 124 3) 
(84 127 15) 
(84 128 33) 
(84 129 15) 
(84 133 28) 
(84 134 46) 
(84 136 12) 
(84 137 1) 
(84 138 50) 
(84 140 10) 
(84 142 45) 
(84 143 29) 
(84 144 6) 
(84 145 38) 
(84 148 6) 
(84 149 33) 
(84 151 2) 
(84 152 14) 
(84 154 10) 
(84 156 39) 
(84 157 10) 
(84 158 44) 
(84 159 8) 
(84 160 28) 
(84 163 27) 
(84 164 40) 
(84 165 3) 
(84 166 27) 
(84 168 32) 
(84 169 48) 
(84 170 23) 
(84 172 28) 
(84 173 5) 
(84 174 28) 
(84 175 50) 
(84 177 29) 
(84 178 7) 
(84 179 37) 
(84 180 27) 
(84 182 12) 
(84 183 17) 
(84 184 8) 
(84 185 31) 
(84 186 7) 
(84 187 17) 
(84 189 6) 
(84 190 46) 
(84 191 16) 
(84 192 20) 
(84 193 10) 
(84 194 9) 
(84 195 1) 
(84 197 19) 
(84 198 3) 
(84 199 36) 
(85 0 23) 
(85 2 38) 
(85 4 44) 
(85 5 29) 
(85 6 23) 
(85 7 42) 
(85 8 50) 
(85 9 13) 
(85 10 38) 
(85 11 46) 
(85 14 39) 
(85 15 18) 
(85 16 49) 
(85 18 29) 
(85 19 34) 
(85 20 32) 
(85 23 40) 
(85 24 18) 
(85 25 35) 
(85 26 44) 
(85 27 39) 
(85 28 4) 
(85 29 37) 
(85 30 37) 
(85 31 50) 
(85 32 45) 
(85 33 21) 
(85 34 48) 
(85 35 10) 
(85 36 38) 
(85 37 5) 
(85 39 22) 
(85 40 42) 
(85 41 49) 
(85 42 19) 
(85 43 22) 
(85 44 40) 
(85 45 49) 
(85 46 37) 
(85 47 42) 
(85 49 1) 
(85 50 8) 
(85 51 16) 
(85 52 10) 
(85 53 44) 
(85 54 45) 
(85 56 21) 
(85 58 26) 
(85 61 7) 
(85 63 15) 
(85 64 9) 
(85 65 19) 
(85 66 38) 
(85 68 44) 
(85 69 18) 
(85 70 26) 
(85 71 3) 
(85 72 44) 
(85 73 14) 
(85 74 30) 
(85 77 21) 
(85 78 28) 
(85 79 20) 
(85 80 34) 
(85 81 19) 
(85 82 30) 
(85 83 35) 
(85 84 48) 
(85 86 5) 
(85 87 12) 
(85 88 25) 
(85 89 28) 
(85 90 16) 
(85 93 8) 
(85 94 46) 
(85 96 8) 
(85 97 1) 
(85 99 4) 
(85 101 21) 
(85 102 26) 
(85 103 12) 
(85 104 23) 
(85 105 20) 
(85 106 2) 
(85 108 36) 
(85 109 50) 
(85 111 37) 
(85 112 42) 
(85 113 24) 
(85 114 30) 
(85 115 34) 
(85 117 26) 
(85 121 21) 
(85 122 11) 
(85 123 24) 
(85 124 13) 
(85 125 6) 
(85 126 49) 
(85 128 40) 
(85 129 15) 
(85 130 33) 
(85 131 3) 
(85 132 22) 
(85 133 6) 
(85 134 27) 
(85 135 11) 
(85 136 47) 
(85 137 31) 
(85 138 25) 
(85 140 38) 
(85 141 45) 
(85 142 45) 
(85 143 14) 
(85 145 48) 
(85 146 44) 
(85 147 42) 
(85 148 6) 
(85 150 32) 
(85 151 7) 
(85 152 49) 
(85 153 33) 
(85 154 50) 
(85 156 7) 
(85 157 41) 
(85 158 2) 
(85 159 29) 
(85 161 31) 
(85 162 13) 
(85 163 6) 
(85 164 30) 
(85 165 12) 
(85 167 20) 
(85 168 42) 
(85 170 21) 
(85 172 46) 
(85 173 17) 
(85 174 13) 
(85 175 4) 
(85 176 42) 
(85 178 32) 
(85 179 5) 
(85 180 7) 
(85 181 32) 
(85 182 38) 
(85 184 34) 
(85 185 27) 
(85 186 48) 
(85 187 36) 
(85 188 26) 
(85 191 5) 
(85 192 35) 
(85 193 42) 
(85 194 35) 
(85 195 3) 
(85 196 22) 
(85 197 35) 
(85 199 9) 
(86 1 14) 
(86 4 15) 
(86 5 15) 
(86 6 33) 
(86 7 31) 
(86 8 13) 
(86 11 40) 
(86 12 10) 
(86 13 19) 
(86 14 24) 
(86 15 12) 
(86 16 27) 
(86 17 3) 
(86 18 39) 
(86 19 17) 
(86 21 45) 
(86 22 30) 
(86 23 9) 
(86 24 1) 
(86 25 40) 
(86 26 19) 
(86 27 44) 
(86 28 27) 
(86 29 48) 
(86 32 15) 
(86 33 30) 
(86 34 4) 
(86 36 22) 
(86 38 49) 
(86 39 42) 
(86 41 28) 
(86 42 12) 
(86 43 39) 
(86 44 23) 
(86 45 34) 
(86 46 10) 
(86 47 22) 
(86 48 25) 
(86 50 19) 
(86 51 14) 
(86 52 13) 
(86 53 40) 
(86 54 28) 
(86 55 5) 
(86 56 47) 
(86 57 41) 
(86 58 46) 
(86 59 34) 
(86 60 42) 
(86 62 5) 
(86 63 2) 
(86 64 45) 
(86 65 25) 
(86 66 14) 
(86 67 41) 
(86 70 36) 
(86 72 25) 
(86 74 43) 
(86 75 18) 
(86 76 28) 
(86 77 33) 
(86 79 31) 
(86 80 23) 
(86 81 49) 
(86 82 41) 
(86 83 3) 
(86 84 49) 
(86 85 36) 
(86 88 26) 
(86 89 3) 
(86 90 7) 
(86 91 3) 
(86 92 1) 
(86 93 16) 
(86 94 2) 
(86 95 19) 
(86 97 24) 
(86 98 25) 
(86 99 27) 
(86 100 40) 
(86 101 38) 
(86 102 19) 
(86 103 10) 
(86 104 29) 
(86 105 27) 
(86 106 24) 
(86 107 19) 
(86 108 34) 
(86 109 22) 
(86 111 37) 
(86 113 18) 
(86 114 33) 
(86 115 22) 
(86 116 23) 
(86 117 48) 
(86 118 49) 
(86 119 42) 
(86 121 22) 
(86 122 15) 
(86 123 27) 
(86 124 42) 
(86 126 25) 
(86 130 14) 
(86 131 42) 
(86 132 32) 
(86 133 32) 
(86 135 44) 
(86 136 4) 
(86 137 27) 
(86 139 25) 
(86 142 34) 
(86 143 31) 
(86 145 41) 
(86 146 40) 
(86 147 36) 
(86 148 16) 
(86 149 48) 
(86 150 23) 
(86 151 10) 
(86 152 41) 
(86 153 13) 
(86 154 28) 
(86 155 28) 
(86 156 36) 
(86 157 25) 
(86 158 39) 
(86 159 39) 
(86 160 46) 
(86 161 40) 
(86 162 34) 
(86 163 27) 
(86 164 20) 
(86 165 44) 
(86 166 29) 
(86 168 11) 
(86 169 25) 
(86 175 33) 
(86 176 10) 
(86 177 22) 
(86 178 4) 
(86 179 6) 
(86 180 19) 
(86 184 43) 
(86 185 24) 
(86 186 48) 
(86 188 41) 
(86 189 25) 
(86 190 21) 
(86 191 32) 
(86 192 32) 
(86 193 34) 
(86 194 29) 
(86 195 9) 
(86 197 20) 
(86 199 47) 
(87 2 35) 
(87 3 6) 
(87 4 6) 
(87 5 40) 
(87 6 23) 
(87 9 12) 
(87 10 7) 
(87 11 41) 
(87 12 45) 
(87 13 47) 
(87 14 24) 
(87 17 8) 
(87 18 5) 
(87 19 20) 
(87 21 38) 
(87 22 29) 
(87 23 42) 
(87 24 3) 
(87 25 41) 
(87 26 25) 
(87 27 1) 
(87 28 33) 
(87 29 17) 
(87 31 44) 
(87 32 12) 
(87 33 47) 
(87 34 43) 
(87 35 43) 
(87 36 2) 
(87 39 39) 
(87 40 7) 
(87 41 39) 
(87 42 5) 
(87 43 20) 
(87 44 32) 
(87 45 17) 
(87 46 33) 
(87 49 3) 
(87 50 25) 
(87 51 43) 
(87 52 24) 
(87 53 32) 
(87 55 41) 
(87 57 32) 
(87 58 31) 
(87 60 40) 
(87 61 7) 
(87 62 5) 
(87 63 23) 
(87 64 24) 
(87 65 28) 
(87 69 35) 
(87 71 20) 
(87 72 21) 
(87 73 24) 
(87 74 20) 
(87 75 35) 
(87 76 7) 
(87 78 4) 
(87 79 38) 
(87 80 37) 
(87 81 50) 
(87 82 5) 
(87 83 20) 
(87 84 41) 
(87 85 27) 
(87 88 45) 
(87 89 3) 
(87 90 47) 
(87 91 20) 
(87 92 5) 
(87 93 41) 
(87 95 11) 
(87 97 5) 
(87 98 22) 
(87 102 10) 
(87 103 11) 
(87 104 47) 
(87 106 50) 
(87 108 17) 
(87 109 48) 
(87 110 46) 
(87 111 11) 
(87 114 6) 
(87 116 34) 
(87 117 43) 
(87 118 8) 
(87 119 46) 
(87 120 6) 
(87 122 13) 
(87 124 1) 
(87 126 44) 
(87 127 47) 
(87 130 1) 
(87 131 25) 
(87 132 38) 
(87 134 22) 
(87 135 14) 
(87 137 29) 
(87 138 25) 
(87 140 45) 
(87 141 14) 
(87 142 9) 
(87 146 15) 
(87 149 12) 
(87 150 37) 
(87 151 42) 
(87 153 50) 
(87 154 20) 
(87 156 33) 
(87 157 34) 
(87 158 1) 
(87 159 28) 
(87 160 7) 
(87 161 29) 
(87 162 3) 
(87 163 46) 
(87 164 49) 
(87 165 1) 
(87 166 43) 
(87 169 37) 
(87 170 9) 
(87 171 30) 
(87 172 32) 
(87 173 7) 
(87 174 37) 
(87 176 49) 
(87 177 35) 
(87 178 27) 
(87 181 7) 
(87 183 2) 
(87 187 8) 
(87 188 13) 
(87 189 28) 
(87 190 34) 
(87 191 44) 
(87 192 13) 
(87 193 15) 
(87 194 28) 
(87 195 7) 
(87 196 4) 
(87 197 26) 
(87 198 22) 
(87 199 31) 
(88 0 47) 
(88 2 28) 
(88 3 21) 
(88 4 31) 
(88 5 22) 
(88 6 28) 
(88 7 7) 
(88 8 38) 
(88 11 46) 
(88 12 20) 
(88 14 4) 
(88 16 26) 
(88 17 19) 
(88 19 6) 
(88 20 18) 
(88 21 35) 
(88 22 43) 
(88 23 20) 
(88 25 9) 
(88 26 23) 
(88 27 9) 
(88 29 36) 
(88 31 8) 
(88 33 2) 
(88 34 14) 
(88 35 38) 
(88 36 7) 
(88 37 36) 
(88 38 21) 
(88 39 14) 
(88 40 45) 
(88 41 3) 
(88 43 27) 
(88 44 18) 
(88 45 8) 
(88 46 11) 
(88 48 2) 
(88 49 20) 
(88 50 27) 
(88 51 29) 
(88 52 40) 
(88 53 3) 
(88 54 14) 
(88 55 50) 
(88 56 12) 
(88 58 20) 
(88 59 39) 
(88 60 8) 
(88 61 17) 
(88 62 32) 
(88 64 40) 
(88 66 29) 
(88 69 44) 
(88 71 6) 
(88 72 1) 
(88 73 42) 
(88 74 25) 
(88 75 3) 
(88 79 41) 
(88 80 50) 
(88 81 27) 
(88 82 17) 
(88 84 28) 
(88 85 15) 
(88 86 35) 
(88 87 37) 
(88 89 37) 
(88 90 22) 
(88 91 11) 
(88 92 41) 
(88 93 22) 
(88 94 23) 
(88 95 33) 
(88 96 1) 
(88 97 21) 
(88 98 35) 
(88 100 37) 
(88 102 12) 
(88 103 12) 
(88 104 14) 
(88 106 50) 
(88 107 15) 
(88 108 32) 
(88 109 36) 
(88 110 19) 
(88 111 9) 
(88 112 26) 
(88 116 21) 
(88 118 47) 
(88 119 35) 
(88 120 47) 
(88 121 19) 
(88 122 48) 
(88 123 6) 
(88 124 16) 
(88 127 20) 
(88 130 7) 
(88 131 6) 
(88 133 21) 
(88 138 26) 
(88 140 34) 
(88 141 24) 
(88 143 28) 
(88 144 41) 
(88 145 24) 
(88 146 21) 
(88 148 1) 
(88 149 29) 
(88 150 45) 
(88 151 10) 
(88 152 11) 
(88 155 30) 
(88 156 27) 
(88 157 47) 
(88 159 20) 
(88 160 48) 
(88 161 7) 
(88 162 47) 
(88 163 38) 
(88 165 48) 
(88 166 36) 
(88 167 16) 
(88 168 12) 
(88 171 41) 
(88 172 3) 
(88 173 14) 
(88 175 25) 
(88 176 11) 
(88 177 6) 
(88 178 6) 
(88 179 32) 
(88 180 15) 
(88 181 28) 
(88 182 47) 
(88 183 49) 
(88 184 47) 
(88 185 19) 
(88 186 9) 
(88 187 48) 
(88 188 50) 
(88 189 36) 
(88 191 27) 
(88 193 14) 
(88 194 34) 
(88 195 17) 
(88 196 13) 
(88 197 20) 
(88 199 20) 
(89 0 12) 
(89 2 30) 
(89 3 22) 
(89 4 44) 
(89 5 36) 
(89 7 50) 
(89 8 12) 
(89 9 48) 
(89 10 47) 
(89 11 37) 
(89 13 29) 
(89 14 29) 
(89 15 30) 
(89 16 40) 
(89 17 5) 
(89 18 3) 
(89 19 46) 
(89 20 37) 
(89 22 11) 
(89 23 50) 
(89 24 50) 
(89 25 20) 
(89 26 4) 
(89 27 9) 
(89 28 38) 
(89 29 12) 
(89 30 43) 
(89 31 21) 
(89 32 2) 
(89 34 45) 
(89 35 35) 
(89 36 24) 
(89 37 17) 
(89 38 17) 
(89 39 45) 
(89 40 42) 
(89 42 31) 
(89 43 27) 
(89 44 2) 
(89 47 34) 
(89 48 13) 
(89 49 29) 
(89 50 14) 
(89 52 2) 
(89 54 46) 
(89 55 33) 
(89 56 32) 
(89 57 2) 
(89 58 24) 
(89 59 13) 
(89 60 24) 
(89 61 9) 
(89 62 48) 
(89 63 13) 
(89 65 9) 
(89 66 35) 
(89 67 11) 
(89 68 43) 
(89 69 29) 
(89 70 1) 
(89 71 42) 
(89 72 5) 
(89 73 44) 
(89 74 30) 
(89 75 1) 
(89 77 5) 
(89 78 21) 
(89 79 48) 
(89 80 27) 
(89 81 6) 
(89 84 28) 
(89 85 24) 
(89 87 9) 
(89 88 9) 
(89 90 18) 
(89 92 15) 
(89 93 19) 
(89 94 42) 
(89 95 35) 
(89 96 31) 
(89 97 11) 
(89 98 37) 
(89 99 29) 
(89 100 15) 
(89 103 31) 
(89 105 37) 
(89 106 22) 
(89 107 28) 
(89 109 27) 
(89 110 36) 
(89 111 8) 
(89 112 18) 
(89 114 42) 
(89 116 45) 
(89 117 10) 
(89 118 9) 
(89 119 32) 
(89 120 2) 
(89 121 10) 
(89 123 41) 
(89 124 11) 
(89 126 19) 
(89 127 41) 
(89 128 14) 
(89 129 5) 
(89 130 16) 
(89 131 9) 
(89 132 4) 
(89 134 43) 
(89 136 39) 
(89 137 30) 
(89 140 38) 
(89 142 23) 
(89 143 22) 
(89 144 1) 
(89 145 5) 
(89 147 37) 
(89 148 29) 
(89 149 28) 
(89 153 38) 
(89 154 17) 
(89 155 21) 
(89 156 46) 
(89 157 29) 
(89 158 24) 
(89 159 22) 
(89 160 32) 
(89 161 2) 
(89 162 7) 
(89 163 35) 
(89 164 2) 
(89 165 8) 
(89 166 4) 
(89 167 49) 
(89 168 39) 
(89 169 15) 
(89 170 8) 
(89 171 10) 
(89 172 44) 
(89 173 9) 
(89 174 19) 
(89 176 12) 
(89 177 6) 
(89 178 33) 
(89 179 32) 
(89 180 27) 
(89 181 19) 
(89 182 43) 
(89 185 47) 
(89 186 46) 
(89 187 3) 
(89 188 41) 
(89 190 18) 
(89 191 1) 
(89 193 27) 
(89 194 47) 
(89 195 25) 
(89 196 20) 
(89 197 35) 
(89 198 4) 
(89 199 36) 
(90 0 11) 
(90 1 5) 
(90 3 49) 
(90 4 41) 
(90 8 37) 
(90 10 50) 
(90 11 19) 
(90 13 16) 
(90 14 43) 
(90 15 34) 
(90 16 32) 
(90 17 46) 
(90 18 14) 
(90 20 16) 
(90 21 10) 
(90 22 21) 
(90 23 11) 
(90 24 49) 
(90 26 13) 
(90 27 22) 
(90 28 42) 
(90 29 4) 
(90 31 5) 
(90 32 43) 
(90 33 16) 
(90 34 42) 
(90 35 7) 
(90 36 22) 
(90 37 16) 
(90 39 8) 
(90 40 31) 
(90 43 20) 
(90 44 20) 
(90 47 5) 
(90 49 23) 
(90 50 41) 
(90 51 23) 
(90 52 5) 
(90 53 40) 
(90 57 33) 
(90 58 14) 
(90 59 17) 
(90 61 43) 
(90 62 27) 
(90 65 29) 
(90 67 23) 
(90 68 31) 
(90 69 8) 
(90 70 29) 
(90 73 11) 
(90 74 29) 
(90 76 1) 
(90 77 4) 
(90 79 2) 
(90 82 39) 
(90 83 8) 
(90 85 5) 
(90 86 8) 
(90 87 30) 
(90 88 41) 
(90 92 10) 
(90 93 6) 
(90 94 15) 
(90 95 47) 
(90 96 40) 
(90 98 39) 
(90 100 23) 
(90 101 50) 
(90 103 45) 
(90 105 10) 
(90 106 4) 
(90 109 27) 
(90 110 15) 
(90 112 23) 
(90 114 15) 
(90 116 44) 
(90 117 30) 
(90 118 15) 
(90 120 27) 
(90 122 17) 
(90 123 23) 
(90 124 26) 
(90 125 2) 
(90 126 18) 
(90 127 6) 
(90 129 42) 
(90 131 25) 
(90 132 35) 
(90 133 7) 
(90 134 35) 
(90 135 21) 
(90 137 14) 
(90 139 9) 
(90 140 9) 
(90 142 39) 
(90 143 14) 
(90 144 50) 
(90 145 43) 
(90 146 39) 
(90 147 17) 
(90 148 15) 
(90 149 45) 
(90 150 48) 
(90 151 2) 
(90 152 33) 
(90 155 7) 
(90 156 12) 
(90 157 50) 
(90 159 25) 
(90 160 21) 
(90 161 5) 
(90 162 5) 
(90 164 29) 
(90 165 18) 
(90 166 15) 
(90 167 50) 
(90 168 29) 
(90 170 22) 
(90 171 42) 
(90 172 16) 
(90 173 7) 
(90 175 24) 
(90 176 26) 
(90 177 23) 
(90 178 32) 
(90 179 13) 
(90 181 15) 
(90 183 31) 
(90 184 12) 
(90 185 8) 
(90 186 12) 
(90 188 46) 
(90 189 26) 
(90 190 9) 
(90 191 3) 
(90 192 40) 
(90 193 18) 
(90 194 10) 
(90 195 5) 
(90 196 10) 
(90 198 40) 
(90 199 50) 
(91 0 49) 
(91 1 29) 
(91 2 49) 
(91 3 36) 
(91 4 39) 
(91 5 6) 
(91 6 15) 
(91 8 35) 
(91 9 45) 
(91 10 25) 
(91 11 19) 
(91 14 30) 
(91 15 20) 
(91 16 38) 
(91 17 17) 
(91 18 14) 
(91 19 34) 
(91 20 25) 
(91 21 22) 
(91 22 15) 
(91 23 40) 
(91 24 6) 
(91 25 33) 
(91 26 15) 
(91 27 49) 
(91 28 25) 
(91 29 28) 
(91 32 11) 
(91 34 48) 
(91 35 28) 
(91 37 45) 
(91 38 24) 
(91 39 44) 
(91 40 44) 
(91 41 25) 
(91 42 19) 
(91 43 42) 
(91 44 40) 
(91 45 31) 
(91 46 18) 
(91 47 5) 
(91 48 44) 
(91 49 25) 
(91 50 21) 
(91 52 8) 
(91 54 35) 
(91 56 39) 
(91 58 3) 
(91 61 6) 
(91 62 48) 
(91 63 10) 
(91 64 46) 
(91 65 35) 
(91 66 38) 
(91 67 35) 
(91 68 26) 
(91 69 6) 
(91 70 23) 
(91 71 8) 
(91 72 33) 
(91 73 6) 
(91 74 20) 
(91 75 50) 
(91 76 12) 
(91 78 17) 
(91 80 34) 
(91 81 41) 
(91 82 37) 
(91 83 19) 
(91 85 7) 
(91 86 18) 
(91 87 42) 
(91 88 33) 
(91 89 15) 
(91 90 2) 
(91 94 44) 
(91 95 16) 
(91 96 10) 
(91 98 7) 
(91 103 20) 
(91 104 29) 
(91 106 24) 
(91 107 15) 
(91 108 44) 
(91 109 42) 
(91 110 12) 
(91 112 33) 
(91 113 5) 
(91 114 6) 
(91 115 43) 
(91 116 32) 
(91 120 25) 
(91 121 44) 
(91 122 13) 
(91 123 18) 
(91 124 37) 
(91 126 39) 
(91 128 47) 
(91 129 8) 
(91 131 28) 
(91 132 2) 
(91 134 16) 
(91 135 27) 
(91 136 34) 
(91 137 23) 
(91 138 4) 
(91 139 48) 
(91 140 4) 
(91 141 36) 
(91 142 32) 
(91 143 38) 
(91 144 26) 
(91 146 5) 
(91 148 27) 
(91 149 2) 
(91 150 37) 
(91 151 47) 
(91 152 19) 
(91 154 10) 
(91 160 29) 
(91 161 42) 
(91 162 6) 
(91 163 2) 
(91 164 12) 
(91 165 38) 
(91 166 43) 
(91 169 46) 
(91 170 15) 
(91 171 41) 
(91 173 26) 
(91 174 23) 
(91 175 42) 
(91 176 15) 
(91 178 21) 
(91 181 5) 
(91 185 1) 
(91 186 28) 
(91 187 31) 
(91 188 31) 
(91 189 39) 
(91 190 16) 
(91 191 32) 
(91 193 35) 
(91 194 7) 
(91 195 46) 
(91 196 48) 
(92 1 12) 
(92 2 38) 
(92 4 23) 
(92 5 12) 
(92 6 2) 
(92 7 2) 
(92 8 50) 
(92 9 12) 
(92 11 28) 
(92 14 8) 
(92 15 28) 
(92 16 13) 
(92 17 7) 
(92 19 42) 
(92 20 46) 
(92 22 50) 
(92 23 49) 
(92 24 19) 
(92 26 11) 
(92 28 40) 
(92 29 31) 
(92 30 2) 
(92 31 21) 
(92 32 2) 
(92 33 5) 
(92 36 11) 
(92 37 32) 
(92 38 47) 
(92 40 25) 
(92 41 16) 
(92 42 22) 
(92 43 18) 
(92 44 33) 
(92 47 2) 
(92 48 18) 
(92 49 15) 
(92 50 22) 
(92 51 11) 
(92 52 31) 
(92 53 16) 
(92 55 31) 
(92 56 12) 
(92 58 38) 
(92 60 17) 
(92 61 33) 
(92 62 19) 
(92 63 9) 
(92 64 47) 
(92 65 42) 
(92 66 27) 
(92 67 26) 
(92 68 2) 
(92 69 37) 
(92 70 14) 
(92 71 20) 
(92 73 2) 
(92 76 36) 
(92 78 30) 
(92 79 6) 
(92 80 18) 
(92 81 16) 
(92 82 26) 
(92 83 10) 
(92 84 38) 
(92 86 44) 
(92 87 41) 
(92 88 35) 
(92 89 26) 
(92 90 12) 
(92 91 35) 
(92 93 20) 
(92 95 7) 
(92 96 1) 
(92 97 28) 
(92 98 14) 
(92 99 27) 
(92 101 48) 
(92 102 6) 
(92 103 9) 
(92 104 15) 
(92 105 12) 
(92 106 21) 
(92 107 36) 
(92 108 10) 
(92 109 19) 
(92 110 31) 
(92 111 3) 
(92 112 4) 
(92 114 27) 
(92 116 50) 
(92 117 28) 
(92 119 22) 
(92 120 49) 
(92 121 44) 
(92 122 28) 
(92 123 4) 
(92 124 6) 
(92 125 36) 
(92 128 24) 
(92 129 15) 
(92 132 14) 
(92 133 35) 
(92 134 16) 
(92 136 37) 
(92 137 30) 
(92 138 25) 
(92 139 47) 
(92 140 46) 
(92 141 40) 
(92 142 10) 
(92 143 48) 
(92 144 39) 
(92 145 5) 
(92 146 35) 
(92 147 38) 
(92 148 29) 
(92 149 15) 
(92 151 43) 
(92 152 14) 
(92 153 2) 
(92 154 33) 
(92 155 39) 
(92 156 31) 
(92 157 44) 
(92 158 17) 
(92 159 12) 
(92 160 32) 
(92 161 14) 
(92 162 34) 
(92 164 16) 
(92 165 21) 
(92 166 7) 
(92 167 7) 
(92 168 29) 
(92 170 14) 
(92 171 44) 
(92 172 45) 
(92 174 21) 
(92 175 30) 
(92 176 8) 
(92 178 11) 
(92 179 33) 
(92 180 30) 
(92 181 6) 
(92 182 24) 
(92 183 9) 
(92 184 3) 
(92 185 38) 
(92 186 26) 
(92 188 38) 
(92 189 44) 
(92 190 15) 
(92 191 12) 
(92 192 19) 
(92 193 7) 
(92 194 16) 
(92 195 28) 
(92 196 43) 
(92 197 9) 
(92 198 38) 
(93 0 45) 
(93 1 46) 
(93 2 25) 
(93 3 37) 
(93 4 24) 
(93 6 14) 
(93 7 32) 
(93 8 40) 
(93 9 46) 
(93 10 31) 
(93 11 10) 
(93 12 2) 
(93 13 24) 
(93 16 22) 
(93 17 27) 
(93 20 31) 
(93 24 23) 
(93 25 9) 
(93 26 45) 
(93 27 5) 
(93 28 21) 
(93 31 24) 
(93 32 44) 
(93 34 28) 
(93 35 12) 
(93 36 32) 
(93 38 46) 
(93 40 2) 
(93 41 45) 
(93 43 25) 
(93 44 38) 
(93 45 33) 
(93 46 36) 
(93 47 32) 
(93 49 3) 
(93 50 49) 
(93 51 12) 
(93 52 15) 
(93 54 21) 
(93 55 31) 
(93 58 43) 
(93 59 13) 
(93 60 15) 
(93 63 50) 
(93 64 38) 
(93 65 1) 
(93 66 6) 
(93 68 30) 
(93 69 37) 
(93 70 38) 
(93 71 44) 
(93 72 4) 
(93 73 32) 
(93 74 47) 
(93 76 15) 
(93 77 28) 
(93 78 15) 
(93 80 44) 
(93 82 4) 
(93 83 43) 
(93 84 36) 
(93 86 24) 
(93 87 23) 
(93 88 22) 
(93 89 27) 
(93 90 42) 
(93 94 45) 
(93 95 47) 
(93 96 40) 
(93 97 27) 
(93 99 48) 
(93 101 12) 
(93 102 31) 
(93 104 9) 
(93 105 41) 
(93 106 32) 
(93 107 3) 
(93 109 23) 
(93 110 14) 
(93 112 10) 
(93 113 24) 
(93 114 13) 
(93 116 5) 
(93 119 23) 
(93 121 8) 
(93 122 34) 
(93 124 47) 
(93 125 12) 
(93 126 31) 
(93 127 48) 
(93 128 18) 
(93 129 36) 
(93 134 14) 
(93 135 23) 
(93 136 48) 
(93 137 46) 
(93 138 16) 
(93 139 35) 
(93 140 49) 
(93 141 35) 
(93 142 46) 
(93 143 14) 
(93 144 39) 
(93 145 22) 
(93 146 19) 
(93 147 45) 
(93 148 38) 
(93 149 25) 
(93 150 20) 
(93 153 41) 
(93 154 10) 
(93 155 13) 
(93 156 26) 
(93 158 36) 
(93 159 2) 
(93 160 16) 
(93 161 23) 
(93 162 20) 
(93 163 48) 
(93 165 7) 
(93 166 40) 
(93 168 16) 
(93 169 43) 
(93 170 43) 
(93 171 44) 
(93 172 7) 
(93 173 28) 
(93 174 10) 
(93 176 28) 
(93 178 9) 
(93 179 8) 
(93 182 36) 
(93 183 1) 
(93 185 27) 
(93 186 11) 
(93 187 44) 
(93 188 44) 
(93 189 21) 
(93 190 40) 
(93 191 37) 
(93 193 1) 
(93 195 48) 
(93 197 19) 
(93 198 22) 
(93 199 10) 
(94 0 46) 
(94 1 13) 
(94 2 20) 
(94 4 40) 
(94 5 47) 
(94 8 42) 
(94 9 19) 
(94 10 1) 
(94 11 26) 
(94 13 27) 
(94 14 14) 
(94 15 17) 
(94 16 26) 
(94 17 2) 
(94 18 18) 
(94 20 14) 
(94 21 4) 
(94 22 15) 
(94 23 48) 
(94 24 41) 
(94 25 45) 
(94 26 13) 
(94 27 22) 
(94 28 12) 
(94 29 17) 
(94 31 45) 
(94 32 44) 
(94 33 50) 
(94 35 35) 
(94 37 11) 
(94 38 5) 
(94 39 42) 
(94 40 6) 
(94 41 5) 
(94 42 3) 
(94 43 30) 
(94 44 41) 
(94 45 47) 
(94 47 34) 
(94 48 30) 
(94 49 41) 
(94 50 19) 
(94 52 25) 
(94 53 36) 
(94 57 9) 
(94 59 12) 
(94 61 14) 
(94 63 24) 
(94 65 24) 
(94 66 34) 
(94 67 15) 
(94 70 22) 
(94 71 11) 
(94 77 17) 
(94 78 29) 
(94 79 5) 
(94 80 5) 
(94 81 50) 
(94 82 14) 
(94 83 13) 
(94 86 46) 
(94 87 1) 
(94 88 17) 
(94 89 10) 
(94 90 41) 
(94 91 20) 
(94 92 24) 
(94 93 21) 
(94 95 42) 
(94 96 23) 
(94 97 41) 
(94 98 5) 
(94 101 41) 
(94 103 45) 
(94 104 49) 
(94 105 38) 
(94 106 22) 
(94 107 10) 
(94 109 37) 
(94 110 12) 
(94 112 25) 
(94 117 12) 
(94 118 35) 
(94 119 6) 
(94 121 18) 
(94 122 8) 
(94 123 48) 
(94 125 45) 
(94 126 26) 
(94 127 34) 
(94 129 36) 
(94 130 19) 
(94 131 4) 
(94 132 46) 
(94 133 43) 
(94 135 8) 
(94 136 17) 
(94 137 8) 
(94 138 9) 
(94 139 15) 
(94 140 26) 
(94 141 14) 
(94 142 10) 
(94 143 34) 
(94 144 3) 
(94 147 11) 
(94 148 36) 
(94 149 5) 
(94 150 38) 
(94 153 14) 
(94 154 21) 
(94 155 10) 
(94 156 23) 
(94 157 43) 
(94 159 20) 
(94 160 25) 
(94 162 23) 
(94 163 20) 
(94 164 11) 
(94 165 16) 
(94 166 47) 
(94 167 30) 
(94 168 17) 
(94 169 35) 
(94 171 31) 
(94 172 28) 
(94 174 39) 
(94 175 40) 
(94 176 24) 
(94 177 23) 
(94 178 13) 
(94 181 25) 
(94 182 48) 
(94 183 31) 
(94 184 18) 
(94 185 27) 
(94 186 16) 
(94 187 49) 
(94 188 23) 
(94 189 4) 
(94 190 22) 
(94 192 15) 
(94 194 6) 
(94 197 28) 
(94 198 24) 
(94 199 3) 
(95 0 13) 
(95 1 30) 
(95 2 38) 
(95 3 49) 
(95 4 47) 
(95 5 12) 
(95 6 44) 
(95 7 26) 
(95 8 42) 
(95 9 34) 
(95 10 42) 
(95 11 26) 
(95 13 49) 
(95 14 32) 
(95 15 8) 
(95 16 29) 
(95 17 12) 
(95 18 38) 
(95 19 6) 
(95 20 4) 
(95 24 47) 
(95 26 39) 
(95 27 7) 
(95 28 13) 
(95 29 17) 
(95 30 4) 
(95 32 22) 
(95 34 24) 
(95 35 44) 
(95 37 40) 
(95 38 23) 
(95 39 35) 
(95 40 49) 
(95 44 9) 
(95 45 13) 
(95 46 9) 
(95 47 40) 
(95 49 4) 
(95 50 36) 
(95 52 23) 
(95 53 34) 
(95 54 13) 
(95 56 26) 
(95 57 16) 
(95 59 9) 
(95 60 40) 
(95 63 38) 
(95 65 38) 
(95 66 48) 
(95 68 22) 
(95 70 49) 
(95 71 17) 
(95 72 42) 
(95 73 8) 
(95 75 22) 
(95 76 36) 
(95 77 42) 
(95 78 37) 
(95 80 8) 
(95 81 33) 
(95 82 16) 
(95 84 43) 
(95 85 22) 
(95 86 37) 
(95 88 39) 
(95 90 13) 
(95 91 31) 
(95 92 17) 
(95 93 6) 
(95 94 35) 
(95 96 18) 
(95 97 25) 
(95 98 15) 
(95 99 46) 
(95 100 25) 
(95 101 14) 
(95 103 33) 
(95 104 36) 
(95 105 35) 
(95 106 39) 
(95 107 16) 
(95 108 9) 
(95 110 24) 
(95 112 34) 
(95 113 22) 
(95 114 9) 
(95 115 35) 
(95 116 27) 
(95 117 45) 
(95 118 45) 
(95 119 8) 
(95 120 8) 
(95 122 15) 
(95 123 17) 
(95 124 13) 
(95 125 48) 
(95 126 19) 
(95 127 22) 
(95 128 20) 
(95 130 47) 
(95 131 48) 
(95 132 33) 
(95 133 24) 
(95 134 13) 
(95 135 5) 
(95 136 22) 
(95 137 8) 
(95 138 27) 
(95 140 29) 
(95 141 41) 
(95 144 14) 
(95 145 28) 
(95 146 36) 
(95 147 6) 
(95 148 23) 
(95 149 33) 
(95 151 24) 
(95 154 28) 
(95 155 39) 
(95 157 26) 
(95 158 17) 
(95 159 20) 
(95 160 7) 
(95 161 42) 
(95 163 11) 
(95 164 48) 
(95 166 34) 
(95 167 32) 
(95 168 39) 
(95 169 30) 
(95 170 26) 
(95 172 2) 
(95 173 11) 
(95 175 19) 
(95 176 10) 
(95 178 39) 
(95 179 41) 
(95 180 33) 
(95 181 48) 
(95 182 35) 
(95 183 38) 
(95 184 6) 
(95 185 36) 
(95 186 32) 
(95 187 4) 
(95 188 43) 
(95 189 50) 
(95 190 49) 
(95 191 49) 
(95 192 23) 
(95 193 9) 
(95 195 45) 
(95 196 29) 
(95 197 22) 
(95 199 42) 
(96 2 12) 
(96 3 42) 
(96 4 34) 
(96 5 40) 
(96 6 41) 
(96 7 35) 
(96 8 27) 
(96 10 13) 
(96 13 1) 
(96 15 25) 
(96 17 11) 
(96 18 28) 
(96 20 6) 
(96 21 28) 
(96 23 17) 
(96 24 4) 
(96 25 28) 
(96 27 43) 
(96 28 30) 
(96 29 10) 
(96 30 25) 
(96 31 14) 
(96 32 44) 
(96 33 43) 
(96 35 44) 
(96 36 2) 
(96 37 48) 
(96 38 12) 
(96 39 13) 
(96 40 37) 
(96 42 47) 
(96 43 24) 
(96 44 25) 
(96 46 30) 
(96 47 36) 
(96 48 16) 
(96 49 19) 
(96 50 42) 
(96 51 48) 
(96 52 37) 
(96 53 30) 
(96 54 34) 
(96 56 20) 
(96 58 1) 
(96 59 15) 
(96 60 24) 
(96 62 47) 
(96 63 44) 
(96 65 4) 
(96 66 1) 
(96 68 29) 
(96 69 20) 
(96 70 37) 
(96 71 26) 
(96 72 24) 
(96 73 18) 
(96 74 44) 
(96 75 25) 
(96 76 14) 
(96 77 15) 
(96 78 45) 
(96 80 38) 
(96 81 14) 
(96 82 38) 
(96 83 29) 
(96 85 27) 
(96 86 7) 
(96 87 8) 
(96 88 3) 
(96 90 38) 
(96 91 5) 
(96 92 4) 
(96 93 49) 
(96 94 32) 
(96 97 16) 
(96 98 12) 
(96 99 22) 
(96 100 47) 
(96 101 26) 
(96 102 42) 
(96 104 28) 
(96 106 30) 
(96 107 15) 
(96 108 38) 
(96 110 1) 
(96 111 45) 
(96 112 12) 
(96 113 1) 
(96 117 28) 
(96 118 20) 
(96 120 16) 
(96 121 19) 
(96 122 28) 
(96 123 26) 
(96 125 36) 
(96 126 2) 
(96 127 12) 
(96 128 2) 
(96 130 17) 
(96 131 19) 
(96 132 17) 
(96 133 37) 
(96 134 4) 
(96 135 31) 
(96 136 11) 
(96 137 1) 
(96 138 16) 
(96 140 29) 
(96 141 7) 
(96 142 11) 
(96 145 44) 
(96 146 22) 
(96 147 31) 
(96 150 26) 
(96 152 38) 
(96 153 41) 
(96 154 39) 
(96 156 35) 
(96 159 25) 
(96 160 15) 
(96 161 14) 
(96 162 10) 
(96 163 50) 
(96 164 6) 
(96 165 37) 
(96 167 6) 
(96 168 10) 
(96 169 47) 
(96 170 47) 
(96 171 38) 
(96 172 14) 
(96 173 27) 
(96 174 14) 
(96 175 29) 
(96 177 23) 
(96 178 23) 
(96 179 28) 
(96 180 16) 
(96 181 32) 
(96 183 40) 
(96 184 37) 
(96 185 14) 
(96 186 2) 
(96 187 9) 
(96 189 6) 
(96 190 35) 
(96 191 29) 
(96 192 6) 
(96 193 22) 
(96 194 40) 
(96 196 32) 
(96 197 29) 
(96 198 46) 
(96 199 41) 
(97 1 10) 
(97 3 38) 
(97 4 12) 
(97 5 17) 
(97 8 25) 
(97 11 25) 
(97 13 28) 
(97 14 12) 
(97 16 4) 
(97 17 46) 
(97 18 25) 
(97 20 48) 
(97 21 23) 
(97 22 8) 
(97 23 34) 
(97 24 12) 
(97 25 49) 
(97 26 29) 
(97 28 32) 
(97 29 25) 
(97 30 5) 
(97 31 4) 
(97 33 1) 
(97 35 32) 
(97 36 27) 
(97 37 1) 
(97 40 10) 
(97 41 35) 
(97 42 5) 
(97 44 16) 
(97 45 29) 
(97 47 19) 
(97 48 43) 
(97 49 44) 
(97 51 18) 
(97 52 9) 
(97 54 44) 
(97 55 30) 
(97 56 42) 
(97 57 7) 
(97 58 23) 
(97 59 43) 
(97 60 41) 
(97 61 11) 
(97 63 34) 
(97 67 37) 
(97 69 1) 
(97 70 27) 
(97 71 38) 
(97 72 16) 
(97 73 15) 
(97 74 14) 
(97 75 26) 
(97 76 9) 
(97 78 31) 
(97 79 27) 
(97 81 29) 
(97 82 16) 
(97 83 47) 
(97 84 12) 
(97 88 16) 
(97 89 48) 
(97 90 18) 
(97 91 41) 
(97 94 38) 
(97 95 9) 
(97 96 45) 
(97 98 12) 
(97 99 11) 
(97 101 21) 
(97 105 42) 
(97 107 37) 
(97 108 46) 
(97 109 25) 
(97 110 43) 
(97 111 23) 
(97 112 37) 
(97 114 16) 
(97 115 42) 
(97 116 43) 
(97 117 17) 
(97 119 13) 
(97 122 13) 
(97 123 4) 
(97 125 22) 
(97 127 40) 
(97 128 43) 
(97 129 26) 
(97 130 2) 
(97 134 33) 
(97 135 11) 
(97 137 29) 
(97 138 1) 
(97 140 49) 
(97 141 50) 
(97 142 31) 
(97 144 14) 
(97 145 15) 
(97 146 13) 
(97 147 36) 
(97 148 34) 
(97 149 43) 
(97 150 46) 
(97 154 41) 
(97 155 4) 
(97 156 37) 
(97 157 24) 
(97 159 20) 
(97 160 25) 
(97 161 36) 
(97 162 10) 
(97 163 27) 
(97 164 32) 
(97 165 45) 
(97 167 27) 
(97 168 44) 
(97 169 49) 
(97 170 33) 
(97 171 28) 
(97 172 13) 
(97 173 37) 
(97 174 32) 
(97 175 39) 
(97 176 41) 
(97 177 25) 
(97 178 5) 
(97 179 45) 
(97 180 46) 
(97 181 30) 
(97 182 18) 
(97 184 14) 
(97 186 45) 
(97 188 41) 
(97 190 37) 
(97 191 30) 
(97 192 16) 
(97 193 14) 
(97 194 47) 
(97 195 31) 
(97 196 37) 
(97 197 35) 
(97 198 47) 
(97 199 33) 
(98 1 11) 
(98 2 13) 
(98 4 28) 
(98 5 21) 
(98 6 47) 
(98 7 1) 
(98 8 21) 
(98 10 28) 
(98 11 13) 
(98 12 29) 
(98 13 4) 
(98 14 40) 
(98 15 26) 
(98 16 37) 
(98 17 6) 
(98 18 14) 
(98 19 21) 
(98 21 14) 
(98 23 50) 
(98 24 32) 
(98 25 12) 
(98 27 3) 
(98 28 40) 
(98 29 21) 
(98 30 15) 
(98 31 6) 
(98 32 44) 
(98 33 15) 
(98 34 27) 
(98 35 7) 
(98 36 50) 
(98 37 10) 
(98 38 22) 
(98 40 44) 
(98 41 21) 
(98 42 18) 
(98 43 12) 
(98 45 31) 
(98 46 40) 
(98 47 28) 
(98 49 23) 
(98 50 7) 
(98 51 25) 
(98 53 44) 
(98 55 46) 
(98 56 26) 
(98 57 45) 
(98 58 7) 
(98 59 30) 
(98 60 23) 
(98 62 23) 
(98 63 8) 
(98 65 11) 
(98 66 46) 
(98 67 13) 
(98 68 6) 
(98 69 37) 
(98 70 13) 
(98 71 43) 
(98 75 35) 
(98 76 49) 
(98 77 40) 
(98 80 17) 
(98 81 13) 
(98 82 25) 
(98 83 12) 
(98 84 7) 
(98 85 31) 
(98 86 13) 
(98 87 16) 
(98 88 28) 
(98 89 43) 
(98 91 36) 
(98 92 38) 
(98 93 49) 
(98 94 39) 
(98 95 38) 
(98 96 25) 
(98 97 31) 
(98 99 9) 
(98 100 50) 
(98 101 19) 
(98 102 37) 
(98 103 22) 
(98 104 4) 
(98 105 30) 
(98 107 28) 
(98 108 17) 
(98 110 17) 
(98 111 15) 
(98 112 47) 
(98 113 26) 
(98 114 10) 
(98 116 12) 
(98 118 36) 
(98 119 34) 
(98 120 9) 
(98 121 9) 
(98 122 6) 
(98 123 48) 
(98 124 42) 
(98 125 45) 
(98 126 21) 
(98 127 25) 
(98 128 15) 
(98 129 14) 
(98 130 13) 
(98 131 24) 
(98 134 47) 
(98 135 12) 
(98 136 13) 
(98 137 24) 
(98 138 7) 
(98 139 11) 
(98 142 18) 
(98 144 8) 
(98 145 21) 
(98 146 50) 
(98 149 31) 
(98 150 21) 
(98 152 40) 
(98 154 30) 
(98 155 49) 
(98 156 9) 
(98 159 49) 
(98 160 22) 
(98 161 48) 
(98 164 15) 
(98 167 14) 
(98 169 49) 
(98 171 23) 
(98 173 34) 
(98 174 20) 
(98 175 4) 
(98 176 46) 
(98 177 30) 
(98 178 47) 
(98 179 23) 
(98 182 13) 
(98 183 14) 
(98 184 20) 
(98 185 20) 
(98 186 20) 
(98 187 34) 
(98 189 43) 
(98 190 6) 
(98 191 8) 
(98 192 27) 
(98 194 35) 
(98 196 13) 
(98 197 38) 
(98 199 16) 
(99 0 49) 
(99 1 23) 
(99 4 4) 
(99 5 45) 
(99 7 45) 
(99 8 15) 
(99 9 44) 
(99 10 16) 
(99 12 3) 
(99 13 34) 
(99 14 8) 
(99 16 6) 
(99 17 41) 
(99 19 46) 
(99 20 13) 
(99 21 41) 
(99 22 45) 
(99 24 17) 
(99 25 28) 
(99 26 22) 
(99 27 9) 
(99 28 8) 
(99 31 33) 
(99 32 2) 
(99 33 18) 
(99 34 40) 
(99 35 10) 
(99 36 26) 
(99 37 5) 
(99 39 35) 
(99 42 33) 
(99 43 25) 
(99 44 36) 
(99 45 11) 
(99 48 40) 
(99 49 5) 
(99 50 19) 
(99 51 49) 
(99 52 25) 
(99 53 33) 
(99 54 49) 
(99 55 39) 
(99 56 42) 
(99 57 44) 
(99 58 43) 
(99 59 24) 
(99 60 18) 
(99 61 10) 
(99 62 1) 
(99 63 28) 
(99 64 26) 
(99 65 11) 
(99 67 50) 
(99 68 15) 
(99 69 36) 
(99 71 5) 
(99 73 4) 
(99 74 37) 
(99 76 1) 
(99 77 31) 
(99 78 3) 
(99 79 24) 
(99 81 11) 
(99 82 47) 
(99 83 36) 
(99 84 25) 
(99 85 47) 
(99 87 27) 
(99 88 14) 
(99 91 34) 
(99 92 33) 
(99 93 50) 
(99 97 14) 
(99 98 20) 
(99 101 47) 
(99 102 35) 
(99 105 6) 
(99 106 38) 
(99 107 15) 
(99 108 33) 
(99 110 46) 
(99 111 13) 
(99 112 1) 
(99 113 48) 
(99 114 12) 
(99 115 14) 
(99 117 5) 
(99 118 1) 
(99 119 6) 
(99 120 42) 
(99 122 22) 
(99 123 31) 
(99 124 39) 
(99 125 10) 
(99 126 6) 
(99 127 37) 
(99 128 26) 
(99 129 28) 
(99 130 27) 
(99 131 12) 
(99 132 12) 
(99 133 17) 
(99 134 4) 
(99 135 13) 
(99 137 19) 
(99 138 41) 
(99 140 24) 
(99 141 37) 
(99 142 2) 
(99 143 32) 
(99 145 25) 
(99 147 49) 
(99 148 1) 
(99 151 46) 
(99 153 42) 
(99 154 25) 
(99 155 38) 
(99 156 11) 
(99 157 26) 
(99 158 29) 
(99 159 11) 
(99 161 1) 
(99 162 10) 
(99 163 38) 
(99 165 18) 
(99 166 40) 
(99 167 20) 
(99 168 10) 
(99 169 34) 
(99 170 20) 
(99 171 45) 
(99 172 4) 
(99 173 25) 
(99 174 41) 
(99 176 18) 
(99 177 30) 
(99 178 20) 
(99 180 17) 
(99 181 39) 
(99 182 1) 
(99 183 34) 
(99 184 15) 
(99 185 26) 
(99 186 46) 
(99 187 15) 
(99 188 5) 
(99 189 18) 
(99 190 46) 
(99 191 3) 
(99 192 33) 
(99 193 40) 
(99 195 12) 
(99 197 11) 
(99 198 18) 
(99 199 40) 
(100 0 33) 
(100 1 45) 
(100 2 45) 
(100 3 9) 
(100 4 6) 
(100 6 48) 
(100 7 4) 
(100 8 48) 
(100 9 45) 
(100 10 34) 
(100 11 47) 
(100 12 18) 
(100 13 38) 
(100 15 34) 
(100 17 7) 
(100 18 26) 
(100 20 47) 
(100 22 19) 
(100 23 44) 
(100 24 41) 
(100 25 17) 
(100 27 36) 
(100 28 23) 
(100 29 12) 
(100 30 5) 
(100 31 14) 
(100 33 36) 
(100 35 50) 
(100 36 36) 
(100 37 30) 
(100 39 41) 
(100 40 10) 
(100 41 20) 
(100 42 10) 
(100 43 50) 
(100 44 45) 
(100 45 47) 
(100 46 16) 
(100 47 24) 
(100 48 15) 
(100 49 36) 
(100 50 46) 
(100 51 30) 
(100 52 34) 
(100 53 35) 
(100 54 38) 
(100 55 15) 
(100 56 5) 
(100 59 49) 
(100 60 12) 
(100 61 50) 
(100 62 9) 
(100 66 28) 
(100 67 25) 
(100 69 35) 
(100 72 38) 
(100 74 10) 
(100 75 6) 
(100 76 38) 
(100 78 33) 
(100 79 25) 
(100 80 4) 
(100 82 42) 
(100 83 2) 
(100 84 15) 
(100 85 7) 
(100 89 50) 
(100 90 5) 
(100 91 50) 
(100 92 23) 
(100 93 15) 
(100 95 10) 
(100 96 24) 
(100 97 9) 
(100 98 16) 
(100 99 14) 
(100 101 16) 
(100 102 1) 
(100 104 48) 
(100 105 15) 
(100 107 19) 
(100 108 50) 
(100 110 8) 
(100 112 5) 
(100 113 17) 
(100 114 5) 
(100 116 44) 
(100 118 11) 
(100 120 31) 
(100 123 42) 
(100 124 26) 
(100 125 19) 
(100 127 6) 
(100 128 30) 
(100 129 25) 
(100 130 2) 
(100 131 23) 
(100 133 29) 
(100 134 36) 
(100 135 31) 
(100 137 47) 
(100 139 19) 
(100 140 43) 
(100 141 42) 
(100 142 27) 
(100 143 6) 
(100 145 15) 
(100 146 45) 
(100 147 10) 
(100 148 25) 
(100 149 4) 
(100 150 40) 
(100 152 49) 
(100 153 8) 
(100 155 45) 
(100 156 29) 
(100 157 18) 
(100 159 46) 
(100 160 5) 
(100 161 27) 
(100 162 50) 
(100 164 23) 
(100 166 40) 
(100 168 15) 
(100 171 45) 
(100 173 37) 
(100 174 10) 
(100 176 27) 
(100 177 32) 
(100 178 24) 
(100 179 14) 
(100 180 49) 
(100 182 42) 
(100 183 7) 
(100 184 23) 
(100 185 13) 
(100 186 15) 
(100 187 3) 
(100 188 15) 
(100 189 39) 
(100 190 16) 
(100 191 33) 
(100 193 31) 
(100 194 7) 
(100 195 2) 
(100 197 41) 
(100 199 19) 
(101 2 5) 
(101 3 42) 
(101 4 37) 
(101 5 24) 
(101 7 50) 
(101 8 7) 
(101 9 39) 
(101 11 13) 
(101 12 36) 
(101 13 3) 
(101 15 43) 
(101 17 21) 
(101 18 26) 
(101 19 9) 
(101 20 44) 
(101 21 31) 
(101 22 20) 
(101 23 14) 
(101 25 23) 
(101 26 45) 
(101 27 41) 
(101 29 34) 
(101 31 43) 
(101 34 45) 
(101 35 40) 
(101 36 29) 
(101 38 23) 
(101 39 26) 
(101 40 19) 
(101 41 17) 
(101 42 5) 
(101 43 47) 
(101 44 37) 
(101 45 36) 
(101 46 38) 
(101 47 36) 
(101 48 25) 
(101 50 21) 
(101 52 25) 
(101 53 31) 
(101 54 27) 
(101 55 2) 
(101 56 15) 
(101 57 40) 
(101 58 34) 
(101 59 36) 
(101 60 47) 
(101 61 49) 
(101 62 27) 
(101 63 40) 
(101 65 23) 
(101 66 27) 
(101 67 14) 
(101 69 3) 
(101 71 47) 
(101 72 42) 
(101 74 30) 
(101 75 9) 
(101 76 2) 
(101 77 45) 
(101 79 5) 
(101 82 5) 
(101 83 43) 
(101 85 49) 
(101 86 6) 
(101 87 20) 
(101 88 8) 
(101 89 13) 
(101 90 27) 
(101 91 12) 
(101 92 48) 
(101 93 41) 
(101 95 46) 
(101 96 10) 
(101 97 9) 
(101 99 39) 
(101 100 31) 
(101 102 40) 
(101 104 39) 
(101 105 46) 
(101 107 45) 
(101 109 7) 
(101 111 16) 
(101 112 38) 
(101 113 32) 
(101 116 44) 
(101 118 27) 
(101 119 37) 
(101 120 43) 
(101 122 42) 
(101 123 5) 
(101 124 24) 
(101 125 20) 
(101 126 11) 
(101 127 30) 
(101 128 24) 
(101 129 17) 
(101 130 37) 
(101 131 47) 
(101 133 38) 
(101 134 21) 
(101 135 6) 
(101 136 17) 
(101 138 13) 
(101 139 48) 
(101 141 38) 
(101 143 44) 
(101 145 21) 
(101 146 27) 
(101 147 29) 
(101 148 37) 
(101 149 42) 
(101 150 12) 
(101 152 11) 
(101 153 46) 
(101 154 10) 
(101 157 48) 
(101 158 13) 
(101 159 30) 
(101 160 7) 
(101 161 15) 
(101 162 17) 
(101 163 33) 
(101 164 9) 
(101 166 37) 
(101 167 2) 
(101 168 27) 
(101 170 13) 
(101 171 34) 
(101 174 32) 
(101 175 4) 
(101 176 8) 
(101 178 6) 
(101 179 5) 
(101 180 47) 
(101 181 3) 
(101 182 45) 
(101 183 37) 
(101 186 26) 
(101 188 26) 
(101 189 37) 
(101 190 23) 
(101 191 35) 
(101 192 28) 
(101 194 20) 
(101 196 34) 
(101 197 40) 
(101 198 4) 
(101 199 41) 
(102 0 15) 
(102 1 12) 
(102 2 9) 
(102 3 38) 
(102 4 21) 
(102 5 24) 
(102 6 21) 
(102 8 14) 
(102 9 26) 
(102 10 34) 
(102 12 35) 
(102 13 36) 
(102 14 45) 
(102 15 48) 
(102 16 17) 
(102 18 47) 
(102 19 49) 
(102 20 14) 
(102 21 5) 
(102 22 37) 
(102 23 37) 
(102 24 20) 
(102 25 26) 
(102 26 6) 
(102 27 9) 
(102 28 17) 
(102 29 20) 
(102 30 23) 
(102 31 36) 
(102 32 18) 
(102 34 44) 
(102 35 36) 
(102 36 21) 
(102 37 12) 
(102 39 47) 
(102 40 30) 
(102 41 39) 
(102 44 22) 
(102 46 35) 
(102 47 14) 
(102 48 48) 
(102 49 44) 
(102 50 5) 
(102 51 40) 
(102 54 3) 
(102 55 36) 
(102 57 33) 
(102 58 37) 
(102 59 36) 
(102 60 22) 
(102 61 38) 
(102 62 48) 
(102 63 16) 
(102 64 34) 
(102 65 19) 
(102 67 46) 
(102 69 22) 
(102 71 13) 
(102 73 45) 
(102 75 27) 
(102 76 3) 
(102 77 15) 
(102 79 12) 
(102 80 11) 
(102 81 41) 
(102 82 31) 
(102 84 10) 
(102 85 11) 
(102 86 48) 
(102 89 45) 
(102 91 49) 
(102 92 5) 
(102 93 20) 
(102 95 48) 
(102 96 42) 
(102 97 34) 
(102 98 32) 
(102 99 49) 
(102 100 16) 
(102 101 2) 
(102 103 46) 
(102 104 24) 
(102 105 5) 
(102 107 32) 
(102 109 18) 
(102 110 48) 
(102 112 24) 
(102 113 44) 
(102 114 34) 
(102 115 42) 
(102 116 10) 
(102 118 23) 
(102 119 25) 
(102 120 12) 
(102 123 16) 
(102 124 47) 
(102 125 4) 
(102 127 39) 
(102 128 6) 
(102 129 30) 
(102 130 33) 
(102 131 13) 
(102 133 4) 
(102 134 5) 
(102 138 29) 
(102 139 31) 
(102 140 42) 
(102 141 40) 
(102 143 43) 
(102 145 48) 
(102 146 39) 
(102 147 25) 
(102 149 34) 
(102 150 24) 
(102 152 28) 
(102 155 2) 
(102 157 15) 
(102 158 32) 
(102 159 23) 
(102 160 14) 
(102 162 47) 
(102 163 38) 
(102 164 47) 
(102 165 21) 
(102 166 50) 
(102 167 37) 
(102 168 4) 
(102 170 15) 
(102 171 41) 
(102 173 40) 
(102 174 39) 
(102 176 35) 
(102 177 33) 
(102 178 21) 
(102 179 25) 
(102 180 50) 
(102 181 49) 
(102 183 20) 
(102 184 19) 
(102 185 45) 
(102 186 43) 
(102 188 39) 
(102 189 21) 
(102 190 38) 
(102 191 1) 
(102 193 50) 
(102 194 28) 
(102 196 45) 
(102 197 40) 
(103 0 12) 
(103 1 33) 
(103 2 36) 
(103 3 10) 
(103 4 37) 
(103 7 50) 
(103 8 20) 
(103 9 3) 
(103 11 37) 
(103 13 9) 
(103 15 27) 
(103 17 25) 
(103 18 1) 
(103 19 17) 
(103 21 33) 
(103 23 12) 
(103 24 48) 
(103 25 28) 
(103 26 9) 
(103 27 2) 
(103 28 33) 
(103 29 40) 
(103 31 33) 
(103 32 18) 
(103 33 9) 
(103 34 37) 
(103 35 34) 
(103 36 10) 
(103 37 38) 
(103 39 39) 
(103 40 29) 
(103 41 49) 
(103 42 14) 
(103 43 21) 
(103 44 32) 
(103 46 13) 
(103 47 50) 
(103 48 12) 
(103 49 50) 
(103 50 23) 
(103 52 18) 
(103 54 25) 
(103 55 19) 
(103 57 11) 
(103 58 26) 
(103 59 49) 
(103 60 28) 
(103 61 49) 
(103 62 35) 
(103 63 26) 
(103 64 17) 
(103 66 21) 
(103 67 26) 
(103 70 13) 
(103 72 14) 
(103 73 20) 
(103 74 49) 
(103 75 26) 
(103 76 14) 
(103 78 30) 
(103 79 18) 
(103 80 11) 
(103 81 25) 
(103 82 38) 
(103 84 3) 
(103 85 41) 
(103 86 42) 
(103 87 11) 
(103 88 3) 
(103 89 4) 
(103 91 2) 
(103 92 26) 
(103 93 15) 
(103 94 20) 
(103 95 35) 
(103 96 27) 
(103 97 39) 
(103 99 42) 
(103 100 11) 
(103 101 24) 
(103 102 14) 
(103 104 13) 
(103 105 17) 
(103 106 9) 
(103 107 40) 
(103 108 5) 
(103 109 2) 
(103 110 49) 
(103 111 7) 
(103 112 1) 
(103 113 40) 
(103 114 2) 
(103 115 41) 
(103 116 12) 
(103 117 30) 
(103 118 34) 
(103 119 13) 
(103 120 38) 
(103 122 46) 
(103 124 43) 
(103 125 13) 
(103 126 32) 
(103 127 30) 
(103 128 30) 
(103 129 9) 
(103 130 46) 
(103 132 33) 
(103 133 43) 
(103 134 40) 
(103 135 19) 
(103 136 40) 
(103 137 30) 
(103 138 45) 
(103 139 44) 
(103 140 5) 
(103 144 23) 
(103 145 23) 
(103 146 2) 
(103 148 40) 
(103 149 9) 
(103 150 37) 
(103 151 22) 
(103 152 1) 
(103 154 49) 
(103 155 50) 
(103 158 2) 
(103 159 37) 
(103 160 20) 
(103 162 8) 
(103 163 6) 
(103 164 38) 
(103 165 8) 
(103 168 35) 
(103 169 19) 
(103 170 46) 
(103 171 43) 
(103 173 29) 
(103 174 20) 
(103 175 1) 
(103 176 48) 
(103 177 8) 
(103 178 6) 
(103 180 27) 
(103 181 17) 
(103 183 32) 
(103 184 13) 
(103 185 33) 
(103 188 5) 
(103 189 27) 
(103 190 30) 
(103 191 20) 
(103 192 38) 
(103 193 36) 
(103 196 29) 
(103 197 8) 
(103 198 40) 
(104 0 35) 
(104 1 47) 
(104 2 8) 
(104 3 30) 
(104 5 31) 
(104 6 30) 
(104 7 15) 
(104 8 40) 
(104 9 49) 
(104 10 47) 
(104 11 39) 
(104 14 36) 
(104 18 25) 
(104 19 4) 
(104 20 41) 
(104 21 25) 
(104 22 46) 
(104 23 29) 
(104 24 28) 
(104 25 30) 
(104 26 4) 
(104 27 6) 
(104 28 30) 
(104 29 7) 
(104 30 4) 
(104 31 28) 
(104 33 21) 
(104 34 1) 
(104 38 35) 
(104 39 1) 
(104 43 25) 
(104 44 36) 
(104 45 30) 
(104 46 39) 
(104 47 48) 
(104 48 8) 
(104 49 12) 
(104 50 30) 
(104 52 24) 
(104 54 41) 
(104 56 9) 
(104 57 12) 
(104 58 2) 
(104 59 18) 
(104 60 34) 
(104 61 40) 
(104 62 8) 
(104 63 18) 
(104 64 2) 
(104 65 21) 
(104 66 18) 
(104 67 18) 
(104 69 46) 
(104 71 8) 
(104 73 40) 
(104 74 39) 
(104 75 3) 
(104 77 6) 
(104 78 9) 
(104 79 39) 
(104 80 12) 
(104 81 21) 
(104 82 1) 
(104 83 40) 
(104 85 38) 
(104 86 47) 
(104 87 7) 
(104 88 49) 
(104 89 14) 
(104 91 40) 
(104 92 35) 
(104 93 23) 
(104 94 4) 
(104 95 16) 
(104 97 11) 
(104 98 50) 
(104 99 8) 
(104 100 47) 
(104 101 7) 
(104 103 34) 
(104 105 33) 
(104 107 46) 
(104 109 41) 
(104 110 10) 
(104 112 23) 
(104 114 27) 
(104 116 37) 
(104 118 20) 
(104 119 35) 
(104 122 5) 
(104 123 27) 
(104 124 6) 
(104 125 31) 
(104 127 41) 
(104 128 23) 
(104 129 43) 
(104 130 3) 
(104 133 9) 
(104 134 29) 
(104 136 29) 
(104 137 16) 
(104 138 12) 
(104 140 8) 
(104 141 30) 
(104 142 18) 
(104 143 16) 
(104 144 36) 
(104 145 40) 
(104 149 1) 
(104 150 14) 
(104 152 11) 
(104 154 28) 
(104 155 28) 
(104 156 18) 
(104 158 29) 
(104 159 34) 
(104 160 13) 
(104 161 39) 
(104 162 22) 
(104 163 45) 
(104 164 10) 
(104 166 18) 
(104 167 30) 
(104 168 3) 
(104 169 35) 
(104 170 13) 
(104 171 17) 
(104 172 39) 
(104 173 44) 
(104 174 25) 
(104 175 48) 
(104 176 35) 
(104 178 40) 
(104 179 16) 
(104 181 3) 
(104 182 14) 
(104 183 1) 
(104 184 50) 
(104 185 42) 
(104 186 21) 
(104 189 32) 
(104 190 3) 
(104 191 20) 
(104 192 23) 
(104 193 17) 
(104 194 20) 
(104 195 31) 
(104 196 17) 
(104 197 19) 
(104 198 26) 
(104 199 10) 
(105 0 19) 
(105 2 7) 
(105 3 4) 
(105 4 44) 
(105 5 49) 
(105 6 37) 
(105 7 9) 
(105 8 11) 
(105 10 14) 
(105 11 15) 
(105 12 8) 
(105 13 11) 
(105 14 16) 
(105 15 23) 
(105 16 1) 
(105 17 32) 
(105 18 25) 
(105 19 47) 
(105 21 39) 
(105 22 7) 
(105 23 6) 
(105 24 29) 
(105 25 44) 
(105 26 11) 
(105 27 47) 
(105 28 1) 
(105 31 12) 
(105 32 15) 
(105 33 8) 
(105 34 46) 
(105 36 26) 
(105 37 36) 
(105 38 48) 
(105 39 9) 
(105 41 7) 
(105 43 4) 
(105 44 49) 
(105 47 16) 
(105 48 11) 
(105 50 31) 
(105 51 42) 
(105 52 35) 
(105 53 2) 
(105 56 39) 
(105 57 21) 
(105 61 40) 
(105 63 38) 
(105 64 14) 
(105 66 7) 
(105 68 18) 
(105 69 24) 
(105 70 38) 
(105 71 5) 
(105 73 27) 
(105 78 41) 
(105 79 5) 
(105 81 37) 
(105 82 33) 
(105 84 25) 
(105 86 44) 
(105 89 31) 
(105 90 8) 
(105 91 29) 
(105 93 31) 
(105 94 20) 
(105 95 49) 
(105 96 27) 
(105 97 36) 
(105 99 14) 
(105 101 15) 
(105 102 3) 
(105 103 5) 
(105 104 31) 
(105 107 48) 
(105 109 11) 
(105 110 22) 
(105 112 33) 
(105 113 36) 
(105 114 27) 
(105 115 38) 
(105 116 29) 
(105 117 6) 
(105 119 20) 
(105 120 34) 
(105 121 6) 
(105 122 21) 
(105 123 9) 
(105 124 32) 
(105 125 22) 
(105 126 34) 
(105 127 3) 
(105 128 2) 
(105 129 50) 
(105 130 24) 
(105 131 29) 
(105 132 36) 
(105 133 39) 
(105 134 33) 
(105 135 12) 
(105 137 33) 
(105 138 6) 
(105 139 36) 
(105 140 43) 
(105 141 31) 
(105 143 16) 
(105 145 20) 
(105 146 29) 
(105 147 11) 
(105 148 18) 
(105 149 35) 
(105 150 32) 
(105 151 21) 
(105 152 36) 
(105 153 43) 
(105 154 47) 
(105 156 14) 
(105 159 14) 
(105 160 43) 
(105 161 47) 
(105 162 1) 
(105 163 37) 
(105 164 37) 
(105 166 7) 
(105 168 41) 
(105 169 27) 
(105 171 21) 
(105 174 37) 
(105 175 10) 
(105 176 29) 
(105 177 20) 
(105 178 13) 
(105 179 45) 
(105 182 5) 
(105 184 50) 
(105 185 33) 
(105 189 16) 
(105 190 17) 
(105 191 14) 
(105 192 9) 
(105 193 17) 
(105 194 35) 
(105 195 47) 
(105 198 29) 
(105 199 3) 
(106 0 46) 
(106 1 26) 
(106 2 47) 
(106 4 17) 
(106 5 7) 
(106 6 42) 
(106 7 45) 
(106 8 38) 
(106 9 10) 
(106 10 28) 
(106 11 31) 
(106 14 19) 
(106 16 34) 
(106 17 7) 
(106 19 3) 
(106 20 29) 
(106 21 50) 
(106 22 44) 
(106 24 17) 
(106 27 7) 
(106 29 12) 
(106 30 39) 
(106 32 16) 
(106 33 17) 
(106 34 32) 
(106 37 18) 
(106 38 48) 
(106 40 14) 
(106 42 28) 
(106 44 32) 
(106 45 25) 
(106 46 9) 
(106 47 10) 
(106 49 18) 
(106 50 10) 
(106 51 41) 
(106 52 41) 
(106 54 14) 
(106 55 46) 
(106 57 29) 
(106 58 16) 
(106 59 40) 
(106 60 50) 
(106 61 44) 
(106 63 39) 
(106 64 32) 
(106 66 20) 
(106 67 9) 
(106 69 9) 
(106 71 40) 
(106 73 22) 
(106 74 11) 
(106 75 18) 
(106 76 18) 
(106 77 23) 
(106 78 5) 
(106 79 33) 
(106 81 38) 
(106 82 35) 
(106 84 28) 
(106 88 9) 
(106 91 5) 
(106 92 7) 
(106 94 19) 
(106 95 9) 
(106 96 33) 
(106 98 38) 
(106 99 26) 
(106 100 46) 
(106 101 19) 
(106 102 49) 
(106 103 14) 
(106 105 41) 
(106 110 30) 
(106 112 46) 
(106 113 48) 
(106 115 1) 
(106 116 25) 
(106 117 22) 
(106 119 24) 
(106 120 16) 
(106 121 13) 
(106 122 19) 
(106 123 20) 
(106 125 2) 
(106 127 36) 
(106 128 2) 
(106 129 27) 
(106 130 24) 
(106 132 17) 
(106 133 5) 
(106 134 16) 
(106 135 32) 
(106 136 41) 
(106 140 22) 
(106 141 22) 
(106 142 5) 
(106 143 28) 
(106 144 43) 
(106 145 30) 
(106 146 45) 
(106 147 22) 
(106 149 15) 
(106 151 44) 
(106 152 31) 
(106 153 28) 
(106 154 32) 
(106 155 11) 
(106 156 25) 
(106 157 11) 
(106 159 47) 
(106 160 39) 
(106 162 33) 
(106 164 48) 
(106 165 25) 
(106 166 17) 
(106 168 6) 
(106 172 10) 
(106 173 42) 
(106 174 9) 
(106 175 7) 
(106 177 29) 
(106 179 4) 
(106 181 5) 
(106 182 41) 
(106 183 31) 
(106 184 4) 
(106 186 50) 
(106 188 34) 
(106 189 39) 
(106 190 5) 
(106 191 35) 
(106 192 1) 
(106 193 31) 
(106 194 6) 
(106 195 6) 
(106 196 41) 
(106 197 28) 
(106 198 5) 
(106 199 22) 
(107 0 50) 
(107 1 13) 
(107 3 36) 
(107 4 8) 
(107 5 6) 
(107 6 13) 
(107 7 38) 
(107 8 2) 
(107 9 50) 
(107 10 49) 
(107 11 28) 
(107 12 41) 
(107 13 18) 
(107 15 18) 
(107 16 2) 
(107 17 27) 
(107 18 4) 
(107 19 43) 
(107 20 24) 
(107 21 9) 
(107 22 4) 
(107 23 38) 
(107 25 35) 
(107 26 28) 
(107 30 27) 
(107 31 42) 
(107 33 24) 
(107 34 6) 
(107 36 49) 
(107 37 24) 
(107 39 37) 
(107 40 37) 
(107 41 30) 
(107 42 48) 
(107 43 46) 
(107 46 41) 
(107 47 35) 
(107 48 30) 
(107 49 35) 
(107 52 49) 
(107 53 38) 
(107 54 19) 
(107 55 13) 
(107 57 44) 
(107 58 27) 
(107 59 47) 
(107 61 16) 
(107 62 39) 
(107 63 36) 
(107 65 41) 
(107 66 23) 
(107 67 45) 
(107 69 49) 
(107 70 47) 
(107 72 18) 
(107 74 25) 
(107 76 6) 
(107 77 36) 
(107 78 9) 
(107 81 50) 
(107 83 28) 
(107 84 34) 
(107 85 43) 
(107 86 6) 
(107 87 39) 
(107 88 21) 
(107 89 41) 
(107 90 9) 
(107 92 42) 
(107 93 21) 
(107 94 15) 
(107 95 38) 
(107 96 3) 
(107 97 3) 
(107 98 6) 
(107 100 33) 
(107 102 4) 
(107 105 27) 
(107 109 12) 
(107 110 35) 
(107 111 26) 
(107 112 49) 
(107 113 29) 
(107 114 38) 
(107 116 17) 
(107 117 13) 
(107 118 49) 
(107 120 46) 
(107 121 37) 
(107 122 23) 
(107 123 28) 
(107 124 32) 
(107 125 43) 
(107 127 47) 
(107 128 39) 
(107 129 35) 
(107 130 10) 
(107 131 10) 
(107 132 24) 
(107 134 44) 
(107 135 34) 
(107 136 7) 
(107 137 41) 
(107 138 17) 
(107 139 48) 
(107 140 24) 
(107 141 31) 
(107 143 14) 
(107 144 47) 
(107 146 10) 
(107 147 8) 
(107 148 23) 
(107 149 38) 
(107 150 36) 
(107 152 34) 
(107 154 19) 
(107 155 20) 
(107 157 16) 
(107 158 25) 
(107 159 21) 
(107 160 15) 
(107 161 26) 
(107 162 17) 
(107 163 11) 
(107 164 29) 
(107 166 5) 
(107 167 1) 
(107 168 45) 
(107 169 50) 
(107 170 12) 
(107 171 46) 
(107 172 29) 
(107 173 18) 
(107 174 27) 
(107 175 9) 
(107 179 19) 
(107 180 43) 
(107 181 49) 
(107 182 28) 
(107 183 46) 
(107 184 20) 
(107 185 24) 
(107 186 25) 
(107 187 1) 
(107 188 35) 
(107 189 11) 
(107 191 27) 
(107 193 17) 
(107 194 25) 
(107 196 30) 
(107 197 48) 
(107 199 12) 
(108 0 33) 
(108 1 20) 
(108 2 35) 
(108 3 42) 
(108 4 28) 
(108 5 18) 
(108 6 1) 
(108 7 48) 
(108 11 43) 
(108 12 17) 
(108 13 32) 
(108 15 23) 
(108 16 40) 
(108 19 31) 
(108 20 4) 
(108 21 28) 
(108 22 42) 
(108 23 31) 
(108 24 26) 
(108 25 18) 
(108 26 1) 
(108 27 11) 
(108 28 8) 
(108 30 40) 
(108 31 28) 
(108 32 49) 
(108 34 20) 
(108 36 46) 
(108 37 25) 
(108 38 7) 
(108 39 30) 
(108 41 24) 
(108 42 11) 
(108 43 27) 
(108 44 24) 
(108 45 14) 
(108 46 37) 
(108 47 42) 
(108 48 17) 
(108 49 32) 
(108 50 7) 
(108 51 17) 
(108 56 18) 
(108 57 17) 
(108 58 18) 
(108 59 15) 
(108 60 42) 
(108 61 24) 
(108 62 25) 
(108 64 8) 
(108 66 18) 
(108 67 49) 
(108 68 32) 
(108 69 48) 
(108 70 3) 
(108 71 36) 
(108 72 5) 
(108 73 33) 
(108 74 36) 
(108 75 16) 
(108 76 37) 
(108 77 33) 
(108 78 1) 
(108 79 15) 
(108 80 22) 
(108 81 49) 
(108 83 9) 
(108 84 44) 
(108 85 16) 
(108 87 37) 
(108 88 44) 
(108 89 22) 
(108 90 44) 
(108 91 26) 
(108 94 3) 
(108 95 41) 
(108 97 10) 
(108 98 35) 
(108 99 31) 
(108 100 37) 
(108 102 46) 
(108 104 42) 
(108 105 43) 
(108 106 50) 
(108 110 35) 
(108 111 2) 
(108 112 42) 
(108 113 50) 
(108 115 43) 
(108 116 15) 
(108 117 16) 
(108 119 29) 
(108 120 39) 
(108 122 13) 
(108 123 14) 
(108 124 38) 
(108 125 5) 
(108 126 6) 
(108 129 40) 
(108 131 2) 
(108 132 38) 
(108 133 38) 
(108 134 19) 
(108 135 30) 
(108 136 38) 
(108 139 17) 
(108 141 15) 
(108 142 40) 
(108 144 26) 
(108 145 48) 
(108 146 45) 
(108 149 44) 
(108 153 30) 
(108 154 3) 
(108 155 2) 
(108 156 12) 
(108 157 11) 
(108 158 1) 
(108 159 30) 
(108 160 50) 
(108 161 48) 
(108 162 27) 
(108 163 44) 
(108 164 28) 
(108 165 37) 
(108 167 22) 
(108 170 31) 
(108 171 33) 
(108 172 11) 
(108 173 42) 
(108 177 23) 
(108 178 38) 
(108 179 6) 
(108 181 26) 
(108 182 36) 
(108 183 18) 
(108 184 22) 
(108 185 44) 
(108 187 27) 
(108 189 13) 
(108 190 23) 
(108 194 37) 
(108 195 15) 
(108 196 38) 
(108 197 39) 
(108 199 24) 
(109 1 4) 
(109 2 12) 
(109 4 23) 
(109 5 28) 
(109 6 41) 
(109 7 47) 
(109 8 19) 
(109 9 23) 
(109 10 33) 
(109 12 4) 
(109 13 10) 
(109 14 25) 
(109 15 45) 
(109 17 15) 
(109 18 3) 
(109 20 21) 
(109 21 42) 
(109 22 44) 
(109 23 3) 
(109 24 28) 
(109 26 38) 
(109 27 47) 
(109 28 18) 
(109 29 1) 
(109 30 47) 
(109 31 46) 
(109 36 33) 
(109 37 28) 
(109 38 31) 
(109 39 32) 
(109 41 3) 
(109 44 14) 
(109 45 46) 
(109 46 48) 
(109 47 4) 
(109 48 7) 
(109 49 41) 
(109 50 13) 
(109 51 26) 
(109 52 35) 
(109 53 23) 
(109 54 31) 
(109 55 38) 
(109 56 2) 
(109 57 35) 
(109 58 18) 
(109 61 46) 
(109 62 43) 
(109 64 48) 
(109 66 23) 
(109 67 1) 
(109 69 14) 
(109 70 13) 
(109 72 3) 
(109 73 23) 
(109 74 20) 
(109 75 11) 
(109 76 31) 
(109 80 14) 
(109 81 18) 
(109 82 13) 
(109 83 20) 
(109 84 19) 
(109 85 15) 
(109 86 44) 
(109 87 50) 
(109 88 1) 
(109 89 36) 
(109 90 1) 
(109 91 30) 
(109 92 10) 
(109 93 13) 
(109 94 19) 
(109 95 49) 
(109 96 30) 
(109 98 9) 
(109 99 15) 
(109 100 4) 
(109 101 45) 
(109 102 47) 
(109 103 49) 
(109 104 35) 
(109 105 31) 
(109 106 24) 
(109 110 22) 
(109 111 13) 
(109 114 42) 
(109 115 23) 
(109 116 39) 
(109 117 27) 
(109 118 28) 
(109 120 27) 
(109 122 16) 
(109 123 32) 
(109 124 44) 
(109 125 15) 
(109 126 16) 
(109 127 6) 
(109 129 11) 
(109 130 42) 
(109 131 46) 
(109 132 43) 
(109 133 39) 
(109 134 13) 
(109 135 43) 
(109 136 14) 
(109 137 24) 
(109 138 25) 
(109 139 41) 
(109 140 29) 
(109 141 36) 
(109 142 5) 
(109 143 9) 
(109 144 12) 
(109 145 46) 
(109 146 19) 
(109 147 44) 
(109 148 30) 
(109 149 19) 
(109 150 20) 
(109 151 44) 
(109 152 4) 
(109 155 24) 
(109 156 42) 
(109 157 30) 
(109 158 37) 
(109 160 35) 
(109 161 24) 
(109 162 34) 
(109 163 8) 
(109 165 14) 
(109 166 14) 
(109 167 26) 
(109 168 29) 
(109 170 21) 
(109 171 25) 
(109 172 40) 
(109 173 16) 
(109 174 9) 
(109 175 29) 
(109 177 29) 
(109 179 7) 
(109 182 29) 
(109 183 31) 
(109 185 41) 
(109 186 1) 
(109 187 25) 
(109 189 49) 
(109 190 5) 
(109 191 5) 
(109 192 14) 
(109 194 28) 
(109 196 41) 
(109 197 16) 
(109 198 31) 
(109 199 9) 
(110 0 27) 
(110 2 37) 
(110 5 34) 
(110 6 10) 
(110 7 12) 
(110 10 4) 
(110 12 10) 
(110 13 7) 
(110 14 38) 
(110 16 7) 
(110 17 5) 
(110 18 10) 
(110 21 17) 
(110 23 50) 
(110 24 9) 
(110 26 13) 
(110 27 37) 
(110 28 48) 
(110 29 15) 
(110 30 13) 
(110 31 8) 
(110 33 15) 
(110 34 3) 
(110 35 5) 
(110 36 5) 
(110 37 16) 
(110 39 31) 
(110 40 40) 
(110 41 29) 
(110 42 9) 
(110 43 6) 
(110 44 8) 
(110 45 34) 
(110 46 24) 
(110 49 22) 
(110 51 22) 
(110 52 32) 
(110 55 14) 
(110 56 10) 
(110 57 13) 
(110 58 50) 
(110 59 5) 
(110 60 25) 
(110 61 7) 
(110 62 49) 
(110 64 47) 
(110 65 5) 
(110 66 6) 
(110 68 23) 
(110 71 21) 
(110 72 38) 
(110 73 5) 
(110 74 9) 
(110 77 23) 
(110 78 24) 
(110 79 23) 
(110 80 12) 
(110 81 34) 
(110 83 44) 
(110 84 35) 
(110 85 7) 
(110 86 24) 
(110 87 31) 
(110 88 4) 
(110 89 46) 
(110 90 41) 
(110 91 3) 
(110 93 14) 
(110 94 50) 
(110 95 26) 
(110 96 3) 
(110 97 23) 
(110 98 45) 
(110 99 40) 
(110 100 32) 
(110 104 25) 
(110 106 5) 
(110 108 46) 
(110 109 20) 
(110 111 22) 
(110 112 46) 
(110 113 39) 
(110 114 50) 
(110 115 32) 
(110 117 8) 
(110 119 40) 
(110 120 49) 
(110 122 21) 
(110 123 26) 
(110 124 31) 
(110 125 44) 
(110 126 30) 
(110 127 5) 
(110 128 36) 
(110 129 4) 
(110 130 22) 
(110 131 46) 
(110 132 50) 
(110 134 30) 
(110 135 45) 
(110 136 37) 
(110 137 19) 
(110 138 27) 
(110 139 18) 
(110 140 44) 
(110 141 37) 
(110 142 38) 
(110 143 49) 
(110 144 46) 
(110 145 24) 
(110 146 21) 
(110 147 10) 
(110 148 39) 
(110 149 35) 
(110 151 26) 
(110 153 50) 
(110 154 9) 
(110 155 20) 
(110 156 42) 
(110 157 1) 
(110 158 22) 
(110 159 48) 
(110 161 40) 
(110 162 10) 
(110 164 25) 
(110 165 28) 
(110 166 6) 
(110 167 14) 
(110 168 45) 
(110 169 46) 
(110 170 28) 
(110 172 35) 
(110 174 28) 
(110 175 17) 
(110 176 19) 
(110 177 15) 
(110 178 29) 
(110 179 28) 
(110 180 34) 
(110 181 18) 
(110 182 13) 
(110 183 19) 
(110 187 15) 
(110 191 9) 
(110 194 27) 
(110 196 13) 
(110 197 29) 
(110 198 39) 
(110 199 8) 
(111 0 38) 
(111 2 4) 
(111 3 30) 
(111 4 19) 
(111 5 27) 
(111 7 35) 
(111 9 28) 
(111 10 48) 
(111 11 10) 
(111 13 34) 
(111 14 38) 
(111 15 44) 
(111 16 31) 
(111 18 27) 
(111 20 40) 
(111 21 45) 
(111 22 5) 
(111 23 19) 
(111 24 15) 
(111 25 35) 
(111 26 16) 
(111 27 46) 
(111 28 39) 
(111 29 26) 
(111 30 18) 
(111 32 20) 
(111 33 14) 
(111 34 14) 
(111 41 43) 
(111 45 12) 
(111 46 35) 
(111 48 6) 
(111 49 25) 
(111 52 40) 
(111 53 40) 
(111 54 24) 
(111 55 15) 
(111 56 34) 
(111 57 38) 
(111 58 6) 
(111 59 3) 
(111 60 39) 
(111 61 4) 
(111 62 29) 
(111 63 41) 
(111 64 35) 
(111 65 9) 
(111 66 35) 
(111 67 28) 
(111 68 37) 
(111 69 47) 
(111 70 48) 
(111 71 8) 
(111 72 50) 
(111 73 41) 
(111 74 33) 
(111 75 25) 
(111 77 14) 
(111 78 13) 
(111 79 46) 
(111 80 17) 
(111 81 45) 
(111 82 22) 
(111 83 7) 
(111 84 4) 
(111 85 6) 
(111 87 40) 
(111 89 50) 
(111 90 5) 
(111 91 39) 
(111 92 21) 
(111 93 48) 
(111 94 2) 
(111 95 33) 
(111 97 40) 
(111 98 50) 
(111 99 37) 
(111 100 34) 
(111 101 14) 
(111 102 8) 
(111 103 36) 
(111 104 4) 
(111 105 2) 
(111 106 8) 
(111 107 1) 
(111 108 25) 
(111 109 7) 
(111 110 46) 
(111 112 1) 
(111 113 4) 
(111 114 34) 
(111 115 24) 
(111 118 23) 
(111 119 26) 
(111 122 18) 
(111 123 43) 
(111 124 33) 
(111 125 46) 
(111 126 27) 
(111 127 21) 
(111 128 49) 
(111 129 13) 
(111 130 14) 
(111 131 15) 
(111 132 23) 
(111 133 38) 
(111 136 3) 
(111 138 36) 
(111 139 9) 
(111 140 16) 
(111 141 50) 
(111 143 39) 
(111 144 44) 
(111 145 35) 
(111 147 3) 
(111 148 13) 
(111 150 37) 
(111 152 47) 
(111 153 49) 
(111 154 20) 
(111 156 43) 
(111 157 5) 
(111 158 35) 
(111 159 10) 
(111 160 17) 
(111 161 27) 
(111 162 7) 
(111 164 12) 
(111 165 30) 
(111 166 29) 
(111 167 33) 
(111 169 9) 
(111 170 17) 
(111 172 7) 
(111 173 41) 
(111 174 6) 
(111 175 1) 
(111 176 26) 
(111 177 36) 
(111 178 20) 
(111 180 48) 
(111 183 26) 
(111 184 48) 
(111 186 26) 
(111 187 40) 
(111 188 18) 
(111 190 13) 
(111 191 12) 
(111 192 12) 
(111 193 19) 
(111 194 18) 
(111 195 46) 
(111 196 21) 
(111 198 50) 
(111 199 32) 
(112 1 43) 
(112 3 21) 
(112 4 9) 
(112 6 48) 
(112 8 34) 
(112 10 13) 
(112 11 12) 
(112 12 12) 
(112 13 10) 
(112 15 28) 
(112 16 10) 
(112 17 38) 
(112 18 27) 
(112 19 35) 
(112 20 48) 
(112 22 5) 
(112 23 44) 
(112 24 34) 
(112 25 12) 
(112 26 1) 
(112 27 7) 
(112 28 34) 
(112 30 31) 
(112 31 44) 
(112 32 48) 
(112 34 41) 
(112 35 7) 
(112 36 28) 
(112 37 11) 
(112 38 44) 
(112 39 3) 
(112 40 31) 
(112 42 39) 
(112 44 12) 
(112 45 35) 
(112 46 13) 
(112 47 7) 
(112 48 20) 
(112 49 46) 
(112 50 44) 
(112 51 4) 
(112 52 22) 
(112 53 12) 
(112 55 43) 
(112 56 1) 
(112 57 9) 
(112 58 26) 
(112 59 30) 
(112 61 16) 
(112 62 25) 
(112 63 43) 
(112 64 49) 
(112 66 9) 
(112 68 18) 
(112 69 5) 
(112 70 12) 
(112 73 26) 
(112 75 31) 
(112 76 5) 
(112 77 7) 
(112 79 40) 
(112 80 10) 
(112 81 7) 
(112 82 21) 
(112 83 42) 
(112 86 27) 
(112 88 41) 
(112 89 32) 
(112 90 14) 
(112 91 8) 
(112 92 43) 
(112 93 44) 
(112 94 41) 
(112 95 27) 
(112 96 14) 
(112 97 7) 
(112 98 19) 
(112 99 33) 
(112 100 12) 
(112 101 41) 
(112 104 17) 
(112 105 30) 
(112 106 47) 
(112 107 24) 
(112 108 9) 
(112 110 48) 
(112 111 12) 
(112 114 4) 
(112 117 45) 
(112 118 19) 
(112 119 26) 
(112 120 38) 
(112 121 31) 
(112 122 39) 
(112 123 21) 
(112 124 14) 
(112 126 37) 
(112 128 50) 
(112 129 28) 
(112 130 31) 
(112 131 17) 
(112 133 12) 
(112 134 21) 
(112 135 35) 
(112 136 41) 
(112 137 7) 
(112 138 13) 
(112 139 23) 
(112 141 16) 
(112 143 16) 
(112 145 28) 
(112 147 27) 
(112 149 7) 
(112 150 38) 
(112 152 29) 
(112 153 49) 
(112 154 29) 
(112 155 25) 
(112 156 41) 
(112 160 38) 
(112 161 33) 
(112 162 50) 
(112 163 17) 
(112 165 46) 
(112 166 30) 
(112 169 27) 
(112 170 42) 
(112 171 2) 
(112 172 36) 
(112 173 41) 
(112 174 43) 
(112 176 43) 
(112 177 43) 
(112 178 2) 
(112 180 32) 
(112 181 23) 
(112 182 38) 
(112 183 42) 
(112 185 29) 
(112 186 35) 
(112 187 50) 
(112 188 21) 
(112 189 38) 
(112 190 49) 
(112 191 18) 
(112 192 45) 
(112 193 35) 
(112 194 22) 
(112 195 4) 
(112 196 13) 
(112 198 3) 
(113 0 42) 
(113 1 48) 
(113 2 5) 
(113 3 29) 
(113 4 28) 
(113 5 41) 
(113 6 12) 
(113 7 47) 
(113 8 24) 
(113 9 14) 
(113 11 18) 
(113 12 47) 
(113 13 44) 
(113 15 19) 
(113 16 37) 
(113 17 14) 
(113 19 15) 
(113 20 3) 
(113 21 16) 
(113 22 3) 
(113 23 9) 
(113 24 35) 
(113 25 40) 
(113 27 19) 
(113 29 31) 
(113 30 35) 
(113 31 16) 
(113 32 44) 
(113 33 29) 
(113 34 25) 
(113 36 44) 
(113 37 27) 
(113 39 2) 
(113 40 23) 
(113 41 49) 
(113 43 10) 
(113 44 11) 
(113 45 49) 
(113 46 46) 
(113 47 17) 
(113 48 18) 
(113 49 41) 
(113 50 12) 
(113 52 45) 
(113 53 46) 
(113 54 18) 
(113 55 15) 
(113 56 50) 
(113 57 27) 
(113 58 9) 
(113 59 45) 
(113 60 39) 
(113 61 1) 
(113 63 33) 
(113 64 20) 
(113 66 50) 
(113 67 12) 
(113 68 39) 
(113 69 8) 
(113 70 43) 
(113 71 5) 
(113 72 43) 
(113 75 3) 
(113 76 4) 
(113 78 6) 
(113 79 12) 
(113 81 36) 
(113 82 37) 
(113 83 37) 
(113 87 34) 
(113 89 40) 
(113 91 24) 
(113 92 40) 
(113 93 5) 
(113 94 12) 
(113 95 6) 
(113 96 22) 
(113 98 2) 
(113 102 28) 
(113 103 10) 
(113 105 41) 
(113 106 7) 
(113 107 8) 
(113 108 19) 
(113 110 17) 
(113 111 31) 
(113 114 22) 
(113 115 9) 
(113 116 23) 
(113 117 35) 
(113 118 2) 
(113 119 20) 
(113 120 19) 
(113 122 25) 
(113 123 24) 
(113 124 19) 
(113 126 28) 
(113 127 14) 
(113 128 16) 
(113 129 16) 
(113 130 26) 
(113 131 33) 
(113 132 31) 
(113 133 12) 
(113 134 8) 
(113 135 10) 
(113 136 39) 
(113 137 10) 
(113 138 44) 
(113 139 16) 
(113 140 31) 
(113 143 43) 
(113 145 18) 
(113 147 3) 
(113 149 11) 
(113 150 44) 
(113 151 24) 
(113 153 14) 
(113 154 44) 
(113 155 48) 
(113 157 2) 
(113 159 4) 
(113 160 17) 
(113 162 43) 
(113 164 7) 
(113 165 6) 
(113 166 29) 
(113 168 28) 
(113 169 18) 
(113 170 19) 
(113 171 3) 
(113 173 26) 
(113 175 49) 
(113 176 1) 
(113 177 6) 
(113 178 38) 
(113 179 47) 
(113 180 26) 
(113 181 34) 
(113 182 34) 
(113 183 42) 
(113 184 43) 
(113 185 44) 
(113 187 49) 
(113 188 41) 
(113 190 11) 
(113 191 8) 
(113 192 1) 
(113 194 13) 
(113 195 27) 
(113 199 17) 
(114 0 46) 
(114 1 34) 
(114 2 47) 
(114 3 44) 
(114 4 42) 
(114 5 5) 
(114 6 1) 
(114 7 23) 
(114 10 5) 
(114 11 41) 
(114 12 41) 
(114 14 48) 
(114 17 34) 
(114 19 36) 
(114 20 30) 
(114 21 34) 
(114 26 7) 
(114 27 46) 
(114 28 29) 
(114 29 34) 
(114 30 6) 
(114 31 41) 
(114 32 5) 
(114 33 11) 
(114 37 24) 
(114 38 1) 
(114 39 26) 
(114 40 48) 
(114 42 18) 
(114 43 46) 
(114 44 47) 
(114 46 24) 
(114 49 28) 
(114 50 48) 
(114 51 36) 
(114 53 23) 
(114 54 16) 
(114 55 7) 
(114 56 15) 
(114 57 43) 
(114 60 8) 
(114 63 24) 
(114 64 29) 
(114 65 22) 
(114 68 20) 
(114 71 48) 
(114 72 9) 
(114 73 35) 
(114 74 16) 
(114 75 47) 
(114 76 48) 
(114 77 33) 
(114 78 26) 
(114 79 7) 
(114 80 1) 
(114 81 45) 
(114 82 14) 
(114 83 21) 
(114 85 12) 
(114 87 43) 
(114 88 28) 
(114 89 29) 
(114 91 24) 
(114 92 34) 
(114 93 43) 
(114 94 48) 
(114 95 42) 
(114 96 17) 
(114 97 11) 
(114 98 4) 
(114 99 17) 
(114 100 11) 
(114 101 19) 
(114 102 44) 
(114 103 19) 
(114 104 27) 
(114 105 17) 
(114 106 47) 
(114 107 16) 
(114 108 23) 
(114 109 46) 
(114 111 24) 
(114 112 38) 
(114 113 22) 
(114 115 33) 
(114 116 29) 
(114 117 40) 
(114 118 31) 
(114 119 14) 
(114 121 1) 
(114 122 19) 
(114 123 11) 
(114 124 45) 
(114 125 5) 
(114 126 39) 
(114 127 22) 
(114 128 40) 
(114 130 36) 
(114 131 48) 
(114 133 38) 
(114 134 34) 
(114 135 32) 
(114 136 6) 
(114 137 6) 
(114 138 19) 
(114 139 34) 
(114 140 15) 
(114 141 46) 
(114 143 14) 
(114 146 3) 
(114 147 25) 
(114 148 7) 
(114 149 31) 
(114 150 26) 
(114 151 6) 
(114 154 50) 
(114 155 27) 
(114 156 42) 
(114 157 47) 
(114 159 46) 
(114 160 46) 
(114 161 40) 
(114 162 31) 
(114 163 8) 
(114 165 7) 
(114 166 29) 
(114 168 35) 
(114 169 13) 
(114 170 7) 
(114 171 36) 
(114 172 19) 
(114 174 46) 
(114 175 34) 
(114 176 13) 
(114 178 49) 
(114 179 50) 
(114 180 32) 
(114 181 47) 
(114 182 25) 
(114 183 7) 
(114 186 1) 
(114 187 37) 
(114 189 17) 
(114 191 46) 
(114 192 31) 
(114 193 36) 
(114 194 18) 
(114 195 46) 
(114 196 42) 
(114 197 1) 
(114 198 5) 
(114 199 23) 
(115 0 17) 
(115 2 14) 
(115 3 45) 
(115 5 39) 
(115 8 16) 
(115 9 21) 
(115 13 49) 
(115 14 39) 
(115 15 2) 
(115 16 50) 
(115 17 11) 
(115 18 35) 
(115 19 9) 
(115 21 15) 
(115 22 7) 
(115 24 28) 
(115 25 27) 
(115 27 16) 
(115 29 31) 
(115 30 22) 
(115 31 35) 
(115 33 14) 
(115 35 11) 
(115 36 14) 
(115 38 19) 
(115 40 23) 
(115 41 35) 
(115 43 49) 
(115 45 40) 
(115 47 12) 
(115 48 32) 
(115 49 45) 
(115 52 48) 
(115 53 19) 
(115 54 15) 
(115 55 32) 
(115 57 2) 
(115 59 6) 
(115 60 37) 
(115 63 37) 
(115 64 25) 
(115 66 1) 
(115 67 7) 
(115 68 10) 
(115 70 32) 
(115 71 17) 
(115 73 1) 
(115 74 27) 
(115 77 36) 
(115 79 18) 
(115 81 30) 
(115 82 24) 
(115 83 20) 
(115 84 4) 
(115 85 46) 
(115 86 45) 
(115 87 15) 
(115 88 5) 
(115 89 50) 
(115 91 9) 
(115 92 28) 
(115 95 20) 
(115 96 34) 
(115 97 34) 
(115 98 44) 
(115 99 48) 
(115 100 42) 
(115 101 20) 
(115 102 13) 
(115 103 45) 
(115 104 32) 
(115 106 47) 
(115 107 27) 
(115 109 50) 
(115 110 10) 
(115 111 50) 
(115 112 3) 
(115 114 18) 
(115 116 31) 
(115 117 5) 
(115 118 41) 
(115 119 20) 
(115 120 34) 
(115 121 26) 
(115 122 15) 
(115 123 49) 
(115 124 9) 
(115 125 9) 
(115 127 44) 
(115 128 23) 
(115 133 8) 
(115 134 44) 
(115 138 35) 
(115 139 49) 
(115 140 45) 
(115 142 27) 
(115 143 3) 
(115 144 4) 
(115 145 25) 
(115 146 40) 
(115 147 2) 
(115 148 29) 
(115 150 12) 
(115 151 46) 
(115 152 38) 
(115 155 3) 
(115 156 16) 
(115 157 27) 
(115 158 17) 
(115 159 30) 
(115 160 36) 
(115 161 36) 
(115 162 46) 
(115 163 35) 
(115 166 41) 
(115 168 37) 
(115 169 45) 
(115 170 12) 
(115 171 33) 
(115 174 13) 
(115 176 3) 
(115 178 19) 
(115 179 44) 
(115 180 17) 
(115 181 9) 
(115 182 46) 
(115 183 5) 
(115 184 41) 
(115 186 13) 
(115 187 26) 
(115 188 10) 
(115 189 42) 
(115 190 2) 
(115 191 14) 
(115 192 29) 
(115 194 43) 
(115 195 29) 
(115 196 15) 
(115 197 31) 
(115 198 1) 
(115 199 37) 
(116 0 13) 
(116 1 12) 
(116 2 10) 
(116 3 29) 
(116 4 36) 
(116 5 30) 
(116 6 27) 
(116 9 35) 
(116 10 46) 
(116 11 41) 
(116 12 9) 
(116 15 47) 
(116 16 38) 
(116 17 20) 
(116 20 37) 
(116 21 26) 
(116 22 36) 
(116 24 41) 
(116 25 21) 
(116 27 49) 
(116 29 44) 
(116 30 2) 
(116 31 47) 
(116 33 21) 
(116 34 15) 
(116 35 9) 
(116 36 37) 
(116 39 28) 
(116 40 36) 
(116 41 1) 
(116 42 3) 
(116 43 42) 
(116 44 19) 
(116 46 9) 
(116 48 15) 
(116 49 8) 
(116 50 47) 
(116 51 17) 
(116 53 38) 
(116 55 18) 
(116 56 9) 
(116 59 26) 
(116 60 50) 
(116 62 11) 
(116 63 25) 
(116 65 50) 
(116 66 36) 
(116 67 3) 
(116 68 9) 
(116 69 33) 
(116 70 17) 
(116 72 39) 
(116 73 19) 
(116 74 41) 
(116 75 37) 
(116 77 39) 
(116 78 33) 
(116 80 13) 
(116 81 50) 
(116 82 50) 
(116 83 49) 
(116 84 43) 
(116 85 26) 
(116 89 40) 
(116 90 12) 
(116 92 38) 
(116 93 30) 
(116 95 13) 
(116 96 49) 
(116 97 49) 
(116 98 8) 
(116 99 16) 
(116 100 46) 
(116 102 45) 
(116 103 9) 
(116 105 10) 
(116 106 8) 
(116 107 28) 
(116 108 26) 
(116 109 27) 
(116 110 28) 
(116 112 2) 
(116 113 8) 
(116 114 30) 
(116 117 42) 
(116 119 27) 
(116 121 46) 
(116 122 27) 
(116 123 45) 
(116 124 2) 
(116 126 30) 
(116 128 28) 
(116 129 15) 
(116 131 3) 
(116 132 9) 
(116 133 39) 
(116 134 18) 
(116 138 11) 
(116 139 20) 
(116 140 47) 
(116 141 27) 
(116 142 8) 
(116 144 45) 
(116 146 27) 
(116 147 14) 
(116 148 7) 
(116 149 23) 
(116 150 42) 
(116 151 2) 
(116 153 36) 
(116 154 3) 
(116 155 23) 
(116 156 15) 
(116 157 19) 
(116 158 37) 
(116 159 45) 
(116 160 41) 
(116 161 23) 
(116 163 35) 
(116 165 17) 
(116 166 21) 
(116 167 35) 
(116 168 32) 
(116 169 1) 
(116 170 47) 
(116 171 31) 
(116 172 3) 
(116 174 32) 
(116 176 15) 
(116 178 4) 
(116 179 20) 
(116 180 20) 
(116 182 42) 
(116 183 12) 
(116 185 40) 
(116 187 31) 
(116 188 17) 
(116 189 4) 
(116 191 7) 
(116 193 16) 
(116 194 18) 
(116 195 10) 
(116 196 10) 
(116 197 46) 
(116 198 47) 
(116 199 23) 
(117 0 45) 
(117 1 8) 
(117 2 8) 
(117 3 29) 
(117 4 2) 
(117 5 30) 
(117 6 49) 
(117 7 5) 
(117 9 5) 
(117 10 34) 
(117 12 10) 
(117 13 28) 
(117 14 9) 
(117 17 13) 
(117 18 13) 
(117 20 48) 
(117 22 20) 
(117 24 36) 
(117 26 47) 
(117 27 7) 
(117 28 7) 
(117 30 34) 
(117 33 1) 
(117 34 19) 
(117 35 31) 
(117 36 35) 
(117 37 8) 
(117 38 34) 
(117 39 31) 
(117 41 33) 
(117 42 5) 
(117 43 32) 
(117 44 50) 
(117 45 18) 
(117 49 38) 
(117 50 41) 
(117 51 22) 
(117 52 48) 
(117 53 3) 
(117 54 10) 
(117 55 48) 
(117 59 27) 
(117 60 27) 
(117 63 33) 
(117 64 41) 
(117 65 49) 
(117 67 18) 
(117 68 2) 
(117 72 36) 
(117 73 9) 
(117 74 37) 
(117 75 27) 
(117 77 22) 
(117 78 26) 
(117 79 15) 
(117 80 22) 
(117 81 18) 
(117 83 2) 
(117 84 44) 
(117 85 26) 
(117 86 42) 
(117 87 9) 
(117 88 35) 
(117 89 42) 
(117 91 42) 
(117 92 36) 
(117 93 42) 
(117 94 48) 
(117 95 25) 
(117 96 7) 
(117 97 14) 
(117 98 8) 
(117 99 28) 
(117 101 49) 
(117 102 5) 
(117 103 48) 
(117 107 21) 
(117 109 24) 
(117 110 41) 
(117 112 8) 
(117 113 31) 
(117 114 32) 
(117 116 22) 
(117 118 5) 
(117 119 44) 
(117 122 18) 
(117 123 40) 
(117 124 11) 
(117 126 17) 
(117 127 25) 
(117 128 26) 
(117 129 5) 
(117 130 30) 
(117 131 11) 
(117 133 17) 
(117 136 18) 
(117 137 49) 
(117 138 17) 
(117 140 5) 
(117 141 18) 
(117 142 9) 
(117 143 27) 
(117 144 34) 
(117 145 40) 
(117 146 1) 
(117 149 17) 
(117 150 36) 
(117 151 22) 
(117 152 35) 
(117 153 24) 
(117 154 21) 
(117 155 22) 
(117 156 44) 
(117 157 36) 
(117 158 5) 
(117 159 27) 
(117 161 45) 
(117 162 39) 
(117 163 1) 
(117 164 23) 
(117 166 42) 
(117 167 29) 
(117 168 28) 
(117 169 2) 
(117 170 40) 
(117 171 16) 
(117 172 39) 
(117 173 38) 
(117 176 13) 
(117 177 24) 
(117 178 27) 
(117 179 18) 
(117 182 4) 
(117 183 19) 
(117 185 24) 
(117 186 48) 
(117 187 46) 
(117 188 22) 
(117 191 41) 
(117 192 47) 
(117 193 30) 
(117 194 15) 
(117 195 36) 
(117 196 43) 
(117 199 15) 
(118 1 1) 
(118 2 15) 
(118 3 50) 
(118 4 5) 
(118 5 9) 
(118 6 13) 
(118 7 44) 
(118 8 14) 
(118 9 7) 
(118 10 44) 
(118 12 49) 
(118 13 45) 
(118 16 34) 
(118 18 43) 
(118 19 14) 
(118 22 13) 
(118 23 50) 
(118 24 4) 
(118 25 12) 
(118 26 14) 
(118 27 50) 
(118 28 47) 
(118 29 50) 
(118 30 6) 
(118 32 9) 
(118 34 48) 
(118 35 45) 
(118 36 37) 
(118 38 28) 
(118 39 42) 
(118 41 19) 
(118 42 4) 
(118 44 28) 
(118 45 38) 
(118 47 33) 
(118 48 21) 
(118 49 33) 
(118 51 44) 
(118 52 12) 
(118 53 12) 
(118 55 34) 
(118 57 8) 
(118 58 40) 
(118 59 40) 
(118 60 21) 
(118 62 46) 
(118 63 1) 
(118 65 23) 
(118 66 16) 
(118 67 47) 
(118 69 9) 
(118 71 37) 
(118 72 32) 
(118 74 17) 
(118 76 34) 
(118 77 45) 
(118 78 34) 
(118 80 2) 
(118 81 3) 
(118 82 42) 
(118 83 3) 
(118 85 13) 
(118 86 24) 
(118 88 34) 
(118 89 47) 
(118 91 43) 
(118 92 37) 
(118 93 15) 
(118 95 23) 
(118 96 8) 
(118 97 31) 
(118 98 12) 
(118 99 47) 
(118 100 40) 
(118 101 26) 
(118 102 12) 
(118 103 39) 
(118 104 2) 
(118 105 4) 
(118 107 44) 
(118 108 46) 
(118 110 22) 
(118 112 46) 
(118 113 44) 
(118 114 23) 
(118 115 10) 
(118 120 41) 
(118 121 22) 
(118 122 6) 
(118 124 9) 
(118 125 29) 
(118 126 41) 
(118 127 36) 
(118 130 31) 
(118 131 14) 
(118 133 24) 
(118 134 9) 
(118 135 2) 
(118 136 46) 
(118 137 45) 
(118 138 23) 
(118 140 19) 
(118 141 28) 
(118 144 41) 
(118 145 40) 
(118 146 17) 
(118 147 37) 
(118 148 33) 
(118 149 19) 
(118 150 43) 
(118 151 20) 
(118 152 10) 
(118 154 15) 
(118 155 8) 
(118 156 26) 
(118 157 42) 
(118 158 43) 
(118 161 46) 
(118 162 20) 
(118 163 49) 
(118 164 3) 
(118 166 27) 
(118 168 39) 
(118 170 33) 
(118 172 25) 
(118 174 43) 
(118 175 37) 
(118 176 50) 
(118 177 46) 
(118 178 25) 
(118 179 30) 
(118 180 20) 
(118 182 50) 
(118 183 1) 
(118 184 31) 
(118 185 39) 
(118 186 37) 
(118 187 8) 
(118 188 39) 
(118 191 48) 
(118 192 9) 
(118 193 48) 
(118 197 14) 
(118 199 4) 
(119 0 27) 
(119 1 37) 
(119 3 50) 
(119 5 49) 
(119 7 9) 
(119 8 46) 
(119 11 39) 
(119 12 43) 
(119 13 20) 
(119 14 6) 
(119 15 9) 
(119 16 14) 
(119 17 46) 
(119 18 11) 
(119 21 19) 
(119 22 6) 
(119 23 12) 
(119 24 42) 
(119 25 25) 
(119 27 48) 
(119 29 26) 
(119 30 22) 
(119 31 19) 
(119 33 27) 
(119 35 40) 
(119 36 48) 
(119 38 44) 
(119 39 32) 
(119 40 25) 
(119 41 44) 
(119 42 25) 
(119 44 26) 
(119 46 48) 
(119 47 32) 
(119 49 49) 
(119 50 21) 
(119 52 26) 
(119 53 1) 
(119 54 44) 
(119 59 23) 
(119 60 10) 
(119 61 50) 
(119 62 47) 
(119 63 34) 
(119 64 33) 
(119 66 7) 
(119 67 35) 
(119 68 4) 
(119 69 24) 
(119 70 35) 
(119 71 37) 
(119 72 34) 
(119 73 9) 
(119 74 7) 
(119 75 37) 
(119 76 13) 
(119 77 2) 
(119 78 10) 
(119 79 32) 
(119 80 44) 
(119 82 25) 
(119 83 17) 
(119 84 42) 
(119 86 48) 
(119 87 42) 
(119 89 13) 
(119 91 4) 
(119 92 26) 
(119 93 23) 
(119 94 3) 
(119 96 14) 
(119 98 29) 
(119 99 9) 
(119 100 7) 
(119 102 18) 
(119 103 8) 
(119 104 2) 
(119 105 40) 
(119 106 19) 
(119 107 23) 
(119 109 16) 
(119 111 15) 
(119 112 36) 
(119 113 2) 
(119 115 6) 
(119 116 30) 
(119 118 36) 
(119 120 44) 
(119 122 47) 
(119 123 42) 
(119 124 39) 
(119 125 30) 
(119 128 29) 
(119 129 50) 
(119 130 43) 
(119 133 27) 
(119 134 42) 
(119 135 21) 
(119 136 34) 
(119 139 21) 
(119 140 6) 
(119 141 10) 
(119 142 16) 
(119 144 45) 
(119 145 30) 
(119 146 22) 
(119 147 5) 
(119 148 47) 
(119 149 9) 
(119 150 23) 
(119 151 2) 
(119 152 12) 
(119 153 18) 
(119 154 42) 
(119 155 38) 
(119 157 27) 
(119 158 4) 
(119 159 32) 
(119 160 5) 
(119 162 26) 
(119 164 16) 
(119 165 30) 
(119 166 38) 
(119 167 14) 
(119 168 37) 
(119 169 32) 
(119 170 1) 
(119 171 23) 
(119 173 36) 
(119 174 24) 
(119 175 20) 
(119 176 13) 
(119 179 24) 
(119 180 13) 
(119 181 18) 
(119 183 3) 
(119 184 25) 
(119 185 15) 
(119 189 8) 
(119 190 3) 
(119 191 9) 
(119 192 41) 
(119 193 5) 
(119 194 44) 
(119 195 41) 
(119 196 19) 
(119 197 40) 
(119 198 41) 
(119 199 14) 
(120 0 3) 
(120 1 15) 
(120 2 1) 
(120 3 45) 
(120 4 38) 
(120 5 33) 
(120 6 20) 
(120 7 40) 
(120 8 38) 
(120 9 2) 
(120 10 22) 
(120 12 44) 
(120 13 41) 
(120 14 26) 
(120 15 29) 
(120 16 45) 
(120 17 39) 
(120 18 19) 
(120 19 5) 
(120 22 13) 
(120 23 5) 
(120 24 42) 
(120 25 37) 
(120 26 35) 
(120 27 40) 
(120 28 6) 
(120 30 19) 
(120 31 48) 
(120 32 26) 
(120 34 20) 
(120 35 43) 
(120 36 2) 
(120 37 5) 
(120 38 29) 
(120 39 18) 
(120 40 37) 
(120 41 36) 
(120 42 7) 
(120 43 8) 
(120 44 30) 
(120 45 25) 
(120 46 5) 
(120 47 46) 
(120 48 17) 
(120 49 40) 
(120 50 32) 
(120 51 43) 
(120 52 4) 
(120 53 45) 
(120 54 43) 
(120 55 17) 
(120 56 7) 
(120 57 19) 
(120 59 16) 
(120 60 16) 
(120 61 42) 
(120 62 24) 
(120 63 19) 
(120 64 18) 
(120 65 13) 
(120 66 25) 
(120 67 12) 
(120 68 1) 
(120 69 47) 
(120 71 44) 
(120 72 19) 
(120 73 30) 
(120 74 42) 
(120 79 26) 
(120 80 3) 
(120 81 12) 
(120 82 35) 
(120 83 9) 
(120 85 23) 
(120 88 28) 
(120 89 43) 
(120 90 16) 
(120 91 29) 
(120 93 5) 
(120 94 31) 
(120 96 40) 
(120 97 29) 
(120 98 48) 
(120 100 49) 
(120 101 43) 
(120 102 30) 
(120 103 50) 
(120 105 22) 
(120 106 26) 
(120 107 45) 
(120 109 12) 
(120 110 47) 
(120 111 30) 
(120 112 39) 
(120 113 5) 
(120 114 45) 
(120 115 41) 
(120 116 30) 
(120 117 29) 
(120 118 25) 
(120 119 1) 
(120 121 9) 
(120 122 39) 
(120 124 24) 
(120 126 10) 
(120 127 12) 
(120 129 9) 
(120 130 10) 
(120 131 27) 
(120 133 31) 
(120 136 21) 
(120 137 34) 
(120 138 8) 
(120 139 38) 
(120 140 40) 
(120 141 2) 
(120 142 6) 
(120 143 9) 
(120 144 23) 
(120 145 48) 
(120 146 10) 
(120 147 38) 
(120 148 26) 
(120 149 35) 
(120 150 12) 
(120 151 12) 
(120 153 10) 
(120 154 44) 
(120 155 2) 
(120 156 34) 
(120 157 48) 
(120 158 7) 
(120 161 41) 
(120 162 31) 
(120 163 3) 
(120 164 14) 
(120 165 12) 
(120 167 10) 
(120 168 8) 
(120 169 15) 
(120 170 22) 
(120 171 6) 
(120 172 50) 
(120 173 41) 
(120 175 9) 
(120 176 31) 
(120 178 39) 
(120 179 49) 
(120 180 3) 
(120 181 26) 
(120 182 24) 
(120 187 12) 
(120 189 4) 
(120 190 10) 
(120 191 34) 
(120 192 40) 
(120 193 44) 
(120 194 49) 
(120 195 48) 
(120 196 19) 
(120 197 3) 
(120 198 50) 
(120 199 44) 
(121 0 33) 
(121 1 25) 
(121 2 32) 
(121 3 6) 
(121 4 45) 
(121 5 45) 
(121 6 19) 
(121 7 43) 
(121 8 27) 
(121 9 2) 
(121 10 50) 
(121 11 43) 
(121 12 29) 
(121 13 19) 
(121 14 38) 
(121 15 25) 
(121 16 6) 
(121 17 8) 
(121 19 42) 
(121 20 39) 
(121 21 8) 
(121 22 16) 
(121 23 16) 
(121 24 16) 
(121 26 2) 
(121 27 39) 
(121 29 19) 
(121 30 35) 
(121 32 46) 
(121 33 5) 
(121 34 14) 
(121 36 6) 
(121 38 32) 
(121 40 20) 
(121 42 45) 
(121 43 44) 
(121 44 3) 
(121 45 28) 
(121 46 4) 
(121 48 48) 
(121 49 10) 
(121 51 2) 
(121 53 8) 
(121 55 44) 
(121 56 2) 
(121 57 35) 
(121 58 15) 
(121 59 49) 
(121 60 50) 
(121 62 44) 
(121 63 45) 
(121 64 19) 
(121 66 32) 
(121 69 24) 
(121 70 30) 
(121 71 12) 
(121 74 47) 
(121 76 16) 
(121 77 43) 
(121 78 2) 
(121 79 26) 
(121 80 40) 
(121 81 32) 
(121 82 44) 
(121 83 34) 
(121 84 43) 
(121 85 8) 
(121 86 22) 
(121 87 10) 
(121 89 6) 
(121 91 42) 
(121 92 43) 
(121 96 34) 
(121 97 5) 
(121 98 1) 
(121 99 6) 
(121 100 27) 
(121 101 27) 
(121 103 32) 
(121 104 9) 
(121 105 35) 
(121 107 13) 
(121 108 13) 
(121 109 50) 
(121 110 49) 
(121 111 11) 
(121 112 21) 
(121 115 48) 
(121 116 23) 
(121 117 23) 
(121 118 17) 
(121 123 22) 
(121 125 4) 
(121 126 43) 
(121 127 23) 
(121 128 24) 
(121 129 18) 
(121 130 40) 
(121 131 42) 
(121 132 41) 
(121 133 49) 
(121 134 2) 
(121 137 43) 
(121 138 22) 
(121 139 4) 
(121 140 33) 
(121 141 33) 
(121 142 25) 
(121 143 14) 
(121 144 43) 
(121 146 37) 
(121 147 17) 
(121 149 38) 
(121 152 24) 
(121 153 29) 
(121 154 36) 
(121 155 13) 
(121 157 12) 
(121 158 43) 
(121 159 48) 
(121 161 10) 
(121 162 37) 
(121 163 32) 
(121 164 32) 
(121 165 32) 
(121 166 28) 
(121 167 42) 
(121 168 50) 
(121 169 7) 
(121 170 9) 
(121 171 34) 
(121 173 17) 
(121 175 49) 
(121 178 18) 
(121 179 4) 
(121 180 31) 
(121 182 23) 
(121 183 15) 
(121 184 42) 
(121 185 24) 
(121 187 5) 
(121 190 18) 
(121 191 47) 
(121 192 5) 
(121 193 48) 
(121 194 26) 
(121 195 45) 
(121 198 44) 
(121 199 27) 
(122 0 4) 
(122 1 43) 
(122 2 49) 
(122 3 41) 
(122 4 24) 
(122 5 47) 
(122 6 48) 
(122 8 40) 
(122 9 27) 
(122 10 32) 
(122 11 26) 
(122 12 23) 
(122 13 33) 
(122 15 37) 
(122 16 42) 
(122 17 19) 
(122 18 43) 
(122 19 31) 
(122 20 29) 
(122 21 41) 
(122 22 24) 
(122 23 35) 
(122 24 21) 
(122 25 36) 
(122 26 19) 
(122 27 19) 
(122 28 44) 
(122 29 12) 
(122 32 32) 
(122 33 17) 
(122 34 3) 
(122 35 19) 
(122 37 31) 
(122 38 37) 
(122 40 12) 
(122 41 42) 
(122 42 9) 
(122 44 6) 
(122 45 1) 
(122 47 6) 
(122 48 48) 
(122 49 12) 
(122 50 28) 
(122 51 16) 
(122 53 19) 
(122 54 29) 
(122 55 33) 
(122 56 36) 
(122 57 36) 
(122 58 24) 
(122 59 14) 
(122 60 40) 
(122 61 16) 
(122 62 47) 
(122 63 31) 
(122 65 45) 
(122 66 8) 
(122 68 42) 
(122 69 9) 
(122 71 22) 
(122 72 42) 
(122 74 28) 
(122 75 13) 
(122 76 2) 
(122 77 10) 
(122 78 47) 
(122 79 48) 
(122 80 3) 
(122 82 22) 
(122 84 12) 
(122 86 27) 
(122 87 44) 
(122 88 38) 
(122 89 34) 
(122 91 36) 
(122 92 42) 
(122 94 37) 
(122 95 6) 
(122 96 16) 
(122 97 13) 
(122 98 31) 
(122 99 6) 
(122 100 50) 
(122 101 19) 
(122 102 14) 
(122 103 37) 
(122 104 18) 
(122 105 12) 
(122 106 16) 
(122 107 41) 
(122 109 47) 
(122 111 10) 
(122 112 24) 
(122 113 4) 
(122 114 23) 
(122 115 39) 
(122 116 18) 
(122 117 45) 
(122 118 21) 
(122 120 48) 
(122 123 34) 
(122 124 43) 
(122 125 24) 
(122 126 43) 
(122 127 21) 
(122 128 12) 
(122 129 9) 
(122 130 39) 
(122 131 41) 
(122 133 5) 
(122 134 32) 
(122 135 35) 
(122 139 19) 
(122 141 41) 
(122 142 40) 
(122 143 14) 
(122 144 23) 
(122 148 29) 
(122 149 18) 
(122 150 38) 
(122 151 6) 
(122 153 28) 
(122 155 2) 
(122 157 28) 
(122 158 10) 
(122 160 41) 
(122 161 11) 
(122 163 22) 
(122 164 42) 
(122 165 10) 
(122 166 10) 
(122 167 27) 
(122 168 41) 
(122 169 16) 
(122 170 3) 
(122 171 46) 
(122 174 6) 
(122 175 21) 
(122 176 45) 
(122 178 19) 
(122 179 26) 
(122 180 11) 
(122 181 43) 
(122 182 35) 
(122 183 29) 
(122 184 28) 
(122 187 36) 
(122 189 3) 
(122 190 14) 
(122 191 12) 
(122 193 4) 
(122 194 21) 
(122 196 17) 
(122 198 28) 
(122 199 1) 
(123 3 30) 
(123 4 1) 
(123 5 47) 
(123 6 2) 
(123 7 23) 
(123 9 33) 
(123 10 5) 
(123 11 19) 
(123 12 44) 
(123 15 47) 
(123 16 48) 
(123 17 21) 
(123 18 40) 
(123 19 30) 
(123 20 17) 
(123 22 4) 
(123 23 35) 
(123 24 1) 
(123 25 36) 
(123 26 45) 
(123 27 21) 
(123 28 17) 
(123 29 27) 
(123 30 41) 
(123 31 49) 
(123 32 50) 
(123 33 32) 
(123 34 10) 
(123 35 34) 
(123 37 3) 
(123 38 45) 
(123 39 13) 
(123 40 29) 
(123 41 25) 
(123 42 10) 
(123 43 3) 
(123 44 5) 
(123 45 4) 
(123 46 21) 
(123 47 41) 
(123 48 42) 
(123 49 40) 
(123 52 37) 
(123 53 37) 
(123 54 11) 
(123 55 11) 
(123 56 9) 
(123 58 40) 
(123 59 28) 
(123 61 7) 
(123 66 8) 
(123 67 18) 
(123 68 38) 
(123 69 1) 
(123 70 11) 
(123 71 17) 
(123 72 11) 
(123 73 7) 
(123 75 24) 
(123 76 31) 
(123 77 46) 
(123 79 29) 
(123 80 43) 
(123 81 10) 
(123 85 45) 
(123 86 7) 
(123 87 22) 
(123 89 13) 
(123 90 36) 
(123 91 7) 
(123 94 16) 
(123 95 15) 
(123 96 17) 
(123 97 28) 
(123 100 36) 
(123 101 14) 
(123 104 15) 
(123 106 24) 
(123 107 28) 
(123 109 20) 
(123 110 3) 
(123 111 21) 
(123 112 4) 
(123 113 47) 
(123 114 12) 
(123 115 31) 
(123 116 13) 
(123 117 42) 
(123 118 26) 
(123 119 38) 
(123 122 24) 
(123 124 1) 
(123 125 14) 
(123 126 11) 
(123 130 8) 
(123 133 40) 
(123 134 6) 
(123 135 41) 
(123 136 47) 
(123 137 40) 
(123 138 20) 
(123 141 39) 
(123 142 4) 
(123 143 16) 
(123 145 16) 
(123 146 2) 
(123 148 47) 
(123 149 27) 
(123 150 15) 
(123 155 29) 
(123 159 20) 
(123 160 17) 
(123 161 25) 
(123 165 36) 
(123 166 47) 
(123 167 3) 
(123 168 24) 
(123 169 50) 
(123 170 17) 
(123 171 49) 
(123 172 13) 
(123 174 2) 
(123 175 7) 
(123 176 31) 
(123 177 18) 
(123 178 32) 
(123 179 32) 
(123 180 3) 
(123 183 3) 
(123 184 3) 
(123 186 4) 
(123 187 14) 
(123 188 18) 
(123 189 11) 
(123 190 13) 
(123 191 11) 
(123 193 4) 
(123 196 1) 
(123 197 49) 
(123 199 30) 
(124 0 12) 
(124 1 6) 
(124 2 27) 
(124 4 12) 
(124 5 20) 
(124 6 36) 
(124 7 19) 
(124 9 20) 
(124 10 4) 
(124 11 41) 
(124 12 37) 
(124 14 26) 
(124 16 33) 
(124 17 1) 
(124 18 39) 
(124 20 13) 
(124 21 22) 
(124 23 25) 
(124 24 42) 
(124 26 39) 
(124 27 39) 
(124 28 34) 
(124 29 4) 
(124 32 3) 
(124 33 5) 
(124 35 50) 
(124 36 42) 
(124 37 18) 
(124 38 31) 
(124 39 34) 
(124 40 2) 
(124 41 23) 
(124 42 14) 
(124 43 31) 
(124 44 45) 
(124 45 47) 
(124 46 6) 
(124 49 39) 
(124 50 14) 
(124 51 39) 
(124 52 49) 
(124 53 21) 
(124 54 15) 
(124 55 16) 
(124 57 22) 
(124 59 37) 
(124 60 31) 
(124 61 5) 
(124 62 19) 
(124 63 10) 
(124 67 10) 
(124 70 28) 
(124 71 20) 
(124 72 30) 
(124 74 10) 
(124 75 20) 
(124 76 23) 
(124 78 36) 
(124 80 34) 
(124 83 32) 
(124 84 24) 
(124 85 41) 
(124 86 27) 
(124 87 37) 
(124 88 1) 
(124 89 33) 
(124 90 3) 
(124 91 11) 
(124 92 42) 
(124 93 17) 
(124 94 40) 
(124 95 35) 
(124 96 4) 
(124 97 18) 
(124 98 8) 
(124 100 26) 
(124 101 45) 
(124 102 19) 
(124 103 7) 
(124 106 10) 
(124 108 5) 
(124 110 1) 
(124 111 3) 
(124 112 48) 
(124 113 2) 
(124 114 1) 
(124 115 19) 
(124 116 5) 
(124 117 8) 
(124 119 33) 
(124 120 11) 
(124 121 40) 
(124 122 37) 
(124 123 6) 
(124 125 30) 
(124 126 19) 
(124 127 12) 
(124 129 24) 
(124 130 39) 
(124 132 13) 
(124 136 33) 
(124 137 38) 
(124 138 19) 
(124 139 47) 
(124 140 48) 
(124 142 11) 
(124 143 23) 
(124 145 30) 
(124 146 2) 
(124 147 3) 
(124 148 26) 
(124 149 2) 
(124 150 13) 
(124 151 47) 
(124 152 26) 
(124 153 6) 
(124 156 37) 
(124 157 13) 
(124 158 33) 
(124 160 37) 
(124 161 22) 
(124 162 14) 
(124 163 5) 
(124 164 23) 
(124 165 19) 
(124 166 27) 
(124 167 42) 
(124 168 5) 
(124 169 7) 
(124 170 37) 
(124 172 25) 
(124 175 12) 
(124 177 24) 
(124 178 13) 
(124 180 45) 
(124 181 42) 
(124 182 48) 
(124 183 38) 
(124 184 43) 
(124 185 23) 
(124 186 44) 
(124 187 26) 
(124 189 45) 
(124 191 3) 
(124 193 33) 
(124 194 38) 
(124 196 24) 
(124 197 28) 
(124 199 3) 
(125 3 28) 
(125 4 43) 
(125 5 44) 
(125 6 31) 
(125 7 15) 
(125 8 9) 
(125 12 23) 
(125 14 20) 
(125 15 9) 
(125 16 47) 
(125 17 2) 
(125 18 50) 
(125 19 17) 
(125 20 39) 
(125 21 30) 
(125 22 41) 
(125 23 37) 
(125 24 27) 
(125 25 37) 
(125 26 17) 
(125 27 46) 
(125 28 31) 
(125 29 2) 
(125 30 44) 
(125 31 27) 
(125 32 45) 
(125 33 49) 
(125 34 23) 
(125 35 11) 
(125 36 24) 
(125 37 49) 
(125 38 4) 
(125 39 28) 
(125 40 10) 
(125 41 32) 
(125 44 32) 
(125 45 4) 
(125 47 42) 
(125 48 12) 
(125 49 40) 
(125 51 8) 
(125 52 31) 
(125 53 19) 
(125 55 16) 
(125 57 1) 
(125 58 8) 
(125 59 26) 
(125 60 43) 
(125 62 49) 
(125 63 20) 
(125 64 14) 
(125 65 26) 
(125 66 29) 
(125 68 37) 
(125 69 25) 
(125 71 36) 
(125 72 3) 
(125 73 31) 
(125 75 23) 
(125 76 45) 
(125 77 18) 
(125 78 32) 
(125 79 22) 
(125 80 10) 
(125 84 42) 
(125 85 25) 
(125 86 18) 
(125 89 38) 
(125 90 27) 
(125 91 30) 
(125 92 34) 
(125 93 16) 
(125 95 44) 
(125 96 15) 
(125 97 9) 
(125 98 15) 
(125 99 19) 
(125 101 20) 
(125 102 28) 
(125 103 48) 
(125 104 8) 
(125 105 40) 
(125 106 36) 
(125 107 24) 
(125 108 32) 
(125 109 1) 
(125 110 9) 
(125 113 7) 
(125 114 13) 
(125 115 9) 
(125 117 3) 
(125 118 30) 
(125 120 8) 
(125 122 33) 
(125 123 27) 
(125 124 10) 
(125 126 39) 
(125 127 25) 
(125 131 47) 
(125 133 16) 
(125 137 34) 
(125 138 5) 
(125 139 16) 
(125 140 43) 
(125 141 45) 
(125 142 20) 
(125 143 23) 
(125 144 42) 
(125 145 31) 
(125 147 7) 
(125 148 19) 
(125 150 18) 
(125 151 38) 
(125 152 8) 
(125 153 7) 
(125 155 2) 
(125 156 29) 
(125 157 18) 
(125 159 17) 
(125 160 1) 
(125 161 21) 
(125 162 18) 
(125 163 20) 
(125 164 43) 
(125 166 39) 
(125 167 22) 
(125 170 11) 
(125 171 43) 
(125 172 12) 
(125 174 50) 
(125 175 9) 
(125 177 42) 
(125 179 14) 
(125 181 46) 
(125 182 19) 
(125 184 29) 
(125 186 19) 
(125 187 42) 
(125 188 50) 
(125 189 22) 
(125 190 43) 
(125 191 26) 
(125 192 26) 
(125 193 15) 
(125 195 7) 
(125 196 47) 
(125 197 32) 
(125 199 3) 
(126 0 15) 
(126 2 49) 
(126 3 1) 
(126 4 40) 
(126 5 9) 
(126 6 28) 
(126 7 7) 
(126 8 28) 
(126 9 22) 
(126 10 28) 
(126 11 1) 
(126 12 21) 
(126 14 36) 
(126 15 34) 
(126 16 45) 
(126 17 38) 
(126 18 17) 
(126 19 27) 
(126 21 18) 
(126 22 20) 
(126 24 26) 
(126 25 5) 
(126 28 34) 
(126 29 39) 
(126 30 38) 
(126 31 45) 
(126 32 46) 
(126 33 21) 
(126 34 26) 
(126 36 2) 
(126 38 40) 
(126 39 18) 
(126 40 15) 
(126 41 3) 
(126 42 26) 
(126 43 45) 
(126 44 10) 
(126 45 40) 
(126 46 31) 
(126 47 42) 
(126 49 15) 
(126 50 17) 
(126 51 11) 
(126 52 35) 
(126 53 3) 
(126 54 24) 
(126 55 37) 
(126 56 23) 
(126 58 22) 
(126 59 39) 
(126 60 6) 
(126 63 48) 
(126 64 6) 
(126 65 39) 
(126 66 13) 
(126 67 31) 
(126 68 20) 
(126 71 40) 
(126 72 31) 
(126 74 4) 
(126 75 23) 
(126 77 41) 
(126 78 11) 
(126 79 7) 
(126 80 43) 
(126 81 41) 
(126 82 17) 
(126 83 10) 
(126 84 23) 
(126 85 31) 
(126 87 47) 
(126 88 3) 
(126 89 34) 
(126 90 8) 
(126 92 4) 
(126 93 22) 
(126 94 2) 
(126 97 6) 
(126 99 35) 
(126 101 23) 
(126 105 26) 
(126 106 47) 
(126 107 43) 
(126 108 49) 
(126 109 12) 
(126 110 18) 
(126 112 42) 
(126 113 29) 
(126 114 41) 
(126 115 17) 
(126 116 41) 
(126 117 30) 
(126 118 15) 
(126 119 7) 
(126 121 34) 
(126 122 12) 
(126 124 28) 
(126 125 25) 
(126 127 30) 
(126 128 2) 
(126 129 24) 
(126 131 27) 
(126 132 6) 
(126 133 46) 
(126 134 35) 
(126 135 45) 
(126 137 16) 
(126 138 42) 
(126 139 2) 
(126 142 11) 
(126 144 11) 
(126 145 14) 
(126 146 7) 
(126 150 2) 
(126 151 31) 
(126 152 14) 
(126 153 45) 
(126 154 28) 
(126 155 21) 
(126 156 25) 
(126 157 23) 
(126 159 2) 
(126 160 32) 
(126 161 18) 
(126 162 15) 
(126 163 17) 
(126 164 41) 
(126 166 1) 
(126 167 46) 
(126 168 20) 
(126 169 8) 
(126 170 46) 
(126 171 4) 
(126 172 14) 
(126 173 28) 
(126 174 31) 
(126 175 22) 
(126 176 14) 
(126 177 11) 
(126 178 41) 
(126 179 22) 
(126 181 1) 
(126 183 36) 
(126 184 39) 
(126 187 33) 
(126 189 45) 
(126 190 4) 
(126 191 1) 
(126 192 1) 
(126 193 43) 
(126 194 31) 
(126 195 16) 
(126 196 45) 
(126 197 15) 
(126 199 40) 
(127 0 7) 
(127 1 37) 
(127 2 47) 
(127 3 37) 
(127 4 44) 
(127 5 34) 
(127 7 40) 
(127 8 32) 
(127 9 37) 
(127 10 7) 
(127 12 42) 
(127 13 34) 
(127 16 12) 
(127 17 42) 
(127 18 37) 
(127 19 12) 
(127 20 17) 
(127 21 27) 
(127 22 6) 
(127 23 37) 
(127 25 22) 
(127 26 31) 
(127 28 8) 
(127 29 23) 
(127 30 44) 
(127 31 44) 
(127 32 3) 
(127 33 1) 
(127 35 43) 
(127 36 30) 
(127 37 31) 
(127 38 47) 
(127 39 43) 
(127 40 20) 
(127 41 44) 
(127 42 17) 
(127 43 40) 
(127 44 13) 
(127 46 35) 
(127 47 4) 
(127 48 23) 
(127 49 34) 
(127 51 42) 
(127 52 22) 
(127 53 50) 
(127 55 29) 
(127 57 27) 
(127 58 12) 
(127 61 14) 
(127 63 12) 
(127 64 6) 
(127 66 22) 
(127 67 8) 
(127 68 6) 
(127 69 17) 
(127 70 31) 
(127 71 49) 
(127 72 45) 
(127 73 16) 
(127 74 44) 
(127 79 7) 
(127 80 1) 
(127 81 23) 
(127 82 3) 
(127 83 2) 
(127 84 12) 
(127 85 29) 
(127 87 48) 
(127 88 43) 
(127 90 38) 
(127 91 31) 
(127 93 29) 
(127 94 26) 
(127 95 36) 
(127 97 37) 
(127 98 39) 
(127 99 3) 
(127 101 14) 
(127 102 1) 
(127 103 50) 
(127 105 19) 
(127 107 26) 
(127 108 11) 
(127 110 31) 
(127 111 23) 
(127 112 34) 
(127 115 13) 
(127 116 18) 
(127 117 28) 
(127 118 8) 
(127 120 15) 
(127 122 35) 
(127 123 1) 
(127 124 26) 
(127 126 29) 
(127 128 43) 
(127 129 28) 
(127 130 39) 
(127 131 19) 
(127 132 42) 
(127 133 28) 
(127 134 13) 
(127 135 17) 
(127 136 20) 
(127 137 32) 
(127 139 30) 
(127 140 44) 
(127 141 42) 
(127 142 14) 
(127 144 3) 
(127 146 29) 
(127 149 10) 
(127 150 30) 
(127 151 35) 
(127 154 39) 
(127 155 26) 
(127 156 18) 
(127 157 21) 
(127 158 37) 
(127 159 17) 
(127 160 21) 
(127 161 37) 
(127 162 41) 
(127 163 32) 
(127 165 25) 
(127 166 29) 
(127 167 24) 
(127 168 47) 
(127 169 10) 
(127 170 47) 
(127 171 28) 
(127 172 37) 
(127 174 43) 
(127 175 10) 
(127 176 21) 
(127 177 25) 
(127 178 25) 
(127 180 35) 
(127 182 45) 
(127 183 24) 
(127 184 7) 
(127 185 20) 
(127 186 7) 
(127 188 44) 
(127 189 32) 
(127 190 50) 
(127 193 40) 
(127 194 41) 
(127 195 15) 
(127 196 38) 
(127 197 17) 
(127 199 11) 
(128 0 28) 
(128 4 41) 
(128 6 47) 
(128 7 45) 
(128 8 50) 
(128 9 3) 
(128 10 2) 
(128 11 8) 
(128 14 26) 
(128 16 24) 
(128 17 9) 
(128 18 12) 
(128 19 4) 
(128 20 9) 
(128 21 30) 
(128 24 47) 
(128 25 13) 
(128 26 6) 
(128 27 37) 
(128 29 40) 
(128 30 20) 
(128 31 12) 
(128 32 22) 
(128 33 39) 
(128 34 19) 
(128 35 26) 
(128 36 10) 
(128 38 16) 
(128 39 33) 
(128 40 7) 
(128 41 42) 
(128 43 48) 
(128 44 50) 
(128 45 8) 
(128 46 2) 
(128 47 32) 
(128 48 30) 
(128 49 42) 
(128 50 23) 
(128 51 14) 
(128 52 27) 
(128 55 30) 
(128 57 49) 
(128 58 18) 
(128 59 41) 
(128 60 23) 
(128 61 48) 
(128 62 33) 
(128 63 45) 
(128 64 40) 
(128 65 12) 
(128 66 42) 
(128 67 7) 
(128 68 31) 
(128 70 25) 
(128 71 47) 
(128 72 6) 
(128 73 5) 
(128 74 47) 
(128 75 8) 
(128 76 43) 
(128 78 2) 
(128 81 18) 
(128 82 49) 
(128 83 48) 
(128 85 36) 
(128 87 5) 
(128 89 44) 
(128 90 9) 
(128 92 39) 
(128 94 13) 
(128 95 17) 
(128 96 15) 
(128 97 19) 
(128 99 39) 
(128 100 12) 
(128 101 37) 
(128 102 11) 
(128 103 12) 
(128 104 9) 
(128 105 24) 
(128 106 2) 
(128 108 15) 
(128 110 40) 
(128 111 44) 
(128 112 13) 
(128 114 34) 
(128 115 23) 
(128 116 7) 
(128 117 2) 
(128 119 21) 
(128 120 1) 
(128 121 45) 
(128 122 28) 
(128 123 23) 
(128 124 37) 
(128 125 21) 
(128 126 1) 
(128 127 49) 
(128 129 25) 
(128 130 38) 
(128 133 3) 
(128 134 18) 
(128 135 4) 
(128 136 43) 
(128 137 42) 
(128 139 28) 
(128 140 3) 
(128 141 5) 
(128 142 23) 
(128 143 8) 
(128 144 23) 
(128 145 29) 
(128 146 9) 
(128 148 7) 
(128 149 36) 
(128 150 17) 
(128 152 38) 
(128 153 30) 
(128 154 46) 
(128 155 46) 
(128 156 49) 
(128 157 1) 
(128 159 47) 
(128 160 32) 
(128 161 42) 
(128 162 28) 
(128 164 7) 
(128 165 46) 
(128 168 19) 
(128 169 23) 
(128 170 41) 
(128 173 20) 
(128 174 18) 
(128 175 31) 
(128 176 31) 
(128 177 44) 
(128 178 23) 
(128 180 11) 
(128 181 37) 
(128 182 38) 
(128 183 15) 
(128 184 11) 
(128 185 2) 
(128 186 10) 
(128 187 4) 
(128 188 30) 
(128 189 46) 
(128 191 9) 
(128 192 16) 
(128 193 35) 
(128 194 30) 
(128 195 40) 
(128 196 28) 
(128 198 34) 
(128 199 22) 
(129 3 30) 
(129 4 39) 
(129 5 22) 
(129 6 27) 
(129 9 5) 
(129 10 9) 
(129 11 27) 
(129 12 34) 
(129 13 42) 
(129 14 41) 
(129 15 31) 
(129 16 4) 
(129 17 30) 
(129 20 27) 
(129 22 47) 
(129 25 27) 
(129 26 28) 
(129 27 6) 
(129 28 48) 
(129 29 33) 
(129 30 9) 
(129 31 40) 
(129 32 43) 
(129 33 29) 
(129 34 4) 
(129 35 21) 
(129 36 31) 
(129 39 36) 
(129 41 31) 
(129 43 41) 
(129 44 12) 
(129 45 34) 
(129 46 28) 
(129 47 5) 
(129 49 8) 
(129 50 44) 
(129 51 10) 
(129 52 31) 
(129 53 40) 
(129 55 8) 
(129 57 1) 
(129 58 11) 
(129 59 42) 
(129 61 32) 
(129 62 2) 
(129 63 44) 
(129 64 5) 
(129 65 40) 
(129 66 32) 
(129 67 12) 
(129 68 35) 
(129 69 20) 
(129 70 4) 
(129 73 23) 
(129 74 11) 
(129 75 9) 
(129 76 38) 
(129 77 50) 
(129 78 45) 
(129 79 42) 
(129 80 19) 
(129 84 38) 
(129 85 7) 
(129 86 26) 
(129 89 43) 
(129 90 10) 
(129 92 45) 
(129 93 32) 
(129 94 30) 
(129 95 50) 
(129 96 36) 
(129 97 35) 
(129 99 47) 
(129 100 4) 
(129 101 38) 
(129 103 6) 
(129 104 31) 
(129 106 13) 
(129 107 31) 
(129 108 14) 
(129 109 34) 
(129 110 27) 
(129 111 41) 
(129 112 31) 
(129 113 43) 
(129 114 43) 
(129 115 3) 
(129 118 17) 
(129 120 4) 
(129 122 26) 
(129 124 12) 
(129 126 30) 
(129 127 48) 
(129 128 17) 
(129 131 22) 
(129 132 10) 
(129 133 28) 
(129 135 17) 
(129 136 42) 
(129 137 28) 
(129 138 4) 
(129 139 16) 
(129 142 41) 
(129 143 14) 
(129 145 33) 
(129 147 42) 
(129 148 42) 
(129 149 3) 
(129 150 29) 
(129 151 14) 
(129 153 25) 
(129 154 32) 
(129 156 34) 
(129 157 6) 
(129 158 38) 
(129 159 7) 
(129 160 22) 
(129 162 49) 
(129 163 31) 
(129 164 49) 
(129 165 40) 
(129 166 34) 
(129 167 41) 
(129 168 16) 
(129 169 1) 
(129 171 30) 
(129 172 7) 
(129 173 3) 
(129 174 21) 
(129 177 15) 
(129 178 9) 
(129 179 24) 
(129 180 50) 
(129 182 37) 
(129 184 15) 
(129 185 37) 
(129 186 5) 
(129 187 17) 
(129 190 12) 
(129 191 8) 
(129 192 11) 
(129 193 38) 
(129 194 1) 
(129 197 35) 
(129 198 11) 
(130 0 47) 
(130 1 11) 
(130 3 39) 
(130 4 10) 
(130 5 20) 
(130 6 36) 
(130 7 1) 
(130 8 31) 
(130 9 4) 
(130 12 41) 
(130 13 43) 
(130 14 26) 
(130 15 9) 
(130 16 20) 
(130 17 28) 
(130 19 40) 
(130 20 37) 
(130 21 20) 
(130 22 36) 
(130 23 27) 
(130 24 50) 
(130 25 17) 
(130 27 47) 
(130 28 19) 
(130 29 24) 
(130 31 5) 
(130 33 10) 
(130 34 23) 
(130 35 43) 
(130 36 28) 
(130 37 35) 
(130 39 17) 
(130 41 37) 
(130 42 14) 
(130 43 9) 
(130 45 17) 
(130 46 17) 
(130 47 16) 
(130 48 40) 
(130 50 16) 
(130 51 28) 
(130 53 26) 
(130 54 36) 
(130 55 8) 
(130 56 9) 
(130 58 32) 
(130 59 3) 
(130 60 28) 
(130 61 43) 
(130 62 50) 
(130 64 40) 
(130 65 17) 
(130 66 2) 
(130 67 26) 
(130 68 42) 
(130 69 7) 
(130 70 4) 
(130 71 2) 
(130 73 29) 
(130 74 37) 
(130 75 7) 
(130 76 49) 
(130 77 1) 
(130 78 13) 
(130 79 31) 
(130 80 43) 
(130 81 27) 
(130 82 4) 
(130 83 9) 
(130 84 36) 
(130 85 1) 
(130 86 24) 
(130 87 23) 
(130 88 9) 
(130 89 44) 
(130 90 48) 
(130 91 3) 
(130 92 18) 
(130 93 27) 
(130 94 36) 
(130 95 41) 
(130 96 6) 
(130 97 18) 
(130 99 44) 
(130 100 25) 
(130 104 3) 
(130 105 6) 
(130 106 44) 
(130 108 21) 
(130 109 27) 
(130 111 30) 
(130 112 2) 
(130 113 23) 
(130 114 25) 
(130 115 12) 
(130 116 26) 
(130 117 25) 
(130 120 3) 
(130 121 39) 
(130 122 1) 
(130 123 44) 
(130 125 46) 
(130 126 38) 
(130 127 20) 
(130 128 13) 
(130 131 20) 
(130 133 36) 
(130 134 43) 
(130 135 46) 
(130 136 31) 
(130 137 1) 
(130 139 31) 
(130 141 8) 
(130 142 27) 
(130 143 10) 
(130 145 3) 
(130 146 6) 
(130 148 40) 
(130 150 41) 
(130 151 28) 
(130 154 40) 
(130 155 27) 
(130 158 35) 
(130 159 16) 
(130 161 8) 
(130 162 9) 
(130 163 33) 
(130 166 43) 
(130 168 14) 
(130 170 42) 
(130 173 4) 
(130 174 6) 
(130 175 31) 
(130 178 40) 
(130 179 16) 
(130 180 48) 
(130 181 25) 
(130 182 32) 
(130 183 2) 
(130 185 5) 
(130 186 15) 
(130 187 21) 
(130 189 38) 
(130 190 46) 
(130 191 34) 
(130 193 26) 
(130 195 41) 
(130 196 47) 
(130 197 40) 
(130 198 30) 
(130 199 48) 
(131 0 14) 
(131 2 10) 
(131 4 37) 
(131 5 32) 
(131 7 34) 
(131 8 48) 
(131 9 5) 
(131 10 14) 
(131 11 28) 
(131 12 27) 
(131 13 32) 
(131 14 5) 
(131 15 9) 
(131 16 8) 
(131 17 35) 
(131 18 22) 
(131 19 27) 
(131 20 40) 
(131 21 49) 
(131 22 35) 
(131 23 50) 
(131 24 13) 
(131 27 40) 
(131 30 18) 
(131 33 19) 
(131 36 1) 
(131 37 25) 
(131 38 23) 
(131 39 33) 
(131 40 14) 
(131 41 50) 
(131 42 30) 
(131 44 21) 
(131 45 31) 
(131 46 28) 
(131 48 14) 
(131 49 44) 
(131 51 31) 
(131 55 19) 
(131 56 7) 
(131 57 47) 
(131 58 27) 
(131 59 32) 
(131 60 12) 
(131 61 8) 
(131 62 34) 
(131 63 43) 
(131 65 13) 
(131 66 45) 
(131 69 43) 
(131 70 49) 
(131 71 40) 
(131 73 41) 
(131 74 8) 
(131 75 42) 
(131 79 23) 
(131 80 29) 
(131 82 36) 
(131 84 29) 
(131 85 15) 
(131 86 47) 
(131 87 2) 
(131 88 16) 
(131 91 3) 
(131 92 39) 
(131 94 36) 
(131 95 40) 
(131 96 11) 
(131 97 38) 
(131 100 22) 
(131 101 40) 
(131 102 18) 
(131 104 23) 
(131 111 27) 
(131 112 4) 
(131 115 17) 
(131 116 8) 
(131 117 8) 
(131 119 41) 
(131 120 22) 
(131 121 10) 
(131 122 17) 
(131 123 8) 
(131 124 23) 
(131 125 5) 
(131 126 21) 
(131 127 32) 
(131 128 30) 
(131 129 37) 
(131 133 49) 
(131 134 24) 
(131 135 19) 
(131 136 5) 
(131 137 35) 
(131 138 49) 
(131 139 50) 
(131 141 46) 
(131 143 39) 
(131 147 37) 
(131 149 10) 
(131 150 43) 
(131 151 33) 
(131 152 18) 
(131 153 45) 
(131 154 8) 
(131 157 36) 
(131 158 2) 
(131 159 49) 
(131 160 31) 
(131 161 5) 
(131 162 18) 
(131 163 49) 
(131 164 13) 
(131 166 17) 
(131 170 25) 
(131 171 15) 
(131 172 10) 
(131 173 37) 
(131 174 35) 
(131 175 33) 
(131 177 44) 
(131 178 9) 
(131 179 43) 
(131 180 37) 
(131 182 44) 
(131 183 35) 
(131 185 48) 
(131 186 15) 
(131 187 35) 
(131 188 41) 
(131 189 5) 
(131 190 30) 
(131 191 26) 
(131 192 26) 
(131 193 31) 
(131 195 46) 
(131 196 47) 
(131 199 12) 
(132 1 33) 
(132 2 33) 
(132 3 40) 
(132 4 36) 
(132 5 20) 
(132 6 30) 
(132 7 37) 
(132 8 8) 
(132 9 36) 
(132 11 11) 
(132 12 24) 
(132 14 41) 
(132 15 37) 
(132 16 13) 
(132 18 12) 
(132 20 28) 
(132 21 21) 
(132 22 3) 
(132 23 28) 
(132 25 36) 
(132 26 34) 
(132 27 43) 
(132 28 36) 
(132 29 32) 
(132 31 49) 
(132 33 34) 
(132 34 41) 
(132 35 47) 
(132 36 46) 
(132 37 49) 
(132 38 43) 
(132 40 17) 
(132 41 23) 
(132 42 42) 
(132 43 27) 
(132 44 10) 
(132 45 40) 
(132 46 45) 
(132 47 6) 
(132 48 3) 
(132 49 50) 
(132 50 47) 
(132 51 13) 
(132 52 36) 
(132 53 14) 
(132 55 20) 
(132 56 33) 
(132 57 16) 
(132 58 40) 
(132 59 42) 
(132 60 23) 
(132 61 9) 
(132 62 26) 
(132 63 31) 
(132 64 24) 
(132 65 42) 
(132 66 44) 
(132 68 36) 
(132 69 22) 
(132 70 40) 
(132 73 20) 
(132 74 46) 
(132 75 50) 
(132 78 44) 
(132 80 25) 
(132 81 50) 
(132 82 29) 
(132 83 33) 
(132 84 34) 
(132 85 3) 
(132 86 35) 
(132 87 36) 
(132 88 6) 
(132 90 48) 
(132 92 5) 
(132 94 12) 
(132 95 43) 
(132 96 8) 
(132 97 25) 
(132 98 1) 
(132 99 46) 
(132 100 31) 
(132 101 8) 
(132 102 34) 
(132 104 23) 
(132 105 44) 
(132 106 1) 
(132 107 10) 
(132 108 36) 
(132 109 28) 
(132 110 15) 
(132 111 15) 
(132 113 33) 
(132 115 21) 
(132 116 47) 
(132 117 6) 
(132 118 39) 
(132 119 14) 
(132 120 5) 
(132 121 8) 
(132 122 18) 
(132 123 10) 
(132 124 44) 
(132 125 15) 
(132 126 47) 
(132 127 28) 
(132 128 7) 
(132 130 25) 
(132 131 38) 
(132 133 44) 
(132 134 17) 
(132 137 18) 
(132 138 3) 
(132 139 45) 
(132 140 46) 
(132 142 32) 
(132 143 16) 
(132 144 39) 
(132 146 20) 
(132 147 38) 
(132 149 18) 
(132 152 29) 
(132 153 37) 
(132 154 35) 
(132 155 37) 
(132 156 38) 
(132 158 49) 
(132 160 42) 
(132 161 50) 
(132 162 50) 
(132 163 17) 
(132 164 34) 
(132 165 30) 
(132 167 50) 
(132 168 23) 
(132 169 14) 
(132 170 31) 
(132 171 19) 
(132 172 3) 
(132 173 35) 
(132 178 18) 
(132 179 31) 
(132 181 31) 
(132 182 15) 
(132 183 34) 
(132 184 13) 
(132 185 39) 
(132 187 30) 
(132 189 18) 
(132 190 38) 
(132 191 21) 
(132 192 18) 
(132 193 11) 
(132 195 12) 
(132 196 13) 
(132 198 12) 
(132 199 47) 
(133 0 16) 
(133 1 14) 
(133 2 2) 
(133 3 45) 
(133 4 2) 
(133 5 35) 
(133 7 4) 
(133 11 50) 
(133 12 23) 
(133 14 19) 
(133 15 1) 
(133 16 23) 
(133 17 14) 
(133 18 44) 
(133 19 44) 
(133 20 3) 
(133 21 42) 
(133 24 49) 
(133 27 6) 
(133 28 28) 
(133 29 50) 
(133 30 23) 
(133 31 19) 
(133 32 4) 
(133 35 30) 
(133 37 19) 
(133 39 16) 
(133 40 29) 
(133 41 12) 
(133 42 3) 
(133 43 20) 
(133 44 34) 
(133 45 49) 
(133 46 4) 
(133 47 22) 
(133 48 44) 
(133 49 31) 
(133 50 39) 
(133 51 47) 
(133 52 35) 
(133 53 26) 
(133 55 46) 
(133 56 50) 
(133 57 24) 
(133 58 23) 
(133 59 23) 
(133 60 43) 
(133 61 8) 
(133 62 20) 
(133 65 26) 
(133 67 46) 
(133 69 29) 
(133 71 19) 
(133 72 4) 
(133 73 48) 
(133 76 21) 
(133 77 3) 
(133 78 9) 
(133 82 41) 
(133 83 39) 
(133 84 23) 
(133 85 45) 
(133 86 40) 
(133 87 46) 
(133 88 50) 
(133 89 38) 
(133 91 23) 
(133 92 39) 
(133 93 31) 
(133 94 49) 
(133 95 34) 
(133 96 1) 
(133 97 16) 
(133 99 29) 
(133 101 32) 
(133 102 4) 
(133 103 50) 
(133 105 32) 
(133 106 49) 
(133 107 9) 
(133 108 22) 
(133 110 28) 
(133 112 43) 
(133 113 6) 
(133 114 20) 
(133 115 35) 
(133 117 31) 
(133 118 40) 
(133 119 1) 
(133 121 39) 
(133 122 34) 
(133 123 5) 
(133 124 16) 
(133 125 5) 
(133 126 36) 
(133 127 31) 
(133 128 11) 
(133 129 3) 
(133 130 50) 
(133 131 50) 
(133 132 13) 
(133 134 29) 
(133 135 42) 
(133 136 15) 
(133 138 23) 
(133 139 38) 
(133 141 32) 
(133 142 33) 
(133 143 31) 
(133 144 2) 
(133 145 12) 
(133 146 34) 
(133 147 26) 
(133 149 40) 
(133 150 32) 
(133 151 23) 
(133 152 37) 
(133 153 26) 
(133 154 42) 
(133 155 46) 
(133 156 8) 
(133 158 48) 
(133 159 27) 
(133 160 20) 
(133 161 27) 
(133 163 7) 
(133 164 28) 
(133 165 37) 
(133 167 45) 
(133 168 16) 
(133 170 38) 
(133 171 33) 
(133 172 19) 
(133 174 36) 
(133 175 49) 
(133 176 35) 
(133 177 42) 
(133 178 38) 
(133 179 6) 
(133 180 6) 
(133 181 7) 
(133 183 37) 
(133 185 23) 
(133 187 39) 
(133 188 35) 
(133 189 13) 
(133 191 47) 
(133 192 31) 
(133 193 30) 
(133 194 36) 
(133 195 40) 
(133 199 2) 
(134 0 9) 
(134 1 17) 
(134 3 22) 
(134 4 32) 
(134 6 15) 
(134 7 25) 
(134 8 16) 
(134 12 7) 
(134 13 2) 
(134 14 26) 
(134 15 43) 
(134 17 14) 
(134 19 31) 
(134 20 24) 
(134 21 2) 
(134 22 21) 
(134 23 35) 
(134 24 19) 
(134 25 24) 
(134 26 24) 
(134 27 2) 
(134 29 25) 
(134 31 35) 
(134 32 2) 
(134 33 29) 
(134 34 21) 
(134 36 1) 
(134 37 36) 
(134 38 16) 
(134 39 8) 
(134 40 21) 
(134 42 18) 
(134 43 5) 
(134 44 22) 
(134 45 47) 
(134 47 6) 
(134 49 17) 
(134 50 6) 
(134 51 12) 
(134 52 46) 
(134 54 22) 
(134 55 32) 
(134 56 18) 
(134 57 18) 
(134 58 25) 
(134 59 12) 
(134 61 41) 
(134 63 22) 
(134 64 33) 
(134 65 36) 
(134 67 17) 
(134 68 16) 
(134 69 21) 
(134 71 30) 
(134 74 2) 
(134 75 29) 
(134 76 13) 
(134 77 30) 
(134 78 15) 
(134 79 40) 
(134 80 35) 
(134 81 2) 
(134 83 35) 
(134 84 44) 
(134 85 47) 
(134 87 19) 
(134 88 23) 
(134 90 33) 
(134 91 31) 
(134 93 39) 
(134 94 48) 
(134 95 34) 
(134 96 2) 
(134 97 3) 
(134 100 11) 
(134 101 24) 
(134 103 4) 
(134 105 27) 
(134 107 32) 
(134 108 9) 
(134 109 25) 
(134 110 32) 
(134 111 50) 
(134 112 9) 
(134 115 1) 
(134 116 24) 
(134 117 2) 
(134 118 28) 
(134 119 22) 
(134 120 45) 
(134 121 36) 
(134 122 49) 
(134 123 47) 
(134 125 9) 
(134 126 30) 
(134 127 9) 
(134 128 25) 
(134 129 19) 
(134 130 45) 
(134 131 48) 
(134 133 40) 
(134 135 6) 
(134 136 23) 
(134 137 27) 
(134 138 4) 
(134 140 28) 
(134 141 12) 
(134 142 8) 
(134 143 39) 
(134 144 48) 
(134 145 28) 
(134 146 42) 
(134 148 46) 
(134 149 26) 
(134 150 19) 
(134 151 46) 
(134 152 6) 
(134 153 22) 
(134 154 35) 
(134 156 39) 
(134 157 7) 
(134 158 47) 
(134 160 22) 
(134 161 30) 
(134 162 46) 
(134 164 2) 
(134 165 43) 
(134 166 7) 
(134 168 30) 
(134 169 42) 
(134 170 29) 
(134 171 45) 
(134 172 36) 
(134 173 17) 
(134 174 39) 
(134 175 12) 
(134 176 31) 
(134 177 40) 
(134 178 39) 
(134 179 42) 
(134 181 28) 
(134 182 50) 
(134 183 9) 
(134 185 22) 
(134 186 4) 
(134 187 16) 
(134 188 48) 
(134 189 48) 
(134 190 1) 
(134 191 9) 
(134 192 10) 
(134 193 27) 
(134 196 19) 
(134 197 9) 
(134 199 44) 
(135 1 9) 
(135 4 20) 
(135 5 48) 
(135 7 7) 
(135 8 48) 
(135 9 36) 
(135 10 48) 
(135 11 39) 
(135 13 37) 
(135 14 45) 
(135 15 4) 
(135 18 1) 
(135 20 36) 
(135 21 46) 
(135 22 25) 
(135 23 2) 
(135 24 34) 
(135 25 14) 
(135 26 16) 
(135 27 15) 
(135 28 37) 
(135 29 8) 
(135 30 46) 
(135 32 22) 
(135 33 36) 
(135 34 38) 
(135 35 39) 
(135 36 19) 
(135 37 30) 
(135 38 32) 
(135 39 47) 
(135 40 28) 
(135 41 33) 
(135 42 14) 
(135 43 17) 
(135 44 44) 
(135 45 21) 
(135 46 24) 
(135 48 6) 
(135 49 2) 
(135 50 12) 
(135 51 28) 
(135 52 4) 
(135 53 45) 
(135 54 17) 
(135 55 29) 
(135 56 33) 
(135 57 6) 
(135 59 9) 
(135 61 22) 
(135 62 10) 
(135 63 50) 
(135 64 38) 
(135 65 41) 
(135 66 38) 
(135 67 22) 
(135 68 5) 
(135 69 4) 
(135 71 15) 
(135 73 5) 
(135 74 33) 
(135 75 35) 
(135 76 26) 
(135 77 24) 
(135 78 25) 
(135 79 8) 
(135 80 33) 
(135 81 17) 
(135 83 21) 
(135 84 21) 
(135 85 10) 
(135 86 47) 
(135 87 23) 
(135 88 37) 
(135 89 26) 
(135 90 28) 
(135 91 42) 
(135 93 39) 
(135 94 10) 
(135 96 50) 
(135 97 40) 
(135 100 34) 
(135 101 16) 
(135 102 13) 
(135 103 27) 
(135 105 46) 
(135 107 24) 
(135 109 45) 
(135 110 38) 
(135 111 16) 
(135 112 49) 
(135 114 46) 
(135 115 47) 
(135 116 6) 
(135 117 22) 
(135 118 37) 
(135 119 50) 
(135 120 29) 
(135 121 47) 
(135 122 21) 
(135 123 23) 
(135 124 27) 
(135 126 38) 
(135 127 7) 
(135 129 4) 
(135 130 14) 
(135 132 49) 
(135 133 27) 
(135 134 5) 
(135 136 23) 
(135 137 45) 
(135 138 7) 
(135 139 29) 
(135 140 21) 
(135 141 43) 
(135 142 9) 
(135 143 7) 
(135 144 21) 
(135 146 9) 
(135 147 33) 
(135 148 32) 
(135 151 18) 
(135 152 36) 
(135 154 8) 
(135 155 1) 
(135 157 15) 
(135 158 16) 
(135 159 28) 
(135 160 41) 
(135 162 27) 
(135 163 7) 
(135 164 20) 
(135 165 23) 
(135 166 1) 
(135 169 43) 
(135 170 38) 
(135 174 12) 
(135 175 29) 
(135 176 11) 
(135 177 49) 
(135 178 38) 
(135 179 30) 
(135 182 35) 
(135 183 44) 
(135 184 30) 
(135 185 13) 
(135 186 27) 
(135 187 20) 
(135 188 22) 
(135 189 32) 
(135 190 26) 
(135 192 20) 
(135 193 28) 
(135 194 35) 
(135 196 49) 
(135 197 33) 
(135 198 3) 
(135 199 13) 
(136 1 10) 
(136 2 49) 
(136 3 15) 
(136 4 29) 
(136 5 37) 
(136 8 17) 
(136 9 33) 
(136 10 47) 
(136 12 12) 
(136 14 1) 
(136 16 14) 
(136 20 45) 
(136 21 42) 
(136 22 25) 
(136 23 31) 
(136 24 30) 
(136 25 8) 
(136 27 43) 
(136 29 15) 
(136 31 18) 
(136 33 17) 
(136 34 16) 
(136 36 37) 
(136 37 47) 
(136 38 38) 
(136 39 37) 
(136 40 36) 
(136 41 30) 
(136 42 40) 
(136 43 24) 
(136 45 14) 
(136 48 12) 
(136 49 23) 
(136 50 25) 
(136 51 13) 
(136 52 13) 
(136 53 31) 
(136 54 37) 
(136 55 20) 
(136 56 38) 
(136 59 22) 
(136 61 8) 
(136 63 10) 
(136 65 17) 
(136 67 48) 
(136 68 22) 
(136 71 15) 
(136 73 38) 
(136 74 20) 
(136 75 8) 
(136 77 41) 
(136 78 32) 
(136 79 27) 
(136 80 11) 
(136 81 35) 
(136 82 32) 
(136 83 18) 
(136 84 21) 
(136 85 41) 
(136 86 17) 
(136 88 2) 
(136 91 11) 
(136 92 50) 
(136 93 29) 
(136 94 18) 
(136 95 43) 
(136 96 26) 
(136 97 22) 
(136 99 23) 
(136 101 25) 
(136 102 50) 
(136 104 49) 
(136 105 45) 
(136 106 32) 
(136 107 39) 
(136 108 15) 
(136 109 18) 
(136 110 39) 
(136 113 11) 
(136 116 3) 
(136 117 29) 
(136 119 44) 
(136 120 50) 
(136 122 19) 
(136 124 10) 
(136 125 9) 
(136 128 42) 
(136 129 15) 
(136 130 49) 
(136 131 48) 
(136 133 16) 
(136 134 42) 
(136 135 34) 
(136 137 46) 
(136 138 27) 
(136 139 29) 
(136 140 17) 
(136 141 37) 
(136 142 14) 
(136 144 22) 
(136 146 1) 
(136 147 23) 
(136 149 45) 
(136 150 42) 
(136 151 43) 
(136 152 42) 
(136 153 27) 
(136 155 10) 
(136 157 26) 
(136 158 28) 
(136 159 2) 
(136 160 21) 
(136 163 31) 
(136 164 34) 
(136 165 20) 
(136 167 29) 
(136 168 25) 
(136 169 6) 
(136 170 24) 
(136 172 29) 
(136 174 20) 
(136 175 49) 
(136 177 8) 
(136 179 29) 
(136 180 21) 
(136 181 15) 
(136 183 2) 
(136 184 20) 
(136 188 39) 
(136 191 11) 
(136 192 36) 
(136 193 27) 
(136 195 19) 
(136 197 41) 
(136 198 4) 
(136 199 38) 
(137 0 17) 
(137 1 37) 
(137 2 24) 
(137 3 41) 
(137 4 8) 
(137 5 24) 
(137 6 1) 
(137 7 39) 
(137 8 14) 
(137 11 48) 
(137 13 8) 
(137 14 22) 
(137 16 44) 
(137 17 11) 
(137 18 43) 
(137 19 24) 
(137 20 26) 
(137 22 31) 
(137 23 35) 
(137 24 14) 
(137 25 33) 
(137 26 10) 
(137 27 23) 
(137 28 46) 
(137 30 19) 
(137 31 49) 
(137 32 9) 
(137 35 21) 
(137 36 42) 
(137 37 35) 
(137 38 10) 
(137 39 34) 
(137 41 12) 
(137 42 37) 
(137 43 12) 
(137 44 12) 
(137 45 34) 
(137 46 23) 
(137 49 36) 
(137 50 36) 
(137 51 33) 
(137 53 5) 
(137 54 40) 
(137 55 5) 
(137 56 28) 
(137 57 49) 
(137 59 16) 
(137 60 23) 
(137 61 37) 
(137 62 20) 
(137 64 41) 
(137 65 25) 
(137 66 47) 
(137 68 24) 
(137 69 30) 
(137 71 16) 
(137 72 6) 
(137 73 26) 
(137 74 10) 
(137 75 3) 
(137 76 3) 
(137 77 9) 
(137 78 15) 
(137 80 42) 
(137 81 4) 
(137 83 28) 
(137 85 21) 
(137 86 17) 
(137 88 34) 
(137 89 27) 
(137 90 15) 
(137 93 16) 
(137 94 21) 
(137 95 22) 
(137 96 13) 
(137 97 45) 
(137 98 33) 
(137 99 18) 
(137 100 28) 
(137 101 7) 
(137 102 25) 
(137 104 48) 
(137 105 28) 
(137 106 6) 
(137 108 33) 
(137 110 25) 
(137 111 26) 
(137 112 40) 
(137 113 21) 
(137 115 10) 
(137 116 30) 
(137 117 23) 
(137 118 32) 
(137 119 19) 
(137 120 41) 
(137 122 44) 
(137 124 44) 
(137 125 10) 
(137 127 16) 
(137 128 37) 
(137 129 23) 
(137 131 33) 
(137 133 46) 
(137 134 21) 
(137 136 41) 
(137 139 34) 
(137 142 42) 
(137 144 13) 
(137 145 7) 
(137 146 48) 
(137 149 30) 
(137 150 11) 
(137 151 25) 
(137 153 47) 
(137 154 8) 
(137 156 26) 
(137 158 29) 
(137 159 21) 
(137 160 38) 
(137 161 31) 
(137 164 8) 
(137 165 26) 
(137 166 47) 
(137 167 22) 
(137 168 18) 
(137 170 11) 
(137 171 1) 
(137 173 47) 
(137 177 41) 
(137 179 34) 
(137 180 36) 
(137 182 42) 
(137 184 42) 
(137 185 19) 
(137 186 24) 
(137 187 49) 
(137 188 50) 
(137 189 45) 
(137 191 25) 
(137 192 21) 
(137 193 26) 
(137 194 39) 
(137 195 22) 
(137 196 17) 
(137 198 28) 
(137 199 28) 
(138 0 31) 
(138 1 25) 
(138 2 45) 
(138 3 44) 
(138 4 41) 
(138 5 18) 
(138 6 17) 
(138 7 18) 
(138 8 6) 
(138 9 6) 
(138 10 47) 
(138 12 37) 
(138 13 35) 
(138 14 19) 
(138 15 44) 
(138 16 14) 
(138 17 21) 
(138 18 2) 
(138 19 6) 
(138 20 17) 
(138 21 37) 
(138 23 25) 
(138 24 17) 
(138 25 40) 
(138 26 25) 
(138 27 26) 
(138 28 34) 
(138 29 30) 
(138 33 45) 
(138 34 31) 
(138 35 34) 
(138 36 38) 
(138 38 12) 
(138 40 6) 
(138 43 4) 
(138 46 8) 
(138 47 45) 
(138 51 16) 
(138 52 11) 
(138 54 37) 
(138 55 48) 
(138 56 29) 
(138 57 35) 
(138 60 3) 
(138 61 12) 
(138 62 14) 
(138 63 15) 
(138 64 32) 
(138 65 31) 
(138 66 5) 
(138 67 50) 
(138 69 19) 
(138 70 17) 
(138 71 5) 
(138 73 1) 
(138 74 18) 
(138 75 38) 
(138 79 19) 
(138 80 32) 
(138 81 11) 
(138 83 28) 
(138 84 18) 
(138 85 7) 
(138 86 12) 
(138 88 30) 
(138 89 25) 
(138 91 2) 
(138 92 44) 
(138 93 15) 
(138 94 42) 
(138 96 22) 
(138 99 48) 
(138 100 15) 
(138 101 10) 
(138 102 17) 
(138 103 47) 
(138 104 28) 
(138 106 11) 
(138 107 15) 
(138 108 1) 
(138 109 9) 
(138 110 39) 
(138 111 47) 
(138 112 20) 
(138 113 2) 
(138 114 18) 
(138 115 47) 
(138 116 22) 
(138 117 22) 
(138 118 1) 
(138 119 16) 
(138 120 40) 
(138 121 19) 
(138 123 37) 
(138 124 20) 
(138 125 45) 
(138 127 18) 
(138 128 33) 
(138 131 28) 
(138 132 1) 
(138 133 37) 
(138 136 50) 
(138 137 19) 
(138 139 49) 
(138 140 2) 
(138 141 9) 
(138 142 9) 
(138 143 20) 
(138 144 45) 
(138 145 23) 
(138 146 48) 
(138 147 36) 
(138 148 6) 
(138 149 2) 
(138 150 48) 
(138 151 25) 
(138 152 24) 
(138 154 7) 
(138 155 43) 
(138 156 4) 
(138 157 1) 
(138 158 37) 
(138 159 41) 
(138 160 45) 
(138 161 16) 
(138 162 34) 
(138 165 16) 
(138 166 8) 
(138 168 32) 
(138 171 27) 
(138 172 10) 
(138 173 27) 
(138 175 10) 
(138 176 40) 
(138 178 49) 
(138 179 45) 
(138 180 31) 
(138 181 36) 
(138 182 23) 
(138 184 27) 
(138 185 33) 
(138 188 6) 
(138 189 13) 
(138 190 26) 
(138 192 45) 
(138 193 10) 
(138 195 13) 
(138 199 34) 
(139 3 47) 
(139 4 17) 
(139 5 39) 
(139 6 23) 
(139 7 15) 
(139 8 47) 
(139 9 38) 
(139 10 3) 
(139 12 47) 
(139 13 29) 
(139 15 46) 
(139 16 45) 
(139 17 14) 
(139 20 47) 
(139 22 46) 
(139 23 5) 
(139 24 20) 
(139 27 48) 
(139 29 27) 
(139 30 4) 
(139 31 14) 
(139 32 10) 
(139 33 34) 
(139 35 30) 
(139 36 11) 
(139 37 35) 
(139 38 2) 
(139 39 20) 
(139 40 25) 
(139 41 8) 
(139 42 47) 
(139 43 27) 
(139 44 45) 
(139 45 15) 
(139 46 6) 
(139 47 13) 
(139 49 47) 
(139 50 11) 
(139 51 30) 
(139 52 31) 
(139 54 2) 
(139 55 17) 
(139 56 22) 
(139 58 13) 
(139 59 8) 
(139 61 46) 
(139 63 33) 
(139 65 27) 
(139 66 1) 
(139 67 11) 
(139 68 49) 
(139 69 47) 
(139 70 15) 
(139 72 22) 
(139 74 47) 
(139 76 34) 
(139 78 19) 
(139 79 32) 
(139 80 26) 
(139 82 3) 
(139 84 49) 
(139 85 43) 
(139 86 8) 
(139 87 13) 
(139 88 33) 
(139 90 9) 
(139 91 13) 
(139 92 1) 
(139 93 25) 
(139 94 13) 
(139 95 1) 
(139 96 5) 
(139 97 34) 
(139 98 25) 
(139 100 2) 
(139 101 7) 
(139 102 17) 
(139 103 41) 
(139 104 47) 
(139 105 14) 
(139 106 35) 
(139 109 32) 
(139 110 11) 
(139 112 41) 
(139 113 23) 
(139 114 4) 
(139 115 1) 
(139 117 29) 
(139 118 30) 
(139 119 34) 
(139 120 43) 
(139 121 21) 
(139 122 35) 
(139 123 49) 
(139 124 40) 
(139 125 33) 
(139 126 41) 
(139 127 21) 
(139 132 14) 
(139 133 4) 
(139 136 24) 
(139 137 37) 
(139 138 41) 
(139 140 42) 
(139 141 44) 
(139 142 18) 
(139 143 39) 
(139 144 25) 
(139 145 35) 
(139 147 11) 
(139 148 36) 
(139 149 2) 
(139 151 49) 
(139 152 20) 
(139 153 11) 
(139 154 16) 
(139 155 17) 
(139 156 2) 
(139 158 28) 
(139 159 15) 
(139 160 37) 
(139 161 39) 
(139 162 11) 
(139 163 48) 
(139 164 15) 
(139 165 9) 
(139 166 41) 
(139 168 37) 
(139 169 11) 
(139 171 9) 
(139 172 46) 
(139 173 11) 
(139 175 43) 
(139 176 21) 
(139 177 14) 
(139 178 22) 
(139 179 2) 
(139 181 50) 
(139 182 30) 
(139 184 31) 
(139 185 47) 
(139 186 37) 
(139 187 46) 
(139 188 15) 
(139 189 49) 
(139 190 1) 
(139 191 7) 
(139 192 3) 
(139 193 31) 
(139 194 4) 
(139 196 11) 
(139 197 25) 
(139 198 8) 
(139 199 48) 
(140 0 4) 
(140 2 28) 
(140 4 10) 
(140 5 15) 
(140 6 32) 
(140 9 38) 
(140 10 48) 
(140 12 12) 
(140 13 44) 
(140 15 18) 
(140 17 23) 
(140 19 28) 
(140 21 42) 
(140 22 16) 
(140 23 20) 
(140 24 15) 
(140 25 7) 
(140 26 8) 
(140 27 17) 
(140 28 43) 
(140 30 14) 
(140 33 23) 
(140 35 42) 
(140 36 7) 
(140 38 33) 
(140 39 12) 
(140 40 11) 
(140 41 2) 
(140 42 18) 
(140 43 2) 
(140 44 6) 
(140 45 30) 
(140 46 48) 
(140 49 21) 
(140 51 43) 
(140 52 32) 
(140 57 49) 
(140 59 1) 
(140 60 25) 
(140 62 50) 
(140 63 14) 
(140 64 26) 
(140 65 34) 
(140 66 10) 
(140 67 42) 
(140 68 30) 
(140 69 31) 
(140 70 8) 
(140 71 11) 
(140 72 16) 
(140 73 31) 
(140 74 26) 
(140 76 10) 
(140 77 14) 
(140 79 50) 
(140 80 17) 
(140 81 31) 
(140 82 8) 
(140 83 28) 
(140 84 43) 
(140 85 46) 
(140 87 39) 
(140 89 30) 
(140 90 32) 
(140 91 23) 
(140 92 22) 
(140 93 25) 
(140 94 49) 
(140 95 2) 
(140 96 13) 
(140 97 39) 
(140 98 15) 
(140 99 47) 
(140 101 24) 
(140 102 33) 
(140 103 34) 
(140 105 11) 
(140 106 13) 
(140 108 40) 
(140 109 44) 
(140 110 16) 
(140 115 2) 
(140 116 46) 
(140 119 19) 
(140 120 49) 
(140 121 36) 
(140 122 29) 
(140 123 42) 
(140 124 13) 
(140 125 12) 
(140 126 41) 
(140 127 40) 
(140 128 32) 
(140 131 38) 
(140 132 3) 
(140 133 22) 
(140 134 42) 
(140 135 20) 
(140 136 41) 
(140 137 3) 
(140 138 10) 
(140 141 1) 
(140 142 43) 
(140 143 6) 
(140 144 46) 
(140 145 12) 
(140 146 10) 
(140 147 22) 
(140 148 2) 
(140 149 37) 
(140 150 13) 
(140 151 32) 
(140 152 34) 
(140 153 6) 
(140 154 22) 
(140 155 3) 
(140 156 30) 
(140 160 9) 
(140 161 21) 
(140 162 15) 
(140 164 42) 
(140 165 45) 
(140 166 17) 
(140 167 35) 
(140 168 7) 
(140 170 4) 
(140 171 35) 
(140 172 18) 
(140 173 20) 
(140 174 31) 
(140 176 21) 
(140 177 1) 
(140 179 12) 
(140 180 43) 
(140 181 50) 
(140 182 48) 
(140 183 38) 
(140 184 7) 
(140 185 28) 
(140 188 1) 
(140 189 17) 
(140 190 11) 
(140 191 21) 
(140 192 24) 
(140 193 36) 
(140 194 35) 
(140 195 43) 
(140 196 7) 
(140 197 48) 
(140 199 20) 
(141 1 21) 
(141 3 5) 
(141 4 40) 
(141 5 45) 
(141 6 28) 
(141 8 47) 
(141 9 36) 
(141 10 4) 
(141 11 26) 
(141 12 49) 
(141 14 33) 
(141 15 6) 
(141 16 48) 
(141 17 3) 
(141 18 13) 
(141 19 47) 
(141 22 42) 
(141 23 25) 
(141 24 43) 
(141 25 42) 
(141 26 17) 
(141 27 12) 
(141 28 5) 
(141 29 7) 
(141 30 50) 
(141 31 18) 
(141 32 45) 
(141 33 21) 
(141 34 34) 
(141 35 17) 
(141 36 22) 
(141 37 16) 
(141 38 16) 
(141 43 16) 
(141 44 48) 
(141 45 23) 
(141 47 24) 
(141 48 49) 
(141 49 40) 
(141 51 5) 
(141 52 48) 
(141 54 4) 
(141 55 19) 
(141 56 25) 
(141 57 7) 
(141 59 36) 
(141 61 27) 
(141 62 35) 
(141 63 30) 
(141 64 5) 
(141 65 21) 
(141 66 10) 
(141 68 4) 
(141 69 37) 
(141 71 12) 
(141 72 46) 
(141 74 50) 
(141 75 43) 
(141 76 45) 
(141 77 33) 
(141 78 28) 
(141 80 26) 
(141 81 34) 
(141 82 49) 
(141 83 36) 
(141 84 47) 
(141 85 18) 
(141 87 7) 
(141 88 26) 
(141 89 7) 
(141 90 50) 
(141 91 33) 
(141 92 2) 
(141 93 3) 
(141 94 19) 
(141 96 24) 
(141 98 11) 
(141 99 30) 
(141 101 21) 
(141 102 29) 
(141 103 11) 
(141 105 41) 
(141 106 1) 
(141 107 30) 
(141 108 36) 
(141 111 44) 
(141 113 48) 
(141 116 34) 
(141 117 3) 
(141 119 11) 
(141 120 47) 
(141 121 27) 
(141 122 23) 
(141 123 17) 
(141 124 28) 
(141 125 15) 
(141 127 47) 
(141 128 5) 
(141 131 9) 
(141 133 8) 
(141 134 15) 
(141 135 31) 
(141 136 22) 
(141 138 10) 
(141 139 40) 
(141 142 33) 
(141 143 47) 
(141 144 31) 
(141 145 49) 
(141 146 21) 
(141 148 43) 
(141 152 13) 
(141 153 42) 
(141 155 17) 
(141 156 9) 
(141 157 38) 
(141 158 15) 
(141 159 12) 
(141 161 10) 
(141 164 9) 
(141 165 19) 
(141 166 31) 
(141 167 1) 
(141 168 49) 
(141 169 6) 
(141 170 30) 
(141 171 42) 
(141 172 29) 
(141 173 11) 
(141 174 47) 
(141 176 40) 
(141 177 46) 
(141 178 12) 
(141 179 10) 
(141 180 16) 
(141 181 41) 
(141 182 28) 
(141 183 17) 
(141 185 25) 
(141 188 37) 
(141 190 7) 
(141 193 4) 
(141 194 28) 
(141 196 14) 
(141 197 46) 
(142 0 29) 
(142 1 41) 
(142 2 19) 
(142 3 21) 
(142 4 33) 
(142 5 26) 
(142 6 22) 
(142 7 36) 
(142 8 16) 
(142 10 15) 
(142 11 34) 
(142 12 19) 
(142 13 37) 
(142 14 3) 
(142 15 20) 
(142 16 29) 
(142 17 4) 
(142 18 44) 
(142 19 46) 
(142 20 19) 
(142 21 4) 
(142 22 17) 
(142 24 6) 
(142 25 3) 
(142 26 45) 
(142 28 6) 
(142 30 43) 
(142 31 41) 
(142 32 4) 
(142 33 44) 
(142 34 14) 
(142 35 19) 
(142 36 27) 
(142 37 30) 
(142 39 40) 
(142 40 32) 
(142 41 18) 
(142 42 49) 
(142 45 46) 
(142 47 11) 
(142 48 34) 
(142 51 5) 
(142 52 10) 
(142 57 36) 
(142 58 17) 
(142 59 17) 
(142 60 1) 
(142 61 31) 
(142 63 39) 
(142 64 2) 
(142 65 49) 
(142 66 29) 
(142 67 38) 
(142 69 2) 
(142 71 37) 
(142 72 16) 
(142 74 3) 
(142 75 29) 
(142 76 7) 
(142 77 35) 
(142 78 27) 
(142 79 42) 
(142 82 10) 
(142 83 6) 
(142 85 33) 
(142 86 46) 
(142 87 23) 
(142 88 7) 
(142 90 40) 
(142 93 20) 
(142 94 47) 
(142 97 4) 
(142 98 48) 
(142 100 45) 
(142 101 23) 
(142 104 39) 
(142 105 49) 
(142 107 40) 
(142 108 5) 
(142 110 50) 
(142 112 14) 
(142 114 17) 
(142 115 31) 
(142 116 15) 
(142 118 36) 
(142 120 15) 
(142 122 15) 
(142 123 31) 
(142 125 9) 
(142 126 32) 
(142 127 38) 
(142 128 32) 
(142 129 41) 
(142 131 30) 
(142 132 18) 
(142 133 11) 
(142 134 6) 
(142 137 37) 
(142 140 44) 
(142 141 26) 
(142 143 26) 
(142 144 36) 
(142 145 28) 
(142 147 18) 
(142 148 23) 
(142 150 32) 
(142 151 19) 
(142 152 27) 
(142 153 41) 
(142 154 32) 
(142 155 30) 
(142 156 45) 
(142 157 48) 
(142 158 10) 
(142 160 21) 
(142 161 44) 
(142 162 29) 
(142 163 50) 
(142 165 12) 
(142 166 31) 
(142 168 4) 
(142 171 1) 
(142 172 16) 
(142 173 49) 
(142 174 29) 
(142 175 39) 
(142 176 50) 
(142 177 25) 
(142 178 29) 
(142 179 1) 
(142 180 10) 
(142 183 37) 
(142 185 46) 
(142 186 28) 
(142 187 29) 
(142 188 50) 
(142 189 34) 
(142 191 29) 
(142 193 36) 
(142 194 14) 
(142 195 6) 
(142 196 45) 
(142 198 38) 
(143 0 18) 
(143 1 13) 
(143 2 26) 
(143 3 9) 
(143 5 8) 
(143 6 9) 
(143 8 49) 
(143 13 26) 
(143 14 32) 
(143 18 41) 
(143 20 7) 
(143 21 39) 
(143 22 35) 
(143 23 25) 
(143 25 21) 
(143 26 29) 
(143 28 19) 
(143 29 41) 
(143 30 30) 
(143 31 30) 
(143 33 49) 
(143 35 26) 
(143 36 28) 
(143 37 11) 
(143 38 28) 
(143 40 25) 
(143 41 25) 
(143 42 42) 
(143 43 10) 
(143 44 17) 
(143 45 41) 
(143 47 1) 
(143 49 4) 
(143 50 6) 
(143 52 49) 
(143 54 19) 
(143 55 35) 
(143 56 19) 
(143 58 6) 
(143 60 8) 
(143 61 16) 
(143 62 13) 
(143 63 44) 
(143 64 29) 
(143 65 5) 
(143 66 10) 
(143 68 4) 
(143 69 12) 
(143 70 43) 
(143 72 1) 
(143 73 35) 
(143 74 48) 
(143 75 24) 
(143 76 37) 
(143 77 1) 
(143 78 33) 
(143 79 16) 
(143 80 46) 
(143 81 10) 
(143 83 40) 
(143 85 2) 
(143 86 40) 
(143 87 31) 
(143 88 49) 
(143 89 47) 
(143 90 28) 
(143 92 50) 
(143 93 9) 
(143 94 32) 
(143 95 20) 
(143 97 30) 
(143 98 27) 
(143 99 39) 
(143 100 30) 
(143 101 20) 
(143 102 29) 
(143 103 9) 
(143 104 15) 
(143 105 38) 
(143 106 26) 
(143 109 26) 
(143 110 41) 
(143 111 24) 
(143 112 12) 
(143 114 36) 
(143 115 33) 
(143 116 25) 
(143 119 12) 
(143 120 35) 
(143 121 23) 
(143 125 40) 
(143 126 21) 
(143 127 38) 
(143 128 27) 
(143 131 11) 
(143 132 20) 
(143 133 40) 
(143 134 10) 
(143 135 39) 
(143 136 44) 
(143 137 50) 
(143 139 26) 
(143 141 35) 
(143 142 25) 
(143 144 30) 
(143 146 26) 
(143 147 38) 
(143 149 7) 
(143 150 27) 
(143 151 1) 
(143 152 6) 
(143 153 27) 
(143 154 5) 
(143 155 37) 
(143 156 44) 
(143 157 13) 
(143 158 42) 
(143 159 21) 
(143 160 43) 
(143 162 43) 
(143 164 18) 
(143 165 26) 
(143 168 3) 
(143 169 6) 
(143 170 23) 
(143 171 21) 
(143 173 31) 
(143 174 6) 
(143 175 15) 
(143 176 35) 
(143 177 47) 
(143 178 31) 
(143 179 1) 
(143 180 37) 
(143 181 15) 
(143 184 9) 
(143 185 45) 
(143 186 50) 
(143 187 5) 
(143 188 8) 
(143 190 13) 
(143 195 5) 
(143 196 33) 
(143 197 1) 
(143 198 24) 
(144 2 18) 
(144 3 38) 
(144 4 4) 
(144 5 21) 
(144 6 5) 
(144 8 25) 
(144 9 48) 
(144 11 40) 
(144 12 6) 
(144 14 38) 
(144 16 34) 
(144 17 6) 
(144 18 34) 
(144 20 3) 
(144 21 39) 
(144 22 20) 
(144 23 35) 
(144 24 22) 
(144 25 8) 
(144 28 27) 
(144 29 2) 
(144 30 19) 
(144 31 19) 
(144 32 12) 
(144 33 42) 
(144 34 8) 
(144 35 31) 
(144 38 22) 
(144 40 2) 
(144 41 40) 
(144 42 16) 
(144 43 41) 
(144 44 14) 
(144 45 28) 
(144 46 45) 
(144 47 43) 
(144 48 17) 
(144 49 50) 
(144 51 7) 
(144 53 33) 
(144 54 34) 
(144 56 1) 
(144 57 30) 
(144 58 26) 
(144 59 15) 
(144 61 37) 
(144 62 46) 
(144 63 34) 
(144 64 24) 
(144 65 5) 
(144 66 33) 
(144 67 26) 
(144 68 45) 
(144 71 41) 
(144 72 15) 
(144 73 2) 
(144 74 31) 
(144 75 17) 
(144 78 28) 
(144 79 4) 
(144 80 49) 
(144 81 6) 
(144 82 10) 
(144 83 41) 
(144 84 12) 
(144 85 9) 
(144 88 31) 
(144 91 45) 
(144 92 40) 
(144 94 29) 
(144 96 38) 
(144 97 2) 
(144 98 11) 
(144 99 26) 
(144 100 21) 
(144 101 22) 
(144 103 21) 
(144 105 42) 
(144 106 33) 
(144 107 19) 
(144 108 18) 
(144 109 22) 
(144 110 40) 
(144 111 1) 
(144 112 49) 
(144 113 6) 
(144 114 36) 
(144 115 16) 
(144 116 25) 
(144 117 16) 
(144 118 4) 
(144 119 1) 
(144 121 37) 
(144 123 12) 
(144 124 45) 
(144 125 48) 
(144 126 31) 
(144 128 46) 
(144 129 37) 
(144 130 21) 
(144 131 31) 
(144 132 34) 
(144 133 25) 
(144 134 21) 
(144 135 5) 
(144 136 10) 
(144 137 33) 
(144 138 9) 
(144 139 46) 
(144 140 1) 
(144 141 30) 
(144 142 8) 
(144 143 17) 
(144 145 28) 
(144 146 28) 
(144 147 27) 
(144 149 44) 
(144 150 34) 
(144 151 31) 
(144 152 1) 
(144 153 9) 
(144 154 12) 
(144 155 50) 
(144 156 6) 
(144 158 9) 
(144 160 18) 
(144 162 15) 
(144 164 43) 
(144 165 39) 
(144 166 14) 
(144 167 49) 
(144 168 50) 
(144 169 39) 
(144 170 50) 
(144 171 17) 
(144 172 41) 
(144 173 31) 
(144 174 21) 
(144 175 15) 
(144 176 42) 
(144 177 41) 
(144 179 23) 
(144 180 28) 
(144 181 22) 
(144 182 49) 
(144 183 27) 
(144 184 14) 
(144 185 15) 
(144 186 34) 
(144 187 37) 
(144 188 13) 
(144 189 10) 
(144 190 27) 
(144 191 4) 
(144 192 1) 
(144 193 7) 
(144 195 26) 
(144 196 3) 
(144 197 35) 
(144 198 17) 
(144 199 31) 
(145 0 4) 
(145 1 10) 
(145 2 46) 
(145 3 8) 
(145 4 34) 
(145 5 48) 
(145 6 42) 
(145 7 40) 
(145 8 17) 
(145 9 43) 
(145 14 24) 
(145 15 35) 
(145 16 43) 
(145 17 7) 
(145 18 27) 
(145 19 6) 
(145 21 19) 
(145 22 27) 
(145 25 29) 
(145 26 21) 
(145 28 14) 
(145 30 23) 
(145 31 29) 
(145 32 11) 
(145 33 40) 
(145 34 23) 
(145 35 35) 
(145 36 41) 
(145 37 34) 
(145 38 3) 
(145 39 12) 
(145 40 15) 
(145 42 32) 
(145 43 9) 
(145 44 1) 
(145 45 45) 
(145 46 34) 
(145 47 39) 
(145 48 8) 
(145 49 5) 
(145 50 14) 
(145 53 49) 
(145 54 50) 
(145 55 18) 
(145 56 10) 
(145 57 49) 
(145 58 33) 
(145 59 33) 
(145 60 29) 
(145 61 33) 
(145 62 28) 
(145 63 3) 
(145 64 13) 
(145 65 45) 
(145 66 24) 
(145 67 18) 
(145 68 36) 
(145 69 43) 
(145 72 41) 
(145 73 29) 
(145 76 21) 
(145 77 40) 
(145 79 20) 
(145 80 17) 
(145 81 48) 
(145 82 46) 
(145 83 28) 
(145 84 21) 
(145 85 15) 
(145 86 16) 
(145 87 7) 
(145 88 27) 
(145 90 35) 
(145 91 41) 
(145 92 40) 
(145 93 26) 
(145 94 19) 
(145 95 6) 
(145 97 32) 
(145 99 25) 
(145 100 7) 
(145 101 28) 
(145 102 42) 
(145 103 29) 
(145 105 8) 
(145 106 12) 
(145 109 38) 
(145 110 48) 
(145 111 41) 
(145 113 44) 
(145 114 29) 
(145 115 5) 
(145 117 5) 
(145 118 2) 
(145 120 42) 
(145 121 20) 
(145 122 22) 
(145 124 26) 
(145 125 34) 
(145 126 17) 
(145 128 16) 
(145 129 8) 
(145 130 14) 
(145 131 37) 
(145 132 25) 
(145 133 44) 
(145 135 4) 
(145 136 30) 
(145 137 13) 
(145 138 17) 
(145 140 43) 
(145 141 1) 
(145 142 14) 
(145 143 10) 
(145 146 3) 
(145 147 4) 
(145 150 24) 
(145 151 41) 
(145 152 47) 
(145 153 15) 
(145 154 26) 
(145 155 41) 
(145 156 21) 
(145 157 28) 
(145 158 18) 
(145 160 12) 
(145 161 49) 
(145 162 5) 
(145 163 38) 
(145 165 16) 
(145 166 38) 
(145 167 50) 
(145 169 36) 
(145 170 41) 
(145 171 38) 
(145 172 37) 
(145 173 1) 
(145 174 46) 
(145 176 15) 
(145 177 34) 
(145 178 47) 
(145 180 22) 
(145 181 36) 
(145 183 34) 
(145 184 49) 
(145 186 1) 
(145 187 26) 
(145 188 38) 
(145 189 36) 
(145 190 17) 
(145 191 5) 
(145 192 33) 
(145 193 22) 
(145 194 20) 
(145 195 25) 
(145 196 16) 
(145 197 41) 
(146 0 43) 
(146 1 46) 
(146 2 29) 
(146 3 28) 
(146 4 37) 
(146 5 41) 
(146 6 13) 
(146 7 28) 
(146 10 37) 
(146 12 34) 
(146 13 7) 
(146 14 7) 
(146 15 34) 
(146 16 40) 
(146 18 27) 
(146 22 47) 
(146 24 39) 
(146 25 42) 
(146 26 9) 
(146 27 35) 
(146 29 9) 
(146 30 16) 
(146 31 30) 
(146 32 14) 
(146 34 6) 
(146 35 46) 
(146 37 37) 
(146 38 7) 
(146 39 45) 
(146 40 20) 
(146 41 32) 
(146 42 19) 
(146 44 7) 
(146 45 17) 
(146 46 37) 
(146 47 36) 
(146 48 32) 
(146 49 29) 
(146 51 46) 
(146 52 22) 
(146 53 19) 
(146 54 12) 
(146 57 37) 
(146 59 9) 
(146 60 16) 
(146 61 37) 
(146 64 9) 
(146 65 12) 
(146 66 47) 
(146 68 9) 
(146 69 9) 
(146 70 36) 
(146 71 44) 
(146 72 8) 
(146 74 4) 
(146 75 40) 
(146 76 31) 
(146 78 22) 
(146 79 32) 
(146 81 49) 
(146 83 44) 
(146 84 9) 
(146 85 13) 
(146 86 5) 
(146 87 31) 
(146 88 14) 
(146 89 15) 
(146 90 34) 
(146 91 30) 
(146 92 10) 
(146 94 43) 
(146 95 34) 
(146 96 26) 
(146 97 17) 
(146 98 33) 
(146 100 36) 
(146 101 27) 
(146 103 47) 
(146 104 1) 
(146 105 47) 
(146 106 33) 
(146 108 11) 
(146 109 28) 
(146 110 37) 
(146 111 44) 
(146 112 10) 
(146 113 43) 
(146 115 16) 
(146 119 6) 
(146 120 19) 
(146 121 44) 
(146 122 4) 
(146 125 39) 
(146 126 22) 
(146 127 14) 
(146 128 17) 
(146 129 31) 
(146 130 38) 
(146 131 19) 
(146 133 25) 
(146 134 9) 
(146 135 8) 
(146 136 1) 
(146 137 25) 
(146 138 23) 
(146 139 34) 
(146 142 16) 
(146 144 32) 
(146 145 43) 
(146 147 30) 
(146 148 18) 
(146 149 2) 
(146 150 1) 
(146 151 15) 
(146 152 45) 
(146 153 30) 
(146 156 13) 
(146 158 10) 
(146 159 28) 
(146 160 9) 
(146 161 1) 
(146 162 34) 
(146 163 44) 
(146 164 14) 
(146 165 10) 
(146 166 13) 
(146 167 46) 
(146 168 21) 
(146 169 36) 
(146 170 33) 
(146 171 30) 
(146 172 41) 
(146 173 29) 
(146 174 39) 
(146 175 47) 
(146 177 31) 
(146 178 42) 
(146 179 19) 
(146 180 23) 
(146 182 1) 
(146 183 29) 
(146 184 12) 
(146 185 48) 
(146 186 12) 
(146 188 18) 
(146 189 14) 
(146 191 3) 
(146 194 21) 
(146 195 34) 
(146 196 3) 
(146 198 3) 
(146 199 16) 
(147 0 33) 
(147 1 21) 
(147 2 38) 
(147 3 21) 
(147 4 23) 
(147 5 7) 
(147 6 22) 
(147 8 4) 
(147 9 2) 
(147 10 30) 
(147 13 26) 
(147 14 25) 
(147 15 39) 
(147 17 15) 
(147 18 40) 
(147 19 46) 
(147 20 6) 
(147 21 3) 
(147 22 41) 
(147 23 19) 
(147 24 38) 
(147 25 4) 
(147 26 32) 
(147 29 8) 
(147 30 45) 
(147 31 45) 
(147 32 12) 
(147 33 10) 
(147 34 5) 
(147 36 29) 
(147 37 30) 
(147 39 1) 
(147 40 2) 
(147 41 34) 
(147 43 44) 
(147 44 20) 
(147 45 31) 
(147 48 33) 
(147 49 11) 
(147 50 40) 
(147 51 16) 
(147 52 21) 
(147 53 48) 
(147 54 16) 
(147 55 23) 
(147 56 23) 
(147 57 8) 
(147 58 31) 
(147 59 17) 
(147 60 3) 
(147 61 44) 
(147 62 10) 
(147 64 15) 
(147 65 39) 
(147 67 15) 
(147 68 35) 
(147 70 39) 
(147 71 3) 
(147 72 27) 
(147 73 22) 
(147 74 34) 
(147 76 10) 
(147 77 19) 
(147 79 16) 
(147 81 6) 
(147 82 35) 
(147 83 4) 
(147 84 17) 
(147 86 44) 
(147 87 25) 
(147 88 37) 
(147 89 39) 
(147 90 21) 
(147 91 18) 
(147 92 11) 
(147 93 9) 
(147 94 11) 
(147 97 15) 
(147 98 17) 
(147 101 1) 
(147 103 10) 
(147 104 11) 
(147 105 24) 
(147 106 7) 
(147 107 8) 
(147 108 37) 
(147 109 29) 
(147 110 38) 
(147 112 23) 
(147 113 43) 
(147 114 14) 
(147 115 8) 
(147 116 4) 
(147 118 5) 
(147 121 22) 
(147 122 36) 
(147 125 29) 
(147 126 11) 
(147 127 26) 
(147 128 44) 
(147 129 30) 
(147 130 32) 
(147 131 37) 
(147 132 1) 
(147 133 26) 
(147 134 11) 
(147 136 29) 
(147 138 30) 
(147 139 10) 
(147 140 36) 
(147 142 41) 
(147 143 12) 
(147 145 36) 
(147 146 39) 
(147 148 1) 
(147 150 2) 
(147 151 15) 
(147 152 15) 
(147 154 45) 
(147 156 2) 
(147 157 6) 
(147 158 19) 
(147 159 7) 
(147 160 24) 
(147 161 36) 
(147 163 1) 
(147 165 31) 
(147 166 24) 
(147 167 29) 
(147 168 16) 
(147 169 28) 
(147 170 22) 
(147 171 15) 
(147 172 2) 
(147 173 19) 
(147 174 1) 
(147 175 40) 
(147 176 31) 
(147 177 11) 
(147 178 25) 
(147 179 5) 
(147 180 12) 
(147 181 43) 
(147 182 17) 
(147 183 40) 
(147 184 23) 
(147 185 13) 
(147 186 7) 
(147 187 47) 
(147 189 23) 
(147 190 4) 
(147 191 13) 
(147 192 50) 
(147 193 1) 
(147 194 45) 
(147 195 35) 
(147 196 14) 
(147 197 20) 
(147 198 44) 
(147 199 30) 
(148 0 33) 
(148 1 43) 
(148 2 10) 
(148 4 30) 
(148 7 35) 
(148 10 43) 
(148 12 31) 
(148 14 43) 
(148 15 24) 
(148 16 44) 
(148 17 17) 
(148 18 20) 
(148 19 12) 
(148 24 4) 
(148 26 5) 
(148 27 23) 
(148 28 45) 
(148 29 45) 
(148 30 50) 
(148 31 6) 
(148 33 22) 
(148 35 32) 
(148 38 6) 
(148 40 29) 
(148 41 42) 
(148 43 35) 
(148 44 41) 
(148 45 43) 
(148 47 17) 
(148 48 1) 
(148 49 44) 
(148 50 27) 
(148 51 31) 
(148 52 21) 
(148 53 1) 
(148 54 5) 
(148 56 27) 
(148 58 32) 
(148 59 2) 
(148 60 34) 
(148 62 21) 
(148 63 28) 
(148 64 10) 
(148 66 40) 
(148 67 8) 
(148 68 28) 
(148 69 16) 
(148 70 20) 
(148 71 29) 
(148 72 32) 
(148 73 19) 
(148 74 23) 
(148 75 38) 
(148 77 40) 
(148 78 9) 
(148 79 27) 
(148 80 34) 
(148 81 43) 
(148 82 30) 
(148 83 32) 
(148 85 26) 
(148 86 23) 
(148 87 42) 
(148 88 18) 
(148 89 50) 
(148 90 24) 
(148 91 24) 
(148 92 45) 
(148 93 6) 
(148 94 47) 
(148 95 13) 
(148 97 23) 
(148 98 27) 
(148 99 30) 
(148 101 31) 
(148 103 44) 
(148 104 14) 
(148 105 43) 
(148 107 4) 
(148 108 32) 
(148 109 19) 
(148 111 49) 
(148 112 39) 
(148 113 23) 
(148 114 15) 
(148 115 45) 
(148 116 9) 
(148 117 11) 
(148 118 1) 
(148 120 25) 
(148 121 47) 
(148 122 38) 
(148 123 7) 
(148 124 33) 
(148 125 5) 
(148 126 40) 
(148 128 27) 
(148 130 22) 
(148 131 17) 
(148 132 16) 
(148 134 12) 
(148 135 15) 
(148 136 19) 
(148 137 48) 
(148 138 17) 
(148 139 39) 
(148 142 41) 
(148 145 16) 
(148 146 30) 
(148 149 15) 
(148 150 27) 
(148 153 33) 
(148 154 13) 
(148 155 25) 
(148 156 24) 
(148 157 45) 
(148 158 5) 
(148 159 8) 
(148 160 16) 
(148 161 48) 
(148 162 13) 
(148 163 8) 
(148 165 41) 
(148 166 47) 
(148 168 21) 
(148 169 28) 
(148 171 35) 
(148 173 15) 
(148 174 18) 
(148 175 1) 
(148 176 18) 
(148 177 3) 
(148 178 27) 
(148 180 19) 
(148 181 42) 
(148 182 8) 
(148 183 3) 
(148 184 45) 
(148 185 37) 
(148 186 5) 
(148 187 40) 
(148 188 5) 
(148 189 50) 
(148 190 39) 
(148 191 30) 
(148 192 28) 
(148 193 35) 
(148 194 49) 
(148 195 47) 
(148 196 1) 
(148 197 47) 
(148 199 17) 
(149 0 15) 
(149 1 12) 
(149 2 50) 
(149 3 17) 
(149 4 24) 
(149 6 49) 
(149 7 10) 
(149 8 41) 
(149 10 20) 
(149 11 48) 
(149 12 21) 
(149 15 20) 
(149 17 13) 
(149 18 5) 
(149 19 25) 
(149 20 15) 
(149 21 1) 
(149 22 14) 
(149 25 9) 
(149 26 42) 
(149 27 24) 
(149 28 22) 
(149 29 42) 
(149 30 47) 
(149 31 3) 
(149 33 5) 
(149 34 11) 
(149 35 36) 
(149 36 50) 
(149 38 13) 
(149 39 33) 
(149 42 12) 
(149 43 20) 
(149 44 12) 
(149 45 46) 
(149 46 24) 
(149 47 10) 
(149 48 5) 
(149 49 1) 
(149 50 16) 
(149 51 37) 
(149 52 24) 
(149 53 10) 
(149 54 18) 
(149 55 47) 
(149 56 21) 
(149 57 28) 
(149 59 13) 
(149 60 42) 
(149 61 2) 
(149 62 45) 
(149 63 31) 
(149 64 2) 
(149 65 42) 
(149 67 41) 
(149 69 15) 
(149 72 10) 
(149 74 37) 
(149 75 14) 
(149 76 15) 
(149 78 46) 
(149 79 5) 
(149 80 1) 
(149 81 25) 
(149 82 11) 
(149 83 14) 
(149 84 48) 
(149 85 49) 
(149 86 7) 
(149 87 46) 
(149 88 6) 
(149 89 38) 
(149 90 22) 
(149 91 12) 
(149 92 36) 
(149 93 8) 
(149 94 25) 
(149 95 35) 
(149 97 39) 
(149 98 39) 
(149 100 9) 
(149 101 16) 
(149 102 43) 
(149 103 4) 
(149 104 26) 
(149 105 17) 
(149 106 48) 
(149 108 41) 
(149 109 13) 
(149 110 47) 
(149 112 15) 
(149 114 15) 
(149 116 41) 
(149 117 27) 
(149 118 18) 
(149 120 39) 
(149 121 32) 
(149 122 21) 
(149 123 32) 
(149 124 9) 
(149 125 7) 
(149 126 10) 
(149 128 46) 
(149 129 15) 
(149 130 47) 
(149 132 28) 
(149 133 15) 
(149 134 7) 
(149 135 31) 
(149 136 44) 
(149 137 14) 
(149 138 14) 
(149 139 11) 
(149 141 43) 
(149 142 33) 
(149 143 25) 
(149 144 5) 
(149 146 44) 
(149 147 48) 
(149 150 28) 
(149 151 44) 
(149 152 47) 
(149 154 33) 
(149 155 6) 
(149 156 9) 
(149 157 3) 
(149 158 42) 
(149 159 38) 
(149 160 46) 
(149 161 20) 
(149 162 15) 
(149 164 27) 
(149 165 12) 
(149 166 50) 
(149 167 21) 
(149 168 5) 
(149 169 16) 
(149 170 21) 
(149 172 28) 
(149 176 27) 
(149 177 42) 
(149 179 5) 
(149 180 21) 
(149 181 26) 
(149 182 49) 
(149 183 7) 
(149 185 38) 
(149 186 23) 
(149 187 34) 
(149 189 27) 
(149 190 9) 
(149 192 46) 
(149 195 42) 
(149 196 42) 
(149 197 31) 
(150 0 36) 
(150 1 18) 
(150 2 48) 
(150 4 16) 
(150 5 14) 
(150 6 40) 
(150 7 33) 
(150 8 4) 
(150 9 50) 
(150 11 39) 
(150 12 37) 
(150 13 40) 
(150 14 33) 
(150 16 23) 
(150 17 24) 
(150 18 1) 
(150 19 1) 
(150 21 48) 
(150 23 15) 
(150 24 13) 
(150 26 25) 
(150 27 40) 
(150 28 37) 
(150 29 40) 
(150 30 24) 
(150 32 43) 
(150 33 30) 
(150 34 14) 
(150 35 17) 
(150 36 34) 
(150 37 12) 
(150 38 9) 
(150 39 6) 
(150 40 35) 
(150 41 5) 
(150 42 3) 
(150 43 9) 
(150 44 37) 
(150 45 44) 
(150 46 45) 
(150 47 31) 
(150 48 8) 
(150 50 41) 
(150 51 22) 
(150 52 28) 
(150 53 1) 
(150 54 12) 
(150 55 46) 
(150 56 47) 
(150 57 1) 
(150 58 46) 
(150 59 32) 
(150 61 12) 
(150 62 4) 
(150 63 21) 
(150 64 2) 
(150 65 2) 
(150 66 28) 
(150 67 31) 
(150 68 28) 
(150 69 39) 
(150 70 27) 
(150 71 15) 
(150 72 38) 
(150 74 14) 
(150 76 22) 
(150 77 36) 
(150 78 9) 
(150 80 38) 
(150 81 32) 
(150 85 41) 
(150 86 25) 
(150 87 48) 
(150 88 41) 
(150 91 44) 
(150 92 13) 
(150 93 21) 
(150 94 29) 
(150 96 50) 
(150 97 22) 
(150 98 38) 
(150 99 12) 
(150 100 11) 
(150 101 33) 
(150 102 20) 
(150 103 20) 
(150 104 41) 
(150 105 13) 
(150 108 50) 
(150 109 6) 
(150 110 26) 
(150 111 2) 
(150 113 14) 
(150 114 23) 
(150 117 38) 
(150 119 34) 
(150 120 29) 
(150 121 12) 
(150 123 24) 
(150 125 21) 
(150 126 12) 
(150 127 12) 
(150 128 12) 
(150 129 11) 
(150 130 48) 
(150 131 32) 
(150 133 44) 
(150 134 6) 
(150 135 8) 
(150 136 30) 
(150 137 22) 
(150 138 46) 
(150 139 11) 
(150 140 18) 
(150 141 3) 
(150 142 1) 
(150 144 3) 
(150 145 24) 
(150 146 34) 
(150 147 34) 
(150 148 36) 
(150 151 8) 
(150 152 14) 
(150 153 4) 
(150 154 36) 
(150 155 49) 
(150 157 3) 
(150 158 33) 
(150 159 19) 
(150 160 50) 
(150 164 36) 
(150 165 18) 
(150 166 16) 
(150 167 20) 
(150 168 22) 
(150 169 10) 
(150 171 48) 
(150 172 25) 
(150 173 38) 
(150 175 18) 
(150 176 34) 
(150 181 34) 
(150 182 44) 
(150 183 34) 
(150 185 16) 
(150 186 36) 
(150 188 5) 
(150 190 39) 
(150 191 42) 
(150 192 32) 
(150 193 3) 
(150 195 12) 
(150 196 49) 
(150 198 23) 
(151 0 5) 
(151 1 42) 
(151 2 13) 
(151 3 18) 
(151 4 16) 
(151 6 45) 
(151 7 31) 
(151 8 8) 
(151 11 13) 
(151 12 35) 
(151 13 17) 
(151 14 28) 
(151 15 3) 
(151 16 18) 
(151 17 20) 
(151 18 36) 
(151 21 19) 
(151 22 44) 
(151 23 27) 
(151 25 47) 
(151 26 42) 
(151 29 18) 
(151 30 6) 
(151 31 38) 
(151 32 30) 
(151 34 34) 
(151 35 9) 
(151 37 39) 
(151 40 48) 
(151 41 18) 
(151 42 24) 
(151 43 3) 
(151 44 7) 
(151 45 17) 
(151 46 36) 
(151 48 35) 
(151 49 25) 
(151 50 45) 
(151 51 41) 
(151 52 2) 
(151 53 11) 
(151 54 17) 
(151 55 22) 
(151 57 14) 
(151 58 33) 
(151 59 49) 
(151 60 11) 
(151 61 13) 
(151 62 22) 
(151 63 47) 
(151 66 29) 
(151 67 13) 
(151 68 38) 
(151 69 46) 
(151 70 48) 
(151 71 35) 
(151 72 36) 
(151 73 39) 
(151 75 22) 
(151 76 46) 
(151 77 28) 
(151 78 21) 
(151 79 44) 
(151 80 41) 
(151 84 7) 
(151 85 47) 
(151 86 44) 
(151 87 24) 
(151 88 8) 
(151 89 33) 
(151 90 40) 
(151 92 28) 
(151 93 17) 
(151 94 10) 
(151 95 49) 
(151 96 8) 
(151 97 28) 
(151 100 28) 
(151 101 48) 
(151 102 36) 
(151 103 20) 
(151 104 47) 
(151 105 45) 
(151 106 27) 
(151 108 44) 
(151 109 19) 
(151 110 15) 
(151 111 47) 
(151 112 42) 
(151 113 25) 
(151 114 16) 
(151 116 48) 
(151 118 33) 
(151 119 24) 
(151 120 7) 
(151 121 48) 
(151 122 45) 
(151 123 13) 
(151 126 48) 
(151 127 36) 
(151 128 25) 
(151 129 30) 
(151 131 12) 
(151 132 37) 
(151 133 34) 
(151 134 34) 
(151 135 28) 
(151 138 41) 
(151 139 16) 
(151 141 32) 
(151 142 27) 
(151 143 28) 
(151 144 41) 
(151 147 22) 
(151 148 44) 
(151 150 1) 
(151 152 30) 
(151 153 45) 
(151 154 19) 
(151 155 24) 
(151 156 39) 
(151 158 49) 
(151 159 47) 
(151 160 38) 
(151 161 40) 
(151 162 12) 
(151 163 17) 
(151 164 27) 
(151 166 16) 
(151 167 33) 
(151 168 7) 
(151 169 15) 
(151 170 4) 
(151 171 25) 
(151 172 39) 
(151 174 22) 
(151 175 27) 
(151 176 27) 
(151 178 29) 
(151 180 20) 
(151 182 9) 
(151 183 34) 
(151 184 38) 
(151 186 22) 
(151 187 17) 
(151 189 24) 
(151 191 39) 
(151 192 35) 
(151 194 22) 
(151 195 16) 
(151 196 33) 
(151 197 20) 
(151 198 46) 
(151 199 37) 
(152 0 21) 
(152 2 45) 
(152 4 49) 
(152 5 7) 
(152 6 15) 
(152 7 45) 
(152 9 15) 
(152 10 7) 
(152 13 25) 
(152 14 29) 
(152 16 25) 
(152 17 41) 
(152 19 9) 
(152 20 7) 
(152 22 17) 
(152 25 29) 
(152 27 15) 
(152 28 45) 
(152 29 25) 
(152 30 40) 
(152 31 17) 
(152 32 12) 
(152 33 19) 
(152 35 35) 
(152 36 7) 
(152 37 18) 
(152 39 38) 
(152 41 50) 
(152 42 34) 
(152 43 33) 
(152 44 30) 
(152 45 50) 
(152 47 8) 
(152 48 29) 
(152 49 35) 
(152 51 31) 
(152 54 27) 
(152 55 38) 
(152 57 35) 
(152 58 35) 
(152 59 20) 
(152 60 42) 
(152 61 40) 
(152 62 12) 
(152 67 39) 
(152 68 25) 
(152 70 42) 
(152 72 40) 
(152 73 31) 
(152 74 39) 
(152 75 14) 
(152 77 29) 
(152 78 12) 
(152 79 29) 
(152 80 12) 
(152 82 44) 
(152 83 49) 
(152 84 41) 
(152 85 34) 
(152 86 14) 
(152 87 47) 
(152 88 9) 
(152 89 3) 
(152 90 49) 
(152 91 42) 
(152 92 43) 
(152 93 7) 
(152 94 20) 
(152 95 33) 
(152 97 46) 
(152 98 28) 
(152 99 28) 
(152 101 21) 
(152 103 25) 
(152 104 48) 
(152 105 24) 
(152 106 24) 
(152 108 24) 
(152 110 48) 
(152 111 50) 
(152 112 13) 
(152 113 36) 
(152 114 41) 
(152 115 4) 
(152 117 2) 
(152 118 14) 
(152 119 49) 
(152 120 32) 
(152 123 20) 
(152 127 28) 
(152 129 17) 
(152 130 30) 
(152 132 1) 
(152 133 23) 
(152 134 32) 
(152 135 46) 
(152 136 12) 
(152 138 21) 
(152 139 12) 
(152 140 11) 
(152 141 47) 
(152 142 21) 
(152 143 44) 
(152 145 46) 
(152 147 37) 
(152 148 42) 
(152 149 42) 
(152 150 46) 
(152 151 29) 
(152 153 29) 
(152 155 11) 
(152 156 13) 
(152 157 8) 
(152 158 1) 
(152 159 16) 
(152 160 19) 
(152 161 48) 
(152 162 48) 
(152 163 27) 
(152 164 2) 
(152 165 10) 
(152 166 24) 
(152 167 48) 
(152 169 50) 
(152 170 41) 
(152 171 38) 
(152 172 4) 
(152 173 9) 
(152 174 5) 
(152 175 29) 
(152 177 30) 
(152 178 22) 
(152 179 27) 
(152 182 34) 
(152 183 12) 
(152 187 32) 
(152 188 31) 
(152 189 3) 
(152 190 44) 
(152 191 37) 
(152 194 44) 
(152 195 10) 
(152 198 9) 
(152 199 26) 
(153 0 12) 
(153 1 42) 
(153 2 20) 
(153 3 42) 
(153 4 47) 
(153 5 33) 
(153 6 43) 
(153 10 16) 
(153 12 33) 
(153 13 2) 
(153 15 30) 
(153 17 19) 
(153 18 15) 
(153 19 3) 
(153 20 31) 
(153 21 31) 
(153 23 25) 
(153 24 36) 
(153 26 39) 
(153 28 30) 
(153 30 15) 
(153 31 32) 
(153 33 17) 
(153 34 27) 
(153 35 8) 
(153 36 2) 
(153 37 14) 
(153 38 1) 
(153 39 25) 
(153 40 24) 
(153 41 12) 
(153 42 1) 
(153 43 38) 
(153 44 45) 
(153 45 41) 
(153 46 9) 
(153 48 45) 
(153 49 15) 
(153 50 28) 
(153 51 5) 
(153 54 1) 
(153 55 39) 
(153 56 41) 
(153 57 29) 
(153 58 28) 
(153 60 49) 
(153 61 12) 
(153 63 33) 
(153 64 28) 
(153 66 31) 
(153 67 7) 
(153 68 22) 
(153 69 48) 
(153 70 20) 
(153 71 15) 
(153 73 31) 
(153 75 47) 
(153 77 38) 
(153 78 8) 
(153 80 10) 
(153 81 7) 
(153 82 18) 
(153 83 19) 
(153 84 11) 
(153 85 40) 
(153 86 33) 
(153 87 28) 
(153 88 16) 
(153 89 22) 
(153 91 26) 
(153 92 1) 
(153 93 32) 
(153 94 20) 
(153 95 3) 
(153 97 21) 
(153 99 13) 
(153 100 30) 
(153 101 31) 
(153 102 7) 
(153 103 29) 
(153 105 33) 
(153 106 8) 
(153 107 35) 
(153 108 40) 
(153 110 33) 
(153 111 16) 
(153 112 27) 
(153 113 4) 
(153 115 22) 
(153 116 9) 
(153 118 23) 
(153 119 38) 
(153 121 6) 
(153 122 34) 
(153 123 40) 
(153 124 30) 
(153 125 24) 
(153 127 5) 
(153 128 31) 
(153 129 1) 
(153 130 46) 
(153 131 34) 
(153 132 6) 
(153 133 1) 
(153 136 41) 
(153 137 2) 
(153 138 6) 
(153 139 33) 
(153 141 22) 
(153 142 19) 
(153 143 31) 
(153 144 18) 
(153 145 2) 
(153 146 49) 
(153 147 13) 
(153 148 14) 
(153 149 15) 
(153 151 49) 
(153 152 6) 
(153 154 23) 
(153 155 40) 
(153 156 35) 
(153 157 34) 
(153 158 16) 
(153 162 37) 
(153 163 50) 
(153 164 14) 
(153 166 46) 
(153 167 41) 
(153 168 22) 
(153 169 15) 
(153 171 39) 
(153 172 5) 
(153 173 31) 
(153 174 35) 
(153 175 28) 
(153 176 20) 
(153 177 33) 
(153 180 6) 
(153 181 11) 
(153 182 49) 
(153 183 40) 
(153 186 14) 
(153 187 18) 
(153 189 4) 
(153 190 49) 
(153 191 34) 
(153 192 42) 
(153 193 48) 
(153 194 31) 
(153 195 1) 
(153 199 28) 
(154 0 11) 
(154 1 4) 
(154 2 24) 
(154 3 3) 
(154 6 35) 
(154 7 48) 
(154 8 44) 
(154 9 39) 
(154 12 10) 
(154 13 3) 
(154 14 37) 
(154 15 13) 
(154 16 39) 
(154 17 34) 
(154 18 34) 
(154 21 30) 
(154 22 9) 
(154 26 14) 
(154 29 48) 
(154 30 22) 
(154 31 13) 
(154 34 6) 
(154 35 37) 
(154 38 30) 
(154 39 29) 
(154 40 30) 
(154 41 29) 
(154 42 39) 
(154 44 18) 
(154 46 41) 
(154 47 39) 
(154 48 21) 
(154 49 13) 
(154 50 34) 
(154 51 14) 
(154 53 26) 
(154 54 39) 
(154 55 47) 
(154 56 45) 
(154 58 25) 
(154 59 16) 
(154 62 10) 
(154 64 40) 
(154 65 50) 
(154 66 36) 
(154 70 9) 
(154 71 20) 
(154 72 16) 
(154 73 39) 
(154 74 46) 
(154 75 21) 
(154 76 3) 
(154 77 20) 
(154 78 9) 
(154 80 18) 
(154 81 45) 
(154 82 29) 
(154 83 11) 
(154 84 6) 
(154 85 11) 
(154 86 11) 
(154 87 21) 
(154 89 5) 
(154 90 43) 
(154 91 11) 
(154 92 44) 
(154 93 24) 
(154 94 7) 
(154 95 45) 
(154 96 21) 
(154 97 3) 
(154 98 7) 
(154 99 49) 
(154 100 48) 
(154 101 30) 
(154 102 20) 
(154 103 44) 
(154 104 25) 
(154 106 32) 
(154 107 21) 
(154 108 25) 
(154 109 39) 
(154 110 44) 
(154 111 31) 
(154 112 20) 
(154 114 23) 
(154 115 49) 
(154 116 9) 
(154 117 31) 
(154 118 5) 
(154 120 18) 
(154 121 47) 
(154 122 26) 
(154 123 40) 
(154 126 13) 
(154 127 15) 
(154 128 37) 
(154 129 5) 
(154 130 41) 
(154 131 20) 
(154 132 26) 
(154 133 34) 
(154 134 30) 
(154 135 41) 
(154 136 26) 
(154 137 50) 
(154 138 44) 
(154 139 42) 
(154 140 18) 
(154 142 17) 
(154 143 29) 
(154 144 2) 
(154 145 16) 
(154 147 18) 
(154 149 22) 
(154 150 27) 
(154 151 49) 
(154 153 6) 
(154 155 5) 
(154 156 50) 
(154 157 26) 
(154 158 32) 
(154 159 45) 
(154 161 42) 
(154 164 34) 
(154 165 3) 
(154 167 6) 
(154 168 15) 
(154 169 17) 
(154 170 2) 
(154 171 5) 
(154 174 25) 
(154 175 29) 
(154 176 32) 
(154 177 39) 
(154 178 40) 
(154 179 7) 
(154 180 7) 
(154 181 3) 
(154 182 20) 
(154 183 14) 
(154 184 42) 
(154 185 11) 
(154 186 36) 
(154 187 2) 
(154 188 48) 
(154 190 43) 
(154 191 3) 
(154 192 6) 
(154 193 26) 
(154 194 11) 
(154 196 5) 
(154 197 33) 
(154 198 19) 
(154 199 47) 
(155 0 3) 
(155 1 25) 
(155 2 22) 
(155 3 8) 
(155 4 16) 
(155 5 30) 
(155 6 35) 
(155 7 24) 
(155 8 35) 
(155 9 41) 
(155 10 21) 
(155 11 41) 
(155 12 6) 
(155 13 21) 
(155 14 20) 
(155 17 43) 
(155 19 6) 
(155 20 22) 
(155 21 11) 
(155 23 32) 
(155 24 21) 
(155 25 3) 
(155 26 47) 
(155 27 16) 
(155 28 43) 
(155 29 8) 
(155 31 32) 
(155 32 47) 
(155 33 11) 
(155 34 24) 
(155 35 8) 
(155 36 27) 
(155 39 19) 
(155 40 28) 
(155 41 24) 
(155 42 25) 
(155 43 16) 
(155 44 6) 
(155 45 27) 
(155 46 15) 
(155 48 11) 
(155 50 20) 
(155 51 3) 
(155 53 26) 
(155 54 34) 
(155 55 4) 
(155 57 24) 
(155 58 12) 
(155 60 10) 
(155 61 25) 
(155 62 46) 
(155 63 38) 
(155 65 23) 
(155 66 45) 
(155 67 32) 
(155 68 6) 
(155 71 35) 
(155 72 49) 
(155 73 3) 
(155 74 14) 
(155 75 6) 
(155 76 13) 
(155 77 48) 
(155 78 10) 
(155 79 7) 
(155 82 18) 
(155 83 17) 
(155 84 16) 
(155 85 26) 
(155 87 37) 
(155 88 7) 
(155 89 44) 
(155 90 20) 
(155 93 31) 
(155 94 16) 
(155 96 48) 
(155 97 44) 
(155 98 28) 
(155 99 47) 
(155 100 19) 
(155 101 8) 
(155 102 18) 
(155 103 49) 
(155 104 37) 
(155 107 18) 
(155 108 5) 
(155 109 1) 
(155 111 47) 
(155 112 5) 
(155 113 34) 
(155 115 26) 
(155 116 4) 
(155 117 8) 
(155 118 10) 
(155 119 50) 
(155 120 29) 
(155 121 6) 
(155 122 16) 
(155 123 41) 
(155 124 48) 
(155 126 38) 
(155 127 6) 
(155 130 8) 
(155 131 37) 
(155 132 5) 
(155 133 14) 
(155 134 28) 
(155 137 44) 
(155 138 18) 
(155 139 14) 
(155 142 46) 
(155 143 14) 
(155 144 43) 
(155 146 38) 
(155 147 36) 
(155 148 29) 
(155 149 13) 
(155 152 32) 
(155 153 36) 
(155 154 31) 
(155 156 41) 
(155 157 25) 
(155 158 8) 
(155 159 20) 
(155 160 23) 
(155 163 17) 
(155 164 38) 
(155 165 40) 
(155 168 39) 
(155 169 35) 
(155 171 32) 
(155 172 1) 
(155 174 15) 
(155 175 47) 
(155 176 31) 
(155 178 49) 
(155 180 5) 
(155 181 28) 
(155 182 30) 
(155 183 25) 
(155 185 26) 
(155 186 2) 
(155 187 43) 
(155 188 29) 
(155 189 25) 
(155 190 36) 
(155 192 22) 
(155 193 38) 
(155 194 21) 
(155 195 30) 
(155 198 36) 
(155 199 20) 
(156 0 49) 
(156 1 49) 
(156 2 41) 
(156 3 32) 
(156 4 12) 
(156 5 49) 
(156 6 38) 
(156 13 1) 
(156 14 25) 
(156 15 10) 
(156 16 2) 
(156 18 39) 
(156 19 18) 
(156 20 12) 
(156 21 15) 
(156 22 38) 
(156 24 11) 
(156 25 30) 
(156 26 11) 
(156 27 25) 
(156 28 23) 
(156 29 48) 
(156 30 14) 
(156 31 20) 
(156 34 15) 
(156 35 45) 
(156 37 7) 
(156 38 14) 
(156 39 17) 
(156 40 2) 
(156 41 29) 
(156 42 37) 
(156 43 11) 
(156 45 33) 
(156 47 49) 
(156 48 23) 
(156 50 42) 
(156 51 21) 
(156 54 39) 
(156 55 2) 
(156 56 49) 
(156 57 7) 
(156 58 10) 
(156 60 9) 
(156 61 13) 
(156 63 16) 
(156 64 39) 
(156 65 38) 
(156 68 17) 
(156 69 4) 
(156 71 48) 
(156 72 7) 
(156 74 39) 
(156 76 26) 
(156 77 48) 
(156 78 17) 
(156 80 39) 
(156 82 20) 
(156 83 7) 
(156 85 18) 
(156 86 8) 
(156 88 42) 
(156 89 34) 
(156 90 4) 
(156 92 21) 
(156 94 18) 
(156 96 11) 
(156 98 49) 
(156 99 26) 
(156 100 27) 
(156 101 43) 
(156 102 9) 
(156 103 41) 
(156 104 50) 
(156 105 48) 
(156 106 41) 
(156 107 18) 
(156 108 45) 
(156 109 19) 
(156 110 50) 
(156 111 28) 
(156 112 6) 
(156 114 19) 
(156 115 17) 
(156 117 1) 
(156 118 26) 
(156 121 47) 
(156 124 42) 
(156 125 37) 
(156 128 16) 
(156 129 23) 
(156 130 27) 
(156 131 36) 
(156 132 34) 
(156 133 15) 
(156 135 32) 
(156 136 5) 
(156 140 33) 
(156 141 18) 
(156 142 8) 
(156 143 10) 
(156 144 44) 
(156 145 35) 
(156 146 11) 
(156 147 20) 
(156 148 14) 
(156 149 40) 
(156 150 14) 
(156 151 40) 
(156 154 46) 
(156 157 50) 
(156 158 50) 
(156 159 16) 
(156 160 45) 
(156 162 20) 
(156 163 21) 
(156 164 1) 
(156 166 7) 
(156 167 17) 
(156 168 18) 
(156 169 25) 
(156 170 19) 
(156 174 39) 
(156 175 16) 
(156 176 48) 
(156 177 3) 
(156 178 13) 
(156 179 21) 
(156 180 26) 
(156 184 2) 
(156 185 16) 
(156 186 11) 
(156 187 22) 
(156 188 6) 
(156 189 33) 
(156 190 16) 
(156 192 44) 
(156 193 44) 
(156 195 4) 
(156 196 50) 
(156 198 22) 
(156 199 43) 
(157 0 49) 
(157 1 46) 
(157 3 26) 
(157 5 4) 
(157 6 23) 
(157 7 17) 
(157 8 50) 
(157 9 28) 
(157 10 27) 
(157 11 8) 
(157 12 48) 
(157 13 50) 
(157 14 39) 
(157 15 6) 
(157 16 31) 
(157 17 5) 
(157 20 35) 
(157 21 3) 
(157 22 1) 
(157 23 3) 
(157 25 34) 
(157 26 35) 
(157 27 23) 
(157 28 27) 
(157 30 6) 
(157 31 43) 
(157 32 37) 
(157 33 16) 
(157 34 7) 
(157 35 38) 
(157 36 3) 
(157 37 42) 
(157 38 20) 
(157 39 19) 
(157 40 21) 
(157 41 14) 
(157 42 2) 
(157 43 44) 
(157 44 1) 
(157 45 37) 
(157 46 37) 
(157 48 12) 
(157 51 48) 
(157 52 16) 
(157 54 26) 
(157 55 37) 
(157 56 41) 
(157 58 6) 
(157 60 14) 
(157 62 27) 
(157 63 40) 
(157 64 33) 
(157 65 44) 
(157 66 34) 
(157 68 34) 
(157 69 23) 
(157 70 46) 
(157 71 46) 
(157 72 34) 
(157 73 8) 
(157 76 14) 
(157 77 29) 
(157 79 43) 
(157 80 31) 
(157 81 22) 
(157 82 48) 
(157 83 45) 
(157 84 29) 
(157 86 24) 
(157 87 34) 
(157 88 13) 
(157 89 4) 
(157 90 30) 
(157 91 32) 
(157 92 41) 
(157 93 24) 
(157 94 31) 
(157 95 46) 
(157 96 22) 
(157 97 27) 
(157 98 22) 
(157 101 5) 
(157 102 4) 
(157 103 2) 
(157 104 25) 
(157 105 8) 
(157 106 21) 
(157 107 15) 
(157 108 22) 
(157 111 19) 
(157 112 20) 
(157 114 29) 
(157 116 48) 
(157 117 8) 
(157 118 28) 
(157 119 50) 
(157 120 39) 
(157 121 28) 
(157 122 10) 
(157 123 28) 
(157 124 6) 
(157 126 17) 
(157 127 22) 
(157 128 47) 
(157 129 9) 
(157 130 40) 
(157 132 3) 
(157 133 2) 
(157 134 43) 
(157 135 20) 
(157 136 18) 
(157 137 43) 
(157 138 35) 
(157 143 23) 
(157 144 28) 
(157 145 40) 
(157 146 50) 
(157 147 27) 
(157 149 37) 
(157 150 14) 
(157 152 14) 
(157 154 38) 
(157 155 40) 
(157 156 50) 
(157 158 18) 
(157 159 24) 
(157 162 36) 
(157 166 35) 
(157 167 11) 
(157 168 28) 
(157 170 9) 
(157 171 25) 
(157 172 12) 
(157 173 1) 
(157 174 25) 
(157 175 11) 
(157 176 34) 
(157 178 18) 
(157 180 7) 
(157 182 20) 
(157 184 48) 
(157 185 16) 
(157 186 45) 
(157 187 41) 
(157 188 47) 
(157 190 4) 
(157 192 26) 
(157 194 2) 
(157 195 10) 
(157 196 12) 
(157 198 23) 
(157 199 27) 
(158 0 31) 
(158 1 44) 
(158 2 45) 
(158 3 43) 
(158 4 18) 
(158 6 28) 
(158 7 33) 
(158 8 40) 
(158 9 32) 
(158 12 8) 
(158 13 12) 
(158 15 48) 
(158 16 18) 
(158 17 33) 
(158 19 21) 
(158 20 17) 
(158 21 18) 
(158 22 19) 
(158 23 9) 
(158 24 22) 
(158 25 29) 
(158 26 16) 
(158 28 21) 
(158 29 11) 
(158 30 25) 
(158 31 18) 
(158 32 47) 
(158 34 48) 
(158 35 8) 
(158 36 17) 
(158 40 20) 
(158 42 46) 
(158 43 48) 
(158 44 7) 
(158 45 28) 
(158 46 19) 
(158 47 49) 
(158 50 38) 
(158 51 14) 
(158 53 2) 
(158 54 22) 
(158 55 40) 
(158 56 47) 
(158 57 43) 
(158 58 18) 
(158 59 39) 
(158 60 16) 
(158 62 42) 
(158 63 11) 
(158 64 35) 
(158 65 41) 
(158 66 19) 
(158 67 25) 
(158 69 25) 
(158 70 45) 
(158 72 3) 
(158 73 17) 
(158 74 40) 
(158 76 47) 
(158 77 37) 
(158 78 6) 
(158 81 28) 
(158 83 26) 
(158 84 41) 
(158 85 29) 
(158 86 18) 
(158 88 44) 
(158 89 27) 
(158 90 48) 
(158 91 11) 
(158 92 15) 
(158 93 48) 
(158 94 41) 
(158 95 36) 
(158 96 29) 
(158 100 37) 
(158 102 22) 
(158 105 39) 
(158 106 13) 
(158 108 50) 
(158 110 2) 
(158 111 32) 
(158 113 31) 
(158 115 28) 
(158 116 38) 
(158 117 47) 
(158 118 27) 
(158 121 12) 
(158 122 2) 
(158 125 5) 
(158 126 11) 
(158 127 16) 
(158 128 47) 
(158 129 3) 
(158 130 48) 
(158 131 40) 
(158 132 16) 
(158 134 39) 
(158 136 40) 
(158 137 38) 
(158 138 49) 
(158 139 15) 
(158 140 43) 
(158 141 13) 
(158 143 40) 
(158 144 39) 
(158 145 15) 
(158 147 12) 
(158 149 41) 
(158 150 45) 
(158 151 10) 
(158 152 20) 
(158 153 19) 
(158 155 20) 
(158 156 31) 
(158 159 22) 
(158 160 33) 
(158 161 16) 
(158 162 40) 
(158 163 6) 
(158 164 7) 
(158 165 15) 
(158 166 3) 
(158 167 36) 
(158 169 26) 
(158 170 10) 
(158 171 7) 
(158 172 4) 
(158 173 43) 
(158 174 14) 
(158 175 20) 
(158 179 17) 
(158 180 13) 
(158 182 38) 
(158 183 3) 
(158 185 30) 
(158 186 36) 
(158 187 25) 
(158 188 39) 
(158 189 9) 
(158 190 14) 
(158 191 6) 
(158 193 35) 
(158 197 6) 
(158 198 26) 
(158 199 19) 
(159 0 33) 
(159 2 20) 
(159 3 26) 
(159 4 24) 
(159 5 43) 
(159 6 48) 
(159 7 15) 
(159 8 23) 
(159 9 21) 
(159 10 23) 
(159 11 23) 
(159 12 29) 
(159 13 33) 
(159 15 36) 
(159 17 31) 
(159 18 2) 
(159 19 5) 
(159 20 43) 
(159 23 10) 
(159 25 44) 
(159 28 3) 
(159 29 42) 
(159 30 32) 
(159 31 5) 
(159 34 9) 
(159 35 33) 
(159 36 4) 
(159 37 10) 
(159 38 42) 
(159 42 41) 
(159 43 27) 
(159 46 33) 
(159 47 44) 
(159 48 21) 
(159 49 13) 
(159 50 7) 
(159 51 30) 
(159 53 43) 
(159 54 2) 
(159 57 15) 
(159 58 10) 
(159 59 14) 
(159 60 16) 
(159 61 18) 
(159 62 24) 
(159 65 40) 
(159 66 16) 
(159 68 7) 
(159 69 18) 
(159 70 34) 
(159 71 26) 
(159 72 42) 
(159 73 13) 
(159 74 26) 
(159 75 28) 
(159 76 26) 
(159 77 11) 
(159 78 19) 
(159 79 39) 
(159 80 47) 
(159 83 48) 
(159 84 22) 
(159 86 47) 
(159 87 22) 
(159 88 1) 
(159 89 50) 
(159 90 7) 
(159 91 10) 
(159 92 40) 
(159 94 16) 
(159 95 28) 
(159 97 49) 
(159 99 13) 
(159 100 43) 
(159 101 9) 
(159 102 13) 
(159 103 17) 
(159 104 34) 
(159 105 27) 
(159 106 29) 
(159 108 47) 
(159 109 29) 
(159 110 22) 
(159 111 27) 
(159 112 15) 
(159 114 29) 
(159 115 24) 
(159 116 39) 
(159 117 35) 
(159 119 50) 
(159 120 20) 
(159 121 25) 
(159 123 50) 
(159 124 13) 
(159 126 30) 
(159 127 9) 
(159 128 49) 
(159 129 42) 
(159 131 29) 
(159 132 22) 
(159 133 22) 
(159 134 34) 
(159 135 13) 
(159 136 24) 
(159 137 27) 
(159 138 22) 
(159 139 26) 
(159 140 40) 
(159 141 39) 
(159 143 2) 
(159 144 38) 
(159 145 42) 
(159 146 29) 
(159 147 38) 
(159 149 28) 
(159 150 23) 
(159 151 39) 
(159 152 8) 
(159 153 9) 
(159 154 21) 
(159 156 39) 
(159 157 40) 
(159 160 29) 
(159 161 38) 
(159 162 43) 
(159 163 8) 
(159 164 34) 
(159 165 4) 
(159 166 37) 
(159 167 42) 
(159 168 45) 
(159 170 27) 
(159 171 7) 
(159 172 26) 
(159 173 37) 
(159 174 42) 
(159 176 33) 
(159 177 28) 
(159 179 44) 
(159 180 39) 
(159 181 7) 
(159 183 50) 
(159 184 27) 
(159 186 31) 
(159 187 16) 
(159 188 34) 
(159 191 14) 
(159 192 43) 
(159 193 11) 
(159 194 35) 
(159 197 38) 
(159 199 32) 
(160 1 39) 
(160 2 38) 
(160 3 43) 
(160 4 19) 
(160 5 42) 
(160 6 33) 
(160 7 7) 
(160 8 16) 
(160 9 26) 
(160 10 17) 
(160 11 49) 
(160 13 31) 
(160 14 38) 
(160 16 44) 
(160 17 23) 
(160 18 15) 
(160 19 14) 
(160 20 24) 
(160 22 10) 
(160 23 33) 
(160 24 6) 
(160 26 4) 
(160 28 4) 
(160 33 24) 
(160 34 33) 
(160 35 15) 
(160 37 44) 
(160 40 26) 
(160 42 48) 
(160 44 23) 
(160 45 23) 
(160 46 15) 
(160 47 5) 
(160 48 22) 
(160 49 10) 
(160 50 23) 
(160 52 40) 
(160 54 45) 
(160 56 25) 
(160 58 11) 
(160 60 20) 
(160 62 31) 
(160 63 37) 
(160 64 40) 
(160 65 3) 
(160 66 5) 
(160 70 26) 
(160 71 11) 
(160 72 1) 
(160 74 15) 
(160 75 28) 
(160 76 13) 
(160 77 31) 
(160 79 43) 
(160 80 28) 
(160 81 49) 
(160 83 32) 
(160 84 32) 
(160 85 20) 
(160 86 17) 
(160 87 4) 
(160 89 10) 
(160 90 21) 
(160 92 50) 
(160 93 31) 
(160 94 15) 
(160 95 15) 
(160 98 36) 
(160 100 37) 
(160 101 5) 
(160 102 43) 
(160 103 3) 
(160 104 10) 
(160 106 41) 
(160 108 44) 
(160 111 26) 
(160 112 26) 
(160 113 48) 
(160 114 18) 
(160 115 41) 
(160 116 35) 
(160 117 48) 
(160 118 38) 
(160 119 29) 
(160 120 44) 
(160 121 38) 
(160 122 36) 
(160 123 16) 
(160 124 34) 
(160 125 45) 
(160 126 38) 
(160 128 50) 
(160 129 16) 
(160 130 48) 
(160 131 50) 
(160 132 17) 
(160 133 50) 
(160 134 40) 
(160 135 43) 
(160 137 3) 
(160 138 49) 
(160 139 32) 
(160 140 4) 
(160 141 28) 
(160 143 32) 
(160 144 33) 
(160 145 36) 
(160 146 37) 
(160 147 26) 
(160 148 9) 
(160 149 7) 
(160 150 48) 
(160 151 21) 
(160 153 27) 
(160 156 25) 
(160 157 18) 
(160 158 1) 
(160 159 45) 
(160 161 39) 
(160 162 45) 
(160 163 30) 
(160 164 11) 
(160 165 37) 
(160 166 7) 
(160 167 17) 
(160 168 50) 
(160 169 43) 
(160 170 24) 
(160 172 23) 
(160 173 10) 
(160 174 25) 
(160 178 20) 
(160 180 12) 
(160 181 33) 
(160 182 36) 
(160 183 31) 
(160 185 45) 
(160 186 8) 
(160 187 36) 
(160 188 31) 
(160 189 36) 
(160 190 10) 
(160 191 22) 
(160 193 7) 
(160 194 3) 
(160 195 35) 
(160 196 17) 
(160 197 33) 
(160 198 39) 
(161 1 10) 
(161 3 47) 
(161 5 19) 
(161 6 30) 
(161 7 22) 
(161 8 14) 
(161 10 49) 
(161 11 49) 
(161 12 36) 
(161 14 3) 
(161 15 18) 
(161 16 16) 
(161 17 35) 
(161 18 13) 
(161 19 13) 
(161 22 39) 
(161 23 24) 
(161 24 21) 
(161 25 18) 
(161 26 7) 
(161 27 40) 
(161 28 13) 
(161 29 11) 
(161 30 30) 
(161 32 1) 
(161 33 8) 
(161 34 47) 
(161 36 18) 
(161 37 43) 
(161 38 32) 
(161 40 8) 
(161 41 40) 
(161 43 31) 
(161 44 8) 
(161 45 48) 
(161 46 20) 
(161 47 6) 
(161 48 33) 
(161 49 15) 
(161 50 22) 
(161 51 8) 
(161 53 4) 
(161 54 26) 
(161 57 19) 
(161 59 6) 
(161 60 29) 
(161 63 4) 
(161 64 34) 
(161 65 36) 
(161 66 17) 
(161 67 24) 
(161 69 18) 
(161 70 3) 
(161 71 18) 
(161 72 30) 
(161 73 23) 
(161 74 32) 
(161 75 40) 
(161 76 29) 
(161 77 44) 
(161 78 30) 
(161 81 42) 
(161 82 2) 
(161 84 19) 
(161 85 14) 
(161 86 4) 
(161 88 22) 
(161 90 22) 
(161 92 1) 
(161 94 7) 
(161 95 33) 
(161 96 9) 
(161 97 28) 
(161 99 49) 
(161 103 47) 
(161 104 32) 
(161 105 14) 
(161 107 27) 
(161 108 1) 
(161 109 2) 
(161 110 14) 
(161 111 32) 
(161 116 7) 
(161 117 33) 
(161 118 17) 
(161 119 4) 
(161 120 32) 
(161 121 19) 
(161 122 31) 
(161 125 20) 
(161 126 23) 
(161 127 43) 
(161 128 32) 
(161 129 41) 
(161 130 30) 
(161 131 27) 
(161 132 32) 
(161 133 23) 
(161 134 40) 
(161 135 11) 
(161 137 20) 
(161 138 18) 
(161 139 38) 
(161 140 46) 
(161 142 21) 
(161 143 28) 
(161 144 38) 
(161 145 40) 
(161 146 46) 
(161 148 15) 
(161 149 8) 
(161 152 2) 
(161 153 35) 
(161 154 48) 
(161 155 41) 
(161 156 19) 
(161 158 12) 
(161 159 3) 
(161 162 15) 
(161 163 20) 
(161 164 7) 
(161 165 49) 
(161 166 26) 
(161 167 22) 
(161 168 27) 
(161 169 36) 
(161 170 4) 
(161 171 6) 
(161 172 16) 
(161 173 39) 
(161 174 23) 
(161 175 34) 
(161 176 29) 
(161 177 45) 
(161 178 43) 
(161 179 16) 
(161 180 40) 
(161 182 38) 
(161 183 39) 
(161 184 37) 
(161 185 1) 
(161 186 25) 
(161 187 28) 
(161 188 46) 
(161 189 8) 
(161 190 34) 
(161 192 1) 
(161 193 41) 
(161 195 25) 
(161 196 25) 
(161 197 8) 
(161 199 34) 
(162 0 3) 
(162 3 7) 
(162 4 40) 
(162 5 12) 
(162 9 33) 
(162 10 14) 
(162 12 37) 
(162 14 48) 
(162 16 34) 
(162 17 19) 
(162 18 49) 
(162 19 34) 
(162 20 3) 
(162 21 22) 
(162 22 41) 
(162 23 14) 
(162 26 44) 
(162 27 38) 
(162 28 8) 
(162 29 39) 
(162 30 36) 
(162 32 20) 
(162 33 32) 
(162 34 6) 
(162 36 45) 
(162 38 23) 
(162 39 32) 
(162 40 1) 
(162 41 35) 
(162 42 5) 
(162 44 26) 
(162 45 44) 
(162 49 48) 
(162 50 8) 
(162 51 42) 
(162 52 15) 
(162 54 26) 
(162 55 13) 
(162 56 24) 
(162 57 22) 
(162 60 3) 
(162 61 50) 
(162 62 41) 
(162 63 42) 
(162 65 16) 
(162 66 20) 
(162 67 5) 
(162 68 45) 
(162 69 43) 
(162 70 45) 
(162 71 6) 
(162 73 41) 
(162 74 43) 
(162 75 3) 
(162 76 26) 
(162 77 24) 
(162 79 43) 
(162 80 15) 
(162 83 8) 
(162 84 39) 
(162 85 17) 
(162 86 4) 
(162 87 18) 
(162 89 35) 
(162 90 16) 
(162 91 4) 
(162 93 27) 
(162 94 50) 
(162 95 38) 
(162 96 19) 
(162 97 21) 
(162 98 2) 
(162 100 11) 
(162 101 6) 
(162 102 2) 
(162 104 21) 
(162 105 44) 
(162 107 40) 
(162 108 49) 
(162 109 38) 
(162 110 39) 
(162 111 18) 
(162 112 3) 
(162 113 33) 
(162 116 47) 
(162 117 17) 
(162 118 36) 
(162 119 24) 
(162 120 12) 
(162 121 8) 
(162 122 41) 
(162 123 32) 
(162 124 41) 
(162 126 32) 
(162 127 42) 
(162 128 46) 
(162 129 6) 
(162 130 15) 
(162 131 35) 
(162 132 41) 
(162 133 9) 
(162 134 26) 
(162 135 24) 
(162 136 26) 
(162 137 27) 
(162 138 39) 
(162 139 8) 
(162 141 30) 
(162 142 35) 
(162 144 43) 
(162 145 19) 
(162 146 4) 
(162 148 5) 
(162 149 32) 
(162 150 20) 
(162 152 23) 
(162 153 3) 
(162 154 49) 
(162 155 29) 
(162 156 31) 
(162 159 25) 
(162 161 13) 
(162 163 2) 
(162 164 4) 
(162 165 44) 
(162 166 36) 
(162 168 6) 
(162 169 31) 
(162 172 11) 
(162 173 36) 
(162 174 6) 
(162 175 30) 
(162 176 6) 
(162 177 26) 
(162 178 32) 
(162 179 49) 
(162 180 30) 
(162 182 14) 
(162 183 9) 
(162 184 35) 
(162 185 29) 
(162 187 31) 
(162 188 47) 
(162 190 36) 
(162 191 47) 
(162 192 3) 
(162 193 26) 
(162 196 17) 
(162 197 49) 
(162 198 28) 
(162 199 50) 
(163 0 50) 
(163 2 14) 
(163 3 45) 
(163 4 1) 
(163 5 50) 
(163 8 2) 
(163 9 33) 
(163 10 50) 
(163 12 41) 
(163 13 26) 
(163 14 15) 
(163 16 37) 
(163 17 28) 
(163 18 23) 
(163 19 24) 
(163 20 17) 
(163 21 11) 
(163 24 45) 
(163 26 6) 
(163 30 48) 
(163 31 45) 
(163 33 22) 
(163 35 13) 
(163 37 17) 
(163 39 10) 
(163 40 40) 
(163 41 7) 
(163 42 27) 
(163 44 46) 
(163 45 4) 
(163 47 20) 
(163 48 1) 
(163 49 27) 
(163 50 13) 
(163 51 11) 
(163 52 35) 
(163 53 27) 
(163 54 17) 
(163 55 5) 
(163 57 41) 
(163 59 41) 
(163 61 4) 
(163 63 10) 
(163 64 15) 
(163 65 26) 
(163 67 22) 
(163 68 16) 
(163 69 9) 
(163 70 40) 
(163 71 12) 
(163 73 12) 
(163 75 19) 
(163 77 10) 
(163 78 19) 
(163 81 20) 
(163 82 10) 
(163 83 24) 
(163 84 21) 
(163 85 8) 
(163 86 8) 
(163 87 17) 
(163 88 13) 
(163 89 32) 
(163 90 43) 
(163 91 43) 
(163 92 29) 
(163 93 48) 
(163 95 9) 
(163 96 7) 
(163 97 2) 
(163 98 15) 
(163 99 14) 
(163 100 22) 
(163 101 35) 
(163 102 11) 
(163 103 25) 
(163 104 40) 
(163 105 47) 
(163 106 23) 
(163 107 37) 
(163 108 19) 
(163 109 33) 
(163 110 41) 
(163 111 16) 
(163 112 1) 
(163 114 46) 
(163 115 23) 
(163 116 6) 
(163 117 33) 
(163 118 48) 
(163 119 1) 
(163 120 18) 
(163 121 26) 
(163 122 18) 
(163 123 45) 
(163 125 25) 
(163 126 39) 
(163 129 13) 
(163 130 49) 
(163 132 26) 
(163 133 30) 
(163 134 31) 
(163 135 34) 
(163 137 18) 
(163 138 10) 
(163 139 28) 
(163 140 22) 
(163 143 21) 
(163 144 34) 
(163 147 24) 
(163 149 36) 
(163 150 42) 
(163 152 28) 
(163 153 44) 
(163 154 39) 
(163 155 37) 
(163 156 24) 
(163 158 33) 
(163 159 17) 
(163 160 7) 
(163 161 38) 
(163 162 40) 
(163 165 16) 
(163 166 41) 
(163 168 28) 
(163 172 32) 
(163 173 41) 
(163 174 48) 
(163 175 41) 
(163 176 10) 
(163 177 16) 
(163 178 24) 
(163 179 4) 
(163 180 29) 
(163 182 22) 
(163 183 21) 
(163 185 6) 
(163 186 29) 
(163 187 30) 
(163 188 36) 
(163 190 14) 
(163 191 32) 
(163 193 25) 
(163 194 46) 
(163 196 14) 
(163 197 13) 
(163 198 32) 
(163 199 49) 
(164 0 41) 
(164 1 43) 
(164 2 30) 
(164 3 42) 
(164 4 4) 
(164 6 44) 
(164 7 40) 
(164 11 10) 
(164 12 29) 
(164 13 34) 
(164 14 32) 
(164 15 36) 
(164 16 24) 
(164 19 27) 
(164 20 44) 
(164 22 15) 
(164 23 15) 
(164 24 5) 
(164 25 41) 
(164 26 34) 
(164 27 8) 
(164 29 41) 
(164 30 36) 
(164 31 43) 
(164 32 9) 
(164 33 50) 
(164 34 16) 
(164 35 33) 
(164 37 31) 
(164 38 10) 
(164 39 14) 
(164 40 3) 
(164 41 46) 
(164 42 2) 
(164 44 2) 
(164 45 30) 
(164 46 33) 
(164 47 35) 
(164 48 27) 
(164 50 5) 
(164 51 30) 
(164 52 49) 
(164 53 41) 
(164 54 37) 
(164 57 22) 
(164 59 34) 
(164 60 17) 
(164 61 19) 
(164 62 13) 
(164 63 10) 
(164 64 37) 
(164 65 29) 
(164 66 14) 
(164 67 19) 
(164 68 30) 
(164 70 33) 
(164 71 38) 
(164 72 2) 
(164 73 22) 
(164 74 27) 
(164 75 1) 
(164 76 22) 
(164 77 30) 
(164 78 22) 
(164 79 49) 
(164 81 34) 
(164 84 14) 
(164 85 35) 
(164 86 33) 
(164 87 27) 
(164 88 24) 
(164 90 28) 
(164 91 45) 
(164 92 8) 
(164 93 33) 
(164 95 20) 
(164 96 11) 
(164 97 30) 
(164 98 13) 
(164 100 41) 
(164 101 3) 
(164 102 39) 
(164 103 36) 
(164 104 6) 
(164 105 42) 
(164 106 18) 
(164 109 17) 
(164 110 2) 
(164 111 43) 
(164 112 47) 
(164 113 25) 
(164 114 22) 
(164 115 30) 
(164 116 20) 
(164 118 35) 
(164 119 25) 
(164 120 16) 
(164 121 21) 
(164 122 17) 
(164 123 24) 
(164 124 21) 
(164 125 17) 
(164 126 28) 
(164 127 7) 
(164 128 2) 
(164 129 2) 
(164 130 46) 
(164 131 49) 
(164 132 41) 
(164 133 46) 
(164 134 34) 
(164 135 39) 
(164 136 12) 
(164 138 29) 
(164 139 33) 
(164 140 2) 
(164 142 10) 
(164 143 15) 
(164 145 15) 
(164 146 40) 
(164 148 29) 
(164 150 9) 
(164 151 28) 
(164 152 24) 
(164 153 32) 
(164 154 3) 
(164 155 31) 
(164 156 37) 
(164 159 35) 
(164 160 1) 
(164 163 7) 
(164 165 48) 
(164 167 47) 
(164 168 27) 
(164 169 29) 
(164 172 47) 
(164 173 25) 
(164 174 3) 
(164 175 10) 
(164 178 30) 
(164 179 32) 
(164 180 24) 
(164 181 6) 
(164 182 33) 
(164 183 17) 
(164 184 44) 
(164 188 1) 
(164 190 48) 
(164 191 28) 
(164 192 15) 
(164 193 28) 
(164 194 22) 
(164 196 14) 
(164 197 37) 
(164 199 13) 
(165 1 8) 
(165 2 28) 
(165 3 49) 
(165 4 44) 
(165 5 23) 
(165 6 27) 
(165 7 32) 
(165 10 41) 
(165 11 35) 
(165 12 35) 
(165 14 18) 
(165 15 25) 
(165 16 21) 
(165 18 9) 
(165 19 29) 
(165 20 5) 
(165 21 17) 
(165 22 5) 
(165 23 18) 
(165 25 1) 
(165 27 40) 
(165 28 36) 
(165 29 27) 
(165 30 34) 
(165 31 7) 
(165 33 42) 
(165 34 50) 
(165 35 25) 
(165 36 38) 
(165 37 28) 
(165 38 32) 
(165 39 45) 
(165 40 2) 
(165 41 34) 
(165 42 33) 
(165 43 32) 
(165 44 41) 
(165 45 17) 
(165 46 10) 
(165 47 38) 
(165 48 26) 
(165 49 47) 
(165 50 31) 
(165 51 19) 
(165 53 1) 
(165 56 35) 
(165 59 16) 
(165 61 10) 
(165 63 17) 
(165 64 2) 
(165 65 2) 
(165 66 26) 
(165 67 34) 
(165 68 7) 
(165 69 36) 
(165 70 2) 
(165 71 6) 
(165 74 39) 
(165 75 40) 
(165 77 31) 
(165 78 13) 
(165 79 43) 
(165 80 36) 
(165 82 8) 
(165 87 12) 
(165 88 16) 
(165 91 16) 
(165 92 18) 
(165 93 7) 
(165 94 50) 
(165 95 37) 
(165 96 33) 
(165 98 43) 
(165 100 30) 
(165 101 19) 
(165 102 10) 
(165 103 15) 
(165 104 39) 
(165 105 10) 
(165 106 33) 
(165 108 7) 
(165 109 11) 
(165 110 32) 
(165 112 28) 
(165 113 31) 
(165 116 48) 
(165 117 20) 
(165 118 23) 
(165 119 24) 
(165 120 25) 
(165 121 13) 
(165 122 28) 
(165 123 27) 
(165 124 5) 
(165 125 42) 
(165 126 35) 
(165 127 31) 
(165 129 40) 
(165 130 4) 
(165 131 3) 
(165 132 9) 
(165 133 18) 
(165 134 6) 
(165 136 36) 
(165 137 47) 
(165 138 50) 
(165 139 6) 
(165 140 49) 
(165 141 33) 
(165 142 33) 
(165 143 36) 
(165 144 39) 
(165 145 40) 
(165 146 23) 
(165 148 11) 
(165 150 10) 
(165 153 45) 
(165 154 44) 
(165 156 2) 
(165 157 10) 
(165 158 49) 
(165 159 13) 
(165 160 18) 
(165 161 33) 
(165 162 36) 
(165 163 12) 
(165 164 16) 
(165 167 49) 
(165 168 30) 
(165 169 45) 
(165 170 36) 
(165 172 31) 
(165 173 46) 
(165 174 26) 
(165 177 35) 
(165 178 17) 
(165 179 6) 
(165 180 13) 
(165 181 50) 
(165 184 17) 
(165 186 12) 
(165 189 43) 
(165 190 14) 
(165 191 15) 
(165 192 19) 
(165 193 20) 
(165 194 23) 
(165 195 47) 
(165 196 7) 
(165 197 35) 
(165 198 47) 
(166 0 8) 
(166 1 44) 
(166 3 36) 
(166 5 18) 
(166 6 2) 
(166 7 14) 
(166 8 29) 
(166 9 16) 
(166 10 19) 
(166 11 29) 
(166 12 11) 
(166 13 16) 
(166 14 24) 
(166 16 5) 
(166 17 27) 
(166 18 32) 
(166 19 43) 
(166 20 37) 
(166 21 14) 
(166 22 28) 
(166 23 4) 
(166 24 31) 
(166 26 14) 
(166 27 25) 
(166 28 39) 
(166 30 46) 
(166 31 10) 
(166 32 29) 
(166 33 26) 
(166 34 40) 
(166 35 49) 
(166 36 3) 
(166 37 11) 
(166 38 3) 
(166 42 34) 
(166 43 30) 
(166 44 45) 
(166 45 44) 
(166 46 20) 
(166 47 1) 
(166 48 36) 
(166 49 28) 
(166 50 2) 
(166 51 11) 
(166 52 12) 
(166 53 14) 
(166 55 48) 
(166 56 41) 
(166 57 50) 
(166 59 5) 
(166 61 48) 
(166 64 24) 
(166 65 14) 
(166 67 25) 
(166 68 48) 
(166 69 18) 
(166 70 4) 
(166 71 29) 
(166 72 34) 
(166 73 15) 
(166 74 19) 
(166 75 14) 
(166 77 26) 
(166 78 21) 
(166 79 3) 
(166 80 17) 
(166 81 43) 
(166 83 48) 
(166 84 22) 
(166 85 20) 
(166 86 27) 
(166 87 48) 
(166 89 35) 
(166 90 16) 
(166 91 10) 
(166 92 6) 
(166 94 26) 
(166 96 22) 
(166 98 46) 
(166 99 38) 
(166 100 28) 
(166 101 12) 
(166 102 5) 
(166 104 21) 
(166 105 40) 
(166 106 29) 
(166 109 13) 
(166 110 28) 
(166 111 41) 
(166 113 31) 
(166 114 28) 
(166 116 24) 
(166 118 12) 
(166 119 26) 
(166 120 9) 
(166 121 19) 
(166 123 25) 
(166 124 17) 
(166 125 50) 
(166 126 8) 
(166 127 49) 
(166 129 18) 
(166 130 30) 
(166 132 7) 
(166 133 45) 
(166 134 37) 
(166 136 14) 
(166 138 31) 
(166 139 36) 
(166 140 21) 
(166 142 8) 
(166 143 23) 
(166 144 17) 
(166 146 40) 
(166 147 9) 
(166 148 36) 
(166 149 23) 
(166 150 12) 
(166 151 6) 
(166 152 39) 
(166 153 22) 
(166 154 48) 
(166 155 19) 
(166 156 34) 
(166 157 2) 
(166 158 28) 
(166 159 14) 
(166 160 23) 
(166 161 7) 
(166 162 27) 
(166 163 31) 
(166 164 45) 
(166 165 2) 
(166 167 26) 
(166 168 20) 
(166 169 15) 
(166 170 9) 
(166 171 29) 
(166 172 12) 
(166 173 39) 
(166 176 16) 
(166 177 47) 
(166 179 25) 
(166 180 47) 
(166 184 14) 
(166 185 35) 
(166 186 21) 
(166 187 45) 
(166 189 12) 
(166 190 25) 
(166 191 15) 
(166 192 22) 
(166 193 21) 
(166 194 18) 
(166 195 31) 
(166 197 7) 
(166 198 46) 
(166 199 15) 
(167 2 26) 
(167 3 35) 
(167 6 23) 
(167 7 17) 
(167 9 26) 
(167 11 25) 
(167 12 15) 
(167 13 36) 
(167 16 1) 
(167 17 40) 
(167 19 25) 
(167 20 35) 
(167 23 41) 
(167 24 28) 
(167 25 1) 
(167 26 28) 
(167 27 16) 
(167 28 34) 
(167 29 36) 
(167 34 46) 
(167 35 2) 
(167 38 1) 
(167 40 8) 
(167 41 48) 
(167 42 42) 
(167 43 35) 
(167 46 32) 
(167 47 30) 
(167 51 34) 
(167 53 7) 
(167 56 28) 
(167 57 28) 
(167 58 43) 
(167 59 16) 
(167 60 3) 
(167 61 39) 
(167 63 32) 
(167 64 38) 
(167 67 13) 
(167 68 50) 
(167 69 9) 
(167 70 20) 
(167 71 27) 
(167 72 36) 
(167 74 6) 
(167 78 1) 
(167 79 33) 
(167 80 37) 
(167 81 16) 
(167 82 18) 
(167 83 4) 
(167 84 45) 
(167 86 47) 
(167 87 1) 
(167 88 15) 
(167 89 1) 
(167 92 2) 
(167 93 40) 
(167 94 29) 
(167 95 34) 
(167 96 2) 
(167 97 20) 
(167 99 35) 
(167 100 41) 
(167 101 5) 
(167 102 29) 
(167 103 45) 
(167 104 24) 
(167 105 3) 
(167 106 24) 
(167 107 36) 
(167 108 3) 
(167 109 9) 
(167 111 22) 
(167 112 40) 
(167 113 47) 
(167 114 47) 
(167 117 28) 
(167 118 24) 
(167 120 29) 
(167 121 36) 
(167 123 35) 
(167 124 15) 
(167 126 44) 
(167 127 45) 
(167 128 30) 
(167 129 46) 
(167 131 17) 
(167 132 36) 
(167 133 11) 
(167 134 27) 
(167 135 37) 
(167 136 36) 
(167 137 32) 
(167 138 12) 
(167 139 9) 
(167 140 17) 
(167 141 1) 
(167 142 35) 
(167 143 30) 
(167 144 37) 
(167 149 4) 
(167 150 11) 
(167 151 24) 
(167 152 18) 
(167 153 33) 
(167 154 39) 
(167 155 46) 
(167 156 31) 
(167 157 9) 
(167 158 49) 
(167 159 7) 
(167 161 42) 
(167 162 6) 
(167 164 8) 
(167 166 47) 
(167 169 22) 
(167 170 15) 
(167 171 40) 
(167 172 17) 
(167 173 23) 
(167 174 6) 
(167 176 34) 
(167 178 6) 
(167 179 9) 
(167 180 37) 
(167 181 1) 
(167 182 16) 
(167 183 6) 
(167 184 24) 
(167 185 22) 
(167 186 35) 
(167 187 16) 
(167 188 46) 
(167 189 40) 
(167 191 49) 
(167 194 35) 
(167 198 41) 
(167 199 23) 
(168 2 21) 
(168 3 34) 
(168 4 25) 
(168 5 28) 
(168 7 32) 
(168 8 35) 
(168 9 12) 
(168 10 21) 
(168 11 43) 
(168 12 18) 
(168 14 47) 
(168 15 37) 
(168 16 1) 
(168 17 15) 
(168 18 13) 
(168 20 23) 
(168 21 48) 
(168 23 5) 
(168 24 1) 
(168 25 25) 
(168 26 4) 
(168 27 48) 
(168 28 47) 
(168 29 35) 
(168 30 24) 
(168 31 43) 
(168 32 12) 
(168 33 10) 
(168 36 43) 
(168 37 21) 
(168 38 37) 
(168 40 1) 
(168 42 3) 
(168 43 27) 
(168 44 36) 
(168 46 27) 
(168 48 23) 
(168 50 49) 
(168 51 18) 
(168 52 10) 
(168 53 37) 
(168 55 43) 
(168 56 33) 
(168 57 4) 
(168 58 14) 
(168 59 1) 
(168 60 34) 
(168 61 3) 
(168 62 47) 
(168 63 28) 
(168 64 44) 
(168 65 4) 
(168 67 1) 
(168 68 35) 
(168 70 29) 
(168 72 47) 
(168 73 32) 
(168 77 15) 
(168 79 6) 
(168 81 23) 
(168 84 18) 
(168 85 43) 
(168 86 23) 
(168 87 3) 
(168 88 27) 
(168 89 42) 
(168 90 39) 
(168 91 44) 
(168 92 2) 
(168 93 20) 
(168 94 21) 
(168 95 12) 
(168 98 35) 
(168 99 47) 
(168 100 44) 
(168 101 1) 
(168 102 21) 
(168 103 22) 
(168 104 19) 
(168 105 43) 
(168 106 36) 
(168 107 30) 
(168 108 45) 
(168 110 36) 
(168 111 15) 
(168 112 35) 
(168 113 29) 
(168 114 38) 
(168 115 18) 
(168 116 24) 
(168 117 2) 
(168 118 20) 
(168 121 50) 
(168 122 34) 
(168 123 27) 
(168 124 27) 
(168 125 13) 
(168 126 6) 
(168 127 42) 
(168 128 47) 
(168 129 37) 
(168 130 23) 
(168 131 31) 
(168 132 22) 
(168 133 8) 
(168 135 13) 
(168 136 41) 
(168 137 18) 
(168 138 19) 
(168 139 19) 
(168 140 11) 
(168 144 44) 
(168 146 25) 
(168 147 14) 
(168 149 26) 
(168 150 45) 
(168 152 1) 
(168 154 27) 
(168 156 15) 
(168 157 8) 
(168 159 48) 
(168 160 2) 
(168 162 45) 
(168 163 37) 
(168 164 9) 
(168 170 17) 
(168 171 13) 
(168 173 23) 
(168 175 25) 
(168 176 14) 
(168 177 37) 
(168 178 21) 
(168 179 2) 
(168 181 31) 
(168 183 44) 
(168 184 25) 
(168 186 5) 
(168 192 11) 
(168 193 10) 
(168 194 4) 
(168 195 25) 
(168 196 35) 
(168 197 33) 
(168 198 40) 
(168 199 19) 
(169 0 43) 
(169 1 16) 
(169 4 8) 
(169 5 44) 
(169 6 14) 
(169 7 38) 
(169 8 41) 
(169 9 25) 
(169 10 18) 
(169 12 2) 
(169 13 8) 
(169 14 41) 
(169 15 39) 
(169 16 18) 
(169 17 18) 
(169 18 1) 
(169 19 18) 
(169 21 24) 
(169 22 17) 
(169 23 31) 
(169 25 22) 
(169 26 49) 
(169 27 50) 
(169 28 22) 
(169 29 38) 
(169 30 24) 
(169 31 26) 
(169 32 3) 
(169 34 35) 
(169 37 11) 
(169 38 41) 
(169 39 23) 
(169 40 33) 
(169 41 44) 
(169 43 18) 
(169 44 11) 
(169 46 45) 
(169 47 2) 
(169 48 4) 
(169 49 23) 
(169 50 32) 
(169 51 50) 
(169 53 40) 
(169 55 17) 
(169 56 2) 
(169 57 5) 
(169 58 47) 
(169 60 2) 
(169 61 48) 
(169 62 43) 
(169 64 23) 
(169 65 24) 
(169 66 2) 
(169 67 25) 
(169 70 9) 
(169 71 43) 
(169 72 39) 
(169 73 5) 
(169 74 23) 
(169 75 17) 
(169 76 28) 
(169 77 14) 
(169 78 26) 
(169 79 33) 
(169 80 44) 
(169 81 49) 
(169 82 49) 
(169 83 8) 
(169 84 50) 
(169 86 16) 
(169 87 25) 
(169 89 17) 
(169 90 20) 
(169 91 23) 
(169 93 33) 
(169 95 38) 
(169 97 36) 
(169 98 25) 
(169 100 39) 
(169 101 20) 
(169 102 29) 
(169 104 31) 
(169 105 10) 
(169 106 1) 
(169 107 22) 
(169 109 19) 
(169 110 46) 
(169 111 23) 
(169 113 16) 
(169 115 23) 
(169 116 21) 
(169 117 44) 
(169 119 41) 
(169 120 2) 
(169 121 49) 
(169 122 48) 
(169 123 13) 
(169 124 23) 
(169 126 21) 
(169 127 15) 
(169 128 29) 
(169 129 25) 
(169 130 42) 
(169 131 50) 
(169 132 18) 
(169 133 37) 
(169 136 47) 
(169 137 13) 
(169 138 20) 
(169 139 42) 
(169 140 36) 
(169 141 47) 
(169 142 32) 
(169 143 31) 
(169 146 20) 
(169 148 41) 
(169 149 32) 
(169 150 18) 
(169 151 34) 
(169 152 13) 
(169 153 31) 
(169 154 46) 
(169 155 25) 
(169 157 19) 
(169 158 35) 
(169 159 1) 
(169 160 42) 
(169 161 5) 
(169 162 38) 
(169 163 11) 
(169 164 21) 
(169 165 40) 
(169 168 44) 
(169 170 4) 
(169 171 33) 
(169 172 4) 
(169 173 6) 
(169 174 44) 
(169 177 19) 
(169 178 38) 
(169 180 37) 
(169 182 48) 
(169 183 15) 
(169 184 47) 
(169 185 4) 
(169 186 14) 
(169 187 42) 
(169 188 21) 
(169 189 15) 
(169 190 21) 
(169 192 32) 
(169 194 49) 
(169 195 22) 
(169 196 50) 
(169 199 25) 
(170 0 9) 
(170 2 8) 
(170 4 46) 
(170 5 11) 
(170 6 48) 
(170 7 39) 
(170 8 6) 
(170 9 46) 
(170 10 31) 
(170 11 31) 
(170 12 23) 
(170 13 23) 
(170 14 47) 
(170 15 38) 
(170 16 6) 
(170 17 26) 
(170 18 26) 
(170 19 47) 
(170 22 41) 
(170 23 19) 
(170 24 25) 
(170 25 15) 
(170 29 20) 
(170 32 24) 
(170 33 13) 
(170 34 39) 
(170 36 48) 
(170 37 3) 
(170 38 11) 
(170 39 45) 
(170 40 18) 
(170 41 24) 
(170 42 24) 
(170 43 50) 
(170 44 25) 
(170 45 27) 
(170 46 24) 
(170 47 29) 
(170 48 12) 
(170 49 25) 
(170 50 28) 
(170 51 22) 
(170 52 41) 
(170 53 37) 
(170 54 39) 
(170 55 38) 
(170 57 17) 
(170 59 14) 
(170 60 27) 
(170 62 37) 
(170 63 6) 
(170 64 45) 
(170 65 16) 
(170 66 30) 
(170 67 23) 
(170 68 43) 
(170 69 8) 
(170 70 35) 
(170 71 47) 
(170 72 26) 
(170 74 41) 
(170 75 21) 
(170 76 48) 
(170 78 26) 
(170 80 37) 
(170 81 6) 
(170 83 28) 
(170 84 11) 
(170 85 6) 
(170 87 14) 
(170 88 12) 
(170 89 5) 
(170 90 3) 
(170 92 2) 
(170 93 23) 
(170 95 44) 
(170 96 25) 
(170 97 49) 
(170 98 14) 
(170 99 4) 
(170 102 42) 
(170 104 15) 
(170 105 1) 
(170 107 40) 
(170 108 26) 
(170 109 16) 
(170 110 46) 
(170 111 47) 
(170 112 25) 
(170 113 14) 
(170 115 15) 
(170 117 28) 
(170 118 1) 
(170 119 2) 
(170 120 44) 
(170 122 12) 
(170 123 3) 
(170 125 10) 
(170 126 45) 
(170 127 2) 
(170 128 18) 
(170 129 11) 
(170 131 40) 
(170 132 15) 
(170 133 43) 
(170 134 31) 
(170 135 46) 
(170 138 41) 
(170 140 20) 
(170 141 37) 
(170 142 39) 
(170 143 22) 
(170 144 3) 
(170 145 19) 
(170 146 36) 
(170 147 42) 
(170 148 45) 
(170 149 38) 
(170 150 36) 
(170 152 42) 
(170 153 27) 
(170 155 14) 
(170 156 40) 
(170 157 32) 
(170 158 46) 
(170 159 40) 
(170 160 33) 
(170 162 3) 
(170 163 39) 
(170 164 17) 
(170 165 47) 
(170 166 20) 
(170 167 14) 
(170 169 49) 
(170 175 49) 
(170 176 48) 
(170 177 46) 
(170 178 26) 
(170 179 25) 
(170 180 4) 
(170 182 36) 
(170 183 28) 
(170 184 19) 
(170 186 40) 
(170 187 49) 
(170 188 39) 
(170 189 35) 
(170 190 34) 
(170 191 41) 
(170 192 50) 
(170 194 43) 
(170 195 44) 
(170 196 26) 
(170 197 25) 
(171 0 15) 
(171 1 40) 
(171 2 35) 
(171 3 21) 
(171 4 26) 
(171 5 14) 
(171 7 31) 
(171 8 9) 
(171 9 27) 
(171 10 47) 
(171 11 41) 
(171 12 11) 
(171 13 36) 
(171 14 15) 
(171 16 37) 
(171 17 45) 
(171 18 27) 
(171 20 49) 
(171 22 38) 
(171 23 39) 
(171 24 15) 
(171 26 44) 
(171 27 30) 
(171 28 6) 
(171 29 39) 
(171 30 17) 
(171 33 31) 
(171 34 41) 
(171 35 33) 
(171 36 3) 
(171 37 17) 
(171 38 46) 
(171 39 3) 
(171 41 19) 
(171 42 48) 
(171 43 44) 
(171 45 34) 
(171 47 16) 
(171 48 27) 
(171 49 41) 
(171 50 27) 
(171 51 3) 
(171 52 44) 
(171 53 22) 
(171 54 16) 
(171 56 6) 
(171 57 35) 
(171 58 42) 
(171 59 31) 
(171 60 3) 
(171 61 13) 
(171 64 19) 
(171 66 20) 
(171 67 1) 
(171 68 11) 
(171 69 31) 
(171 71 19) 
(171 73 17) 
(171 74 5) 
(171 75 28) 
(171 76 6) 
(171 77 24) 
(171 78 18) 
(171 79 29) 
(171 80 32) 
(171 81 25) 
(171 82 27) 
(171 83 21) 
(171 84 47) 
(171 87 4) 
(171 88 45) 
(171 89 46) 
(171 90 31) 
(171 91 37) 
(171 93 20) 
(171 94 21) 
(171 95 17) 
(171 96 38) 
(171 99 21) 
(171 101 37) 
(171 105 5) 
(171 107 23) 
(171 108 4) 
(171 110 49) 
(171 111 43) 
(171 112 25) 
(171 113 10) 
(171 114 25) 
(171 115 14) 
(171 116 38) 
(171 117 16) 
(171 118 40) 
(171 119 39) 
(171 121 37) 
(171 122 35) 
(171 123 35) 
(171 124 50) 
(171 126 19) 
(171 127 11) 
(171 129 41) 
(171 130 20) 
(171 131 10) 
(171 132 8) 
(171 136 35) 
(171 137 47) 
(171 138 14) 
(171 139 47) 
(171 140 21) 
(171 141 18) 
(171 142 12) 
(171 145 17) 
(171 148 31) 
(171 150 16) 
(171 151 2) 
(171 152 11) 
(171 153 11) 
(171 154 26) 
(171 155 42) 
(171 157 35) 
(171 158 7) 
(171 159 38) 
(171 160 13) 
(171 161 37) 
(171 162 9) 
(171 164 23) 
(171 165 9) 
(171 168 50) 
(171 169 14) 
(171 170 32) 
(171 172 16) 
(171 173 40) 
(171 176 22) 
(171 177 31) 
(171 178 7) 
(171 179 20) 
(171 180 39) 
(171 181 21) 
(171 183 7) 
(171 184 49) 
(171 185 25) 
(171 186 24) 
(171 187 45) 
(171 188 23) 
(171 189 3) 
(171 190 39) 
(171 192 35) 
(171 193 19) 
(171 194 49) 
(171 195 31) 
(171 196 34) 
(171 197 47) 
(171 198 49) 
(171 199 39) 
(172 0 12) 
(172 1 16) 
(172 2 22) 
(172 4 19) 
(172 5 29) 
(172 6 48) 
(172 7 11) 
(172 8 1) 
(172 9 2) 
(172 10 41) 
(172 12 40) 
(172 13 12) 
(172 14 6) 
(172 15 1) 
(172 16 31) 
(172 18 50) 
(172 21 18) 
(172 23 12) 
(172 24 28) 
(172 26 42) 
(172 28 29) 
(172 29 49) 
(172 30 20) 
(172 33 2) 
(172 34 6) 
(172 35 10) 
(172 37 16) 
(172 40 32) 
(172 41 8) 
(172 42 33) 
(172 43 7) 
(172 44 13) 
(172 45 46) 
(172 46 45) 
(172 47 18) 
(172 48 16) 
(172 50 25) 
(172 51 49) 
(172 53 28) 
(172 54 14) 
(172 55 29) 
(172 58 35) 
(172 59 12) 
(172 60 36) 
(172 61 25) 
(172 62 30) 
(172 64 38) 
(172 65 10) 
(172 67 22) 
(172 69 50) 
(172 70 38) 
(172 71 50) 
(172 73 30) 
(172 75 44) 
(172 76 9) 
(172 77 30) 
(172 78 35) 
(172 82 41) 
(172 83 30) 
(172 84 20) 
(172 85 20) 
(172 86 26) 
(172 88 46) 
(172 89 43) 
(172 92 27) 
(172 93 3) 
(172 94 34) 
(172 95 18) 
(172 97 24) 
(172 98 3) 
(172 99 24) 
(172 100 31) 
(172 101 29) 
(172 102 34) 
(172 104 38) 
(172 106 46) 
(172 107 42) 
(172 108 47) 
(172 110 16) 
(172 112 3) 
(172 113 22) 
(172 114 6) 
(172 116 50) 
(172 117 13) 
(172 118 5) 
(172 120 16) 
(172 122 28) 
(172 123 45) 
(172 124 34) 
(172 125 14) 
(172 127 23) 
(172 128 48) 
(172 130 3) 
(172 132 27) 
(172 133 50) 
(172 134 16) 
(172 135 10) 
(172 137 43) 
(172 138 10) 
(172 140 17) 
(172 142 18) 
(172 144 9) 
(172 145 38) 
(172 146 36) 
(172 147 25) 
(172 149 14) 
(172 151 32) 
(172 152 35) 
(172 153 25) 
(172 154 19) 
(172 155 5) 
(172 156 7) 
(172 157 11) 
(172 158 50) 
(172 159 2) 
(172 160 27) 
(172 162 11) 
(172 165 28) 
(172 166 31) 
(172 167 30) 
(172 168 20) 
(172 169 2) 
(172 170 27) 
(172 171 23) 
(172 173 32) 
(172 174 29) 
(172 175 16) 
(172 177 41) 
(172 178 47) 
(172 179 31) 
(172 180 33) 
(172 182 31) 
(172 183 48) 
(172 184 15) 
(172 185 39) 
(172 186 37) 
(172 187 43) 
(172 188 42) 
(172 190 15) 
(172 191 30) 
(172 192 44) 
(172 195 36) 
(172 196 14) 
(172 197 9) 
(172 198 16) 
(172 199 1) 
(173 0 33) 
(173 1 4) 
(173 2 22) 
(173 3 19) 
(173 5 33) 
(173 7 37) 
(173 8 43) 
(173 9 23) 
(173 10 4) 
(173 11 32) 
(173 13 2) 
(173 14 36) 
(173 15 39) 
(173 18 2) 
(173 22 41) 
(173 23 11) 
(173 25 3) 
(173 26 19) 
(173 27 3) 
(173 30 36) 
(173 31 33) 
(173 33 7) 
(173 35 13) 
(173 36 33) 
(173 37 12) 
(173 38 35) 
(173 39 30) 
(173 42 17) 
(173 43 49) 
(173 45 5) 
(173 46 43) 
(173 48 41) 
(173 49 14) 
(173 50 28) 
(173 51 20) 
(173 52 24) 
(173 53 23) 
(173 54 41) 
(173 55 40) 
(173 56 45) 
(173 58 33) 
(173 59 33) 
(173 60 9) 
(173 61 23) 
(173 62 44) 
(173 63 14) 
(173 64 17) 
(173 66 31) 
(173 67 48) 
(173 68 4) 
(173 71 30) 
(173 72 38) 
(173 74 13) 
(173 75 31) 
(173 77 40) 
(173 78 47) 
(173 80 11) 
(173 81 16) 
(173 82 31) 
(173 83 30) 
(173 84 36) 
(173 85 33) 
(173 86 32) 
(173 87 17) 
(173 88 15) 
(173 89 31) 
(173 90 20) 
(173 93 37) 
(173 94 39) 
(173 97 30) 
(173 98 11) 
(173 99 7) 
(173 100 8) 
(173 101 42) 
(173 102 32) 
(173 104 21) 
(173 106 6) 
(173 107 50) 
(173 108 18) 
(173 109 19) 
(173 110 48) 
(173 111 10) 
(173 113 33) 
(173 114 49) 
(173 115 7) 
(173 116 17) 
(173 117 5) 
(173 118 46) 
(173 119 18) 
(173 121 27) 
(173 122 12) 
(173 124 4) 
(173 125 29) 
(173 126 42) 
(173 127 27) 
(173 128 14) 
(173 130 29) 
(173 131 4) 
(173 133 37) 
(173 134 32) 
(173 135 7) 
(173 136 33) 
(173 139 41) 
(173 140 8) 
(173 141 34) 
(173 142 35) 
(173 144 19) 
(173 145 40) 
(173 146 10) 
(173 147 15) 
(173 152 43) 
(173 153 50) 
(173 154 5) 
(173 155 36) 
(173 156 15) 
(173 158 46) 
(173 159 26) 
(173 160 24) 
(173 161 42) 
(173 162 19) 
(173 163 42) 
(173 164 6) 
(173 165 47) 
(173 170 5) 
(173 172 38) 
(173 174 5) 
(173 175 6) 
(173 176 45) 
(173 177 18) 
(173 178 43) 
(173 179 11) 
(173 180 38) 
(173 181 33) 
(173 182 22) 
(173 183 29) 
(173 184 45) 
(173 186 8) 
(173 188 22) 
(173 189 17) 
(173 190 21) 
(173 191 50) 
(173 194 4) 
(173 196 27) 
(173 197 16) 
(173 198 32) 
(173 199 24) 
(174 1 24) 
(174 2 30) 
(174 3 22) 
(174 4 7) 
(174 5 31) 
(174 7 45) 
(174 9 27) 
(174 10 2) 
(174 13 26) 
(174 14 41) 
(174 15 29) 
(174 17 9) 
(174 18 20) 
(174 19 7) 
(174 21 1) 
(174 22 9) 
(174 24 7) 
(174 25 27) 
(174 26 40) 
(174 27 1) 
(174 28 2) 
(174 29 50) 
(174 30 6) 
(174 31 5) 
(174 32 4) 
(174 33 23) 
(174 35 20) 
(174 37 6) 
(174 38 13) 
(174 39 37) 
(174 40 43) 
(174 42 45) 
(174 44 30) 
(174 46 21) 
(174 50 13) 
(174 51 12) 
(174 52 29) 
(174 54 47) 
(174 58 28) 
(174 60 14) 
(174 61 39) 
(174 62 8) 
(174 63 6) 
(174 64 46) 
(174 65 26) 
(174 66 48) 
(174 67 14) 
(174 69 9) 
(174 71 27) 
(174 72 34) 
(174 74 45) 
(174 76 46) 
(174 80 13) 
(174 81 24) 
(174 82 29) 
(174 83 43) 
(174 85 24) 
(174 87 13) 
(174 89 11) 
(174 90 20) 
(174 91 32) 
(174 92 44) 
(174 93 45) 
(174 95 14) 
(174 96 23) 
(174 98 23) 
(174 99 38) 
(174 100 39) 
(174 101 35) 
(174 103 33) 
(174 104 49) 
(174 107 7) 
(174 108 43) 
(174 109 28) 
(174 110 19) 
(174 112 47) 
(174 114 15) 
(174 116 6) 
(174 118 31) 
(174 119 17) 
(174 120 4) 
(174 121 28) 
(174 122 18) 
(174 123 43) 
(174 124 12) 
(174 126 36) 
(174 127 38) 
(174 128 43) 
(174 129 34) 
(174 130 47) 
(174 131 16) 
(174 132 18) 
(174 133 38) 
(174 134 26) 
(174 135 34) 
(174 136 48) 
(174 137 6) 
(174 138 13) 
(174 139 10) 
(174 140 6) 
(174 142 1) 
(174 143 15) 
(174 144 5) 
(174 145 4) 
(174 147 47) 
(174 148 33) 
(174 149 20) 
(174 150 19) 
(174 151 49) 
(174 152 43) 
(174 153 9) 
(174 154 7) 
(174 156 40) 
(174 158 12) 
(174 159 36) 
(174 160 50) 
(174 161 11) 
(174 162 30) 
(174 163 41) 
(174 164 11) 
(174 165 33) 
(174 166 28) 
(174 167 40) 
(174 168 34) 
(174 169 25) 
(174 170 38) 
(174 171 10) 
(174 173 36) 
(174 175 38) 
(174 176 37) 
(174 177 34) 
(174 178 2) 
(174 179 15) 
(174 180 31) 
(174 181 39) 
(174 182 24) 
(174 183 41) 
(174 184 38) 
(174 185 30) 
(174 186 2) 
(174 187 10) 
(174 188 35) 
(174 191 30) 
(174 192 21) 
(174 194 15) 
(174 195 14) 
(174 196 7) 
(174 197 37) 
(174 198 17) 
(174 199 13) 
(175 0 27) 
(175 1 47) 
(175 2 21) 
(175 4 30) 
(175 5 33) 
(175 7 29) 
(175 8 46) 
(175 9 19) 
(175 11 10) 
(175 12 18) 
(175 14 38) 
(175 15 11) 
(175 16 23) 
(175 17 36) 
(175 18 6) 
(175 19 47) 
(175 20 14) 
(175 21 14) 
(175 22 45) 
(175 23 34) 
(175 24 15) 
(175 25 1) 
(175 26 8) 
(175 28 26) 
(175 29 37) 
(175 30 2) 
(175 31 42) 
(175 32 11) 
(175 34 8) 
(175 35 2) 
(175 36 19) 
(175 37 5) 
(175 38 8) 
(175 39 18) 
(175 40 21) 
(175 41 28) 
(175 42 14) 
(175 43 49) 
(175 44 30) 
(175 45 47) 
(175 48 11) 
(175 49 50) 
(175 50 43) 
(175 51 39) 
(175 52 5) 
(175 53 1) 
(175 55 13) 
(175 56 6) 
(175 57 40) 
(175 58 20) 
(175 59 16) 
(175 61 29) 
(175 62 12) 
(175 64 28) 
(175 66 17) 
(175 67 11) 
(175 68 39) 
(175 69 7) 
(175 70 19) 
(175 72 9) 
(175 73 49) 
(175 74 2) 
(175 75 30) 
(175 76 14) 
(175 77 25) 
(175 78 3) 
(175 79 38) 
(175 80 40) 
(175 81 9) 
(175 82 29) 
(175 83 29) 
(175 84 7) 
(175 85 1) 
(175 88 3) 
(175 89 49) 
(175 90 6) 
(175 91 11) 
(175 92 6) 
(175 93 19) 
(175 94 23) 
(175 95 17) 
(175 96 46) 
(175 97 19) 
(175 98 25) 
(175 99 19) 
(175 100 9) 
(175 101 7) 
(175 102 26) 
(175 104 39) 
(175 106 39) 
(175 107 14) 
(175 109 44) 
(175 110 36) 
(175 111 28) 
(175 112 43) 
(175 113 33) 
(175 114 13) 
(175 115 4) 
(175 116 46) 
(175 117 11) 
(175 118 34) 
(175 119 44) 
(175 121 6) 
(175 122 3) 
(175 123 26) 
(175 124 10) 
(175 125 10) 
(175 126 4) 
(175 127 28) 
(175 129 20) 
(175 130 36) 
(175 131 27) 
(175 132 20) 
(175 133 49) 
(175 134 29) 
(175 136 43) 
(175 137 28) 
(175 138 46) 
(175 139 9) 
(175 144 15) 
(175 145 18) 
(175 147 27) 
(175 148 16) 
(175 149 50) 
(175 151 31) 
(175 152 40) 
(175 154 33) 
(175 155 9) 
(175 156 32) 
(175 157 13) 
(175 158 30) 
(175 159 21) 
(175 160 13) 
(175 161 47) 
(175 162 21) 
(175 163 47) 
(175 164 39) 
(175 165 45) 
(175 166 13) 
(175 167 21) 
(175 168 34) 
(175 169 46) 
(175 170 32) 
(175 171 5) 
(175 172 27) 
(175 173 19) 
(175 174 45) 
(175 176 12) 
(175 177 4) 
(175 179 37) 
(175 181 14) 
(175 182 25) 
(175 183 34) 
(175 184 8) 
(175 185 47) 
(175 186 43) 
(175 188 3) 
(175 189 47) 
(175 190 25) 
(175 191 45) 
(175 192 41) 
(175 193 48) 
(175 195 25) 
(175 196 43) 
(175 197 15) 
(175 198 23) 
(176 0 3) 
(176 4 2) 
(176 5 2) 
(176 8 19) 
(176 9 13) 
(176 10 17) 
(176 11 8) 
(176 14 29) 
(176 15 26) 
(176 16 37) 
(176 18 22) 
(176 19 38) 
(176 20 35) 
(176 21 42) 
(176 22 10) 
(176 24 17) 
(176 25 38) 
(176 26 50) 
(176 27 29) 
(176 28 25) 
(176 30 16) 
(176 31 38) 
(176 33 3) 
(176 34 32) 
(176 35 15) 
(176 36 4) 
(176 39 25) 
(176 40 47) 
(176 41 28) 
(176 42 3) 
(176 43 1) 
(176 44 28) 
(176 45 13) 
(176 47 15) 
(176 49 21) 
(176 50 36) 
(176 51 16) 
(176 52 26) 
(176 53 29) 
(176 54 39) 
(176 55 46) 
(176 57 5) 
(176 58 3) 
(176 59 41) 
(176 60 28) 
(176 61 49) 
(176 62 19) 
(176 64 41) 
(176 65 11) 
(176 66 4) 
(176 67 30) 
(176 68 8) 
(176 70 50) 
(176 72 49) 
(176 74 31) 
(176 75 48) 
(176 76 2) 
(176 81 14) 
(176 82 14) 
(176 83 45) 
(176 84 22) 
(176 86 6) 
(176 88 4) 
(176 89 1) 
(176 90 31) 
(176 91 40) 
(176 93 41) 
(176 94 3) 
(176 95 41) 
(176 98 24) 
(176 99 2) 
(176 100 49) 
(176 101 14) 
(176 102 8) 
(176 103 23) 
(176 104 6) 
(176 106 13) 
(176 107 18) 
(176 109 34) 
(176 110 44) 
(176 113 36) 
(176 114 50) 
(176 115 20) 
(176 118 46) 
(176 119 35) 
(176 120 22) 
(176 121 44) 
(176 122 6) 
(176 124 37) 
(176 125 2) 
(176 126 49) 
(176 127 26) 
(176 128 31) 
(176 129 33) 
(176 130 21) 
(176 131 39) 
(176 132 48) 
(176 133 24) 
(176 135 45) 
(176 136 29) 
(176 137 5) 
(176 138 11) 
(176 140 38) 
(176 141 8) 
(176 142 12) 
(176 144 12) 
(176 145 48) 
(176 146 11) 
(176 147 5) 
(176 148 45) 
(176 150 50) 
(176 151 24) 
(176 153 24) 
(176 154 6) 
(176 155 26) 
(176 157 50) 
(176 158 14) 
(176 160 2) 
(176 161 36) 
(176 163 15) 
(176 164 17) 
(176 166 9) 
(176 167 17) 
(176 168 3) 
(176 169 27) 
(176 170 23) 
(176 171 12) 
(176 172 11) 
(176 173 8) 
(176 174 50) 
(176 177 36) 
(176 178 37) 
(176 179 14) 
(176 181 6) 
(176 182 3) 
(176 183 2) 
(176 184 48) 
(176 185 50) 
(176 186 25) 
(176 188 44) 
(176 189 32) 
(176 190 18) 
(176 192 18) 
(176 193 13) 
(176 194 22) 
(176 195 3) 
(176 196 25) 
(176 197 29) 
(176 198 26) 
(176 199 20) 
(177 1 1) 
(177 2 45) 
(177 4 18) 
(177 5 34) 
(177 6 2) 
(177 8 26) 
(177 9 50) 
(177 10 14) 
(177 11 31) 
(177 12 15) 
(177 13 9) 
(177 14 18) 
(177 16 1) 
(177 17 17) 
(177 18 31) 
(177 19 30) 
(177 20 9) 
(177 21 2) 
(177 23 13) 
(177 24 5) 
(177 25 19) 
(177 26 29) 
(177 29 4) 
(177 30 43) 
(177 31 31) 
(177 32 5) 
(177 34 36) 
(177 35 6) 
(177 37 23) 
(177 38 47) 
(177 39 31) 
(177 40 24) 
(177 45 2) 
(177 46 38) 
(177 47 23) 
(177 48 45) 
(177 49 49) 
(177 51 49) 
(177 52 42) 
(177 53 14) 
(177 54 43) 
(177 55 22) 
(177 56 34) 
(177 59 18) 
(177 60 29) 
(177 61 14) 
(177 65 45) 
(177 66 9) 
(177 67 33) 
(177 68 42) 
(177 69 45) 
(177 70 48) 
(177 71 8) 
(177 72 7) 
(177 73 8) 
(177 74 38) 
(177 75 19) 
(177 76 4) 
(177 77 34) 
(177 78 9) 
(177 79 10) 
(177 80 11) 
(177 81 22) 
(177 82 29) 
(177 83 10) 
(177 84 28) 
(177 85 45) 
(177 86 30) 
(177 89 39) 
(177 90 15) 
(177 91 4) 
(177 92 42) 
(177 93 8) 
(177 94 39) 
(177 95 8) 
(177 96 33) 
(177 97 18) 
(177 98 37) 
(177 99 26) 
(177 100 49) 
(177 101 48) 
(177 102 40) 
(177 103 23) 
(177 104 8) 
(177 105 13) 
(177 106 42) 
(177 107 37) 
(177 108 37) 
(177 110 20) 
(177 111 47) 
(177 112 31) 
(177 113 11) 
(177 114 29) 
(177 115 26) 
(177 116 3) 
(177 117 34) 
(177 118 10) 
(177 119 6) 
(177 121 38) 
(177 122 42) 
(177 123 25) 
(177 124 43) 
(177 125 45) 
(177 126 19) 
(177 127 6) 
(177 128 48) 
(177 129 46) 
(177 130 44) 
(177 131 37) 
(177 132 50) 
(177 133 29) 
(177 134 2) 
(177 135 21) 
(177 136 23) 
(177 137 49) 
(177 138 27) 
(177 139 1) 
(177 140 34) 
(177 141 24) 
(177 144 42) 
(177 145 24) 
(177 146 14) 
(177 148 19) 
(177 149 34) 
(177 150 19) 
(177 151 49) 
(177 152 25) 
(177 153 3) 
(177 154 16) 
(177 156 14) 
(177 157 27) 
(177 158 43) 
(177 159 47) 
(177 160 36) 
(177 161 9) 
(177 162 8) 
(177 163 34) 
(177 164 39) 
(177 167 9) 
(177 168 2) 
(177 169 50) 
(177 170 29) 
(177 171 5) 
(177 172 42) 
(177 173 45) 
(177 174 20) 
(177 179 16) 
(177 180 39) 
(177 181 48) 
(177 182 17) 
(177 183 15) 
(177 184 43) 
(177 185 49) 
(177 186 24) 
(177 187 34) 
(177 188 19) 
(177 189 47) 
(177 190 38) 
(177 191 5) 
(177 192 34) 
(177 194 7) 
(177 195 6) 
(177 196 33) 
(177 198 30) 
(177 199 27) 
(178 0 30) 
(178 1 21) 
(178 3 47) 
(178 4 26) 
(178 5 9) 
(178 6 30) 
(178 7 10) 
(178 8 1) 
(178 10 8) 
(178 11 25) 
(178 12 39) 
(178 13 43) 
(178 14 21) 
(178 15 37) 
(178 16 29) 
(178 17 29) 
(178 19 13) 
(178 21 29) 
(178 22 22) 
(178 23 21) 
(178 24 36) 
(178 27 9) 
(178 28 29) 
(178 29 19) 
(178 31 8) 
(178 32 16) 
(178 33 11) 
(178 34 10) 
(178 35 42) 
(178 36 36) 
(178 37 10) 
(178 38 10) 
(178 39 41) 
(178 40 22) 
(178 41 22) 
(178 42 28) 
(178 43 23) 
(178 44 43) 
(178 45 19) 
(178 46 8) 
(178 47 30) 
(178 48 2) 
(178 49 45) 
(178 50 33) 
(178 51 38) 
(178 53 22) 
(178 54 50) 
(178 55 8) 
(178 57 10) 
(178 59 22) 
(178 61 38) 
(178 62 46) 
(178 63 25) 
(178 64 25) 
(178 65 1) 
(178 66 13) 
(178 68 23) 
(178 69 6) 
(178 71 25) 
(178 72 17) 
(178 73 33) 
(178 74 18) 
(178 75 20) 
(178 78 34) 
(178 79 22) 
(178 80 34) 
(178 81 1) 
(178 82 6) 
(178 83 4) 
(178 86 1) 
(178 87 2) 
(178 88 15) 
(178 89 29) 
(178 91 19) 
(178 92 31) 
(178 93 19) 
(178 94 15) 
(178 95 27) 
(178 96 35) 
(178 97 27) 
(178 98 44) 
(178 100 37) 
(178 102 7) 
(178 104 30) 
(178 105 17) 
(178 106 3) 
(178 107 40) 
(178 108 15) 
(178 109 32) 
(178 110 21) 
(178 111 25) 
(178 112 45) 
(178 113 47) 
(178 114 5) 
(178 115 12) 
(178 116 40) 
(178 117 25) 
(178 119 11) 
(178 120 37) 
(178 121 5) 
(178 122 30) 
(178 123 38) 
(178 124 33) 
(178 125 1) 
(178 126 26) 
(178 127 23) 
(178 128 40) 
(178 129 7) 
(178 130 28) 
(178 131 19) 
(178 132 19) 
(178 133 21) 
(178 134 50) 
(178 136 30) 
(178 137 26) 
(178 138 33) 
(178 141 39) 
(178 142 45) 
(178 145 45) 
(178 146 33) 
(178 147 22) 
(178 150 13) 
(178 151 29) 
(178 152 47) 
(178 153 24) 
(178 154 16) 
(178 155 3) 
(178 156 41) 
(178 158 35) 
(178 159 48) 
(178 160 44) 
(178 161 2) 
(178 162 14) 
(178 163 15) 
(178 164 4) 
(178 165 5) 
(178 166 7) 
(178 167 43) 
(178 168 19) 
(178 170 34) 
(178 172 7) 
(178 173 26) 
(178 175 37) 
(178 176 32) 
(178 177 20) 
(178 180 25) 
(178 181 27) 
(178 182 38) 
(178 183 19) 
(178 184 47) 
(178 185 15) 
(178 186 21) 
(178 187 39) 
(178 188 9) 
(178 189 33) 
(178 190 8) 
(178 191 39) 
(178 192 28) 
(178 193 45) 
(178 194 23) 
(178 195 1) 
(178 196 14) 
(178 197 8) 
(178 199 47) 
(179 1 45) 
(179 2 40) 
(179 3 15) 
(179 4 47) 
(179 5 8) 
(179 6 38) 
(179 7 36) 
(179 8 29) 
(179 9 47) 
(179 10 48) 
(179 11 28) 
(179 12 25) 
(179 13 45) 
(179 14 31) 
(179 15 2) 
(179 17 3) 
(179 18 4) 
(179 19 42) 
(179 22 20) 
(179 23 43) 
(179 24 24) 
(179 25 2) 
(179 26 10) 
(179 27 13) 
(179 28 29) 
(179 30 41) 
(179 32 19) 
(179 33 31) 
(179 34 22) 
(179 35 14) 
(179 36 40) 
(179 37 31) 
(179 38 46) 
(179 39 7) 
(179 42 16) 
(179 43 1) 
(179 49 37) 
(179 50 10) 
(179 51 31) 
(179 52 17) 
(179 53 16) 
(179 54 12) 
(179 55 32) 
(179 59 45) 
(179 61 10) 
(179 62 43) 
(179 63 44) 
(179 66 10) 
(179 67 48) 
(179 68 44) 
(179 69 7) 
(179 70 42) 
(179 71 49) 
(179 72 41) 
(179 73 22) 
(179 74 10) 
(179 75 8) 
(179 76 13) 
(179 77 4) 
(179 78 40) 
(179 80 33) 
(179 81 46) 
(179 82 20) 
(179 83 13) 
(179 84 34) 
(179 85 19) 
(179 86 34) 
(179 87 21) 
(179 88 32) 
(179 89 39) 
(179 90 27) 
(179 91 28) 
(179 92 36) 
(179 94 41) 
(179 95 3) 
(179 96 15) 
(179 97 11) 
(179 99 24) 
(179 100 27) 
(179 101 16) 
(179 102 15) 
(179 104 1) 
(179 105 44) 
(179 106 45) 
(179 107 36) 
(179 108 14) 
(179 109 39) 
(179 110 36) 
(179 111 41) 
(179 112 39) 
(179 113 25) 
(179 114 8) 
(179 115 40) 
(179 116 27) 
(179 117 9) 
(179 118 36) 
(179 119 7) 
(179 121 50) 
(179 122 47) 
(179 123 36) 
(179 124 31) 
(179 125 28) 
(179 126 11) 
(179 129 21) 
(179 132 47) 
(179 133 25) 
(179 134 26) 
(179 135 14) 
(179 136 42) 
(179 137 32) 
(179 138 12) 
(179 139 31) 
(179 140 32) 
(179 141 49) 
(179 142 24) 
(179 143 35) 
(179 145 30) 
(179 146 8) 
(179 147 33) 
(179 148 31) 
(179 150 50) 
(179 151 41) 
(179 152 26) 
(179 153 11) 
(179 154 25) 
(179 155 34) 
(179 156 28) 
(179 157 2) 
(179 159 3) 
(179 161 34) 
(179 162 8) 
(179 163 37) 
(179 164 28) 
(179 165 43) 
(179 166 29) 
(179 167 26) 
(179 168 11) 
(179 169 28) 
(179 172 25) 
(179 173 6) 
(179 174 37) 
(179 176 37) 
(179 177 43) 
(179 178 23) 
(179 180 17) 
(179 183 14) 
(179 184 2) 
(179 185 8) 
(179 186 18) 
(179 187 8) 
(179 188 22) 
(179 190 9) 
(179 192 8) 
(179 193 48) 
(179 194 18) 
(179 195 30) 
(179 196 19) 
(179 197 12) 
(179 198 50) 
(179 199 14) 
(180 0 13) 
(180 2 28) 
(180 4 35) 
(180 5 25) 
(180 6 28) 
(180 7 26) 
(180 8 26) 
(180 9 10) 
(180 10 40) 
(180 11 40) 
(180 15 13) 
(180 17 28) 
(180 18 3) 
(180 20 49) 
(180 21 31) 
(180 23 31) 
(180 24 5) 
(180 25 46) 
(180 27 9) 
(180 28 31) 
(180 29 14) 
(180 30 32) 
(180 31 49) 
(180 32 38) 
(180 33 7) 
(180 34 47) 
(180 35 15) 
(180 36 22) 
(180 37 36) 
(180 39 38) 
(180 41 16) 
(180 42 37) 
(180 43 49) 
(180 44 24) 
(180 45 35) 
(180 46 17) 
(180 47 9) 
(180 48 11) 
(180 49 21) 
(180 50 17) 
(180 51 45) 
(180 53 6) 
(180 54 35) 
(180 56 23) 
(180 58 47) 
(180 60 29) 
(180 62 25) 
(180 63 27) 
(180 64 49) 
(180 65 8) 
(180 66 23) 
(180 67 26) 
(180 68 10) 
(180 69 31) 
(180 70 50) 
(180 72 12) 
(180 73 9) 
(180 74 1) 
(180 76 4) 
(180 77 37) 
(180 78 38) 
(180 79 39) 
(180 80 21) 
(180 81 16) 
(180 82 34) 
(180 83 30) 
(180 85 42) 
(180 87 45) 
(180 89 42) 
(180 90 9) 
(180 91 45) 
(180 92 16) 
(180 93 21) 
(180 94 15) 
(180 95 10) 
(180 96 20) 
(180 97 49) 
(180 98 11) 
(180 100 45) 
(180 101 18) 
(180 102 46) 
(180 103 50) 
(180 106 50) 
(180 108 34) 
(180 109 48) 
(180 110 47) 
(180 111 4) 
(180 112 42) 
(180 113 42) 
(180 114 1) 
(180 115 2) 
(180 116 24) 
(180 117 50) 
(180 121 47) 
(180 122 40) 
(180 123 49) 
(180 124 28) 
(180 125 39) 
(180 126 31) 
(180 127 45) 
(180 128 32) 
(180 132 21) 
(180 133 37) 
(180 134 48) 
(180 135 26) 
(180 136 50) 
(180 138 34) 
(180 139 8) 
(180 140 40) 
(180 141 22) 
(180 143 8) 
(180 144 26) 
(180 145 11) 
(180 146 3) 
(180 147 49) 
(180 149 9) 
(180 151 5) 
(180 152 32) 
(180 153 23) 
(180 154 5) 
(180 155 25) 
(180 157 29) 
(180 160 30) 
(180 161 37) 
(180 162 1) 
(180 163 7) 
(180 165 14) 
(180 166 8) 
(180 167 49) 
(180 168 14) 
(180 169 6) 
(180 170 5) 
(180 171 16) 
(180 174 24) 
(180 175 38) 
(180 176 21) 
(180 177 9) 
(180 178 50) 
(180 181 3) 
(180 182 8) 
(180 183 44) 
(180 184 1) 
(180 185 41) 
(180 186 3) 
(180 187 6) 
(180 188 7) 
(180 189 12) 
(180 191 21) 
(180 192 30) 
(180 193 48) 
(180 194 34) 
(180 195 21) 
(180 196 9) 
(180 197 2) 
(180 199 4) 
(181 0 8) 
(181 1 21) 
(181 2 29) 
(181 4 32) 
(181 6 30) 
(181 7 50) 
(181 10 3) 
(181 11 5) 
(181 12 32) 
(181 14 27) 
(181 17 23) 
(181 18 26) 
(181 19 41) 
(181 20 25) 
(181 21 33) 
(181 22 44) 
(181 25 11) 
(181 27 36) 
(181 28 39) 
(181 29 38) 
(181 30 3) 
(181 31 26) 
(181 32 1) 
(181 33 3) 
(181 34 18) 
(181 36 18) 
(181 37 11) 
(181 38 50) 
(181 39 12) 
(181 40 37) 
(181 44 40) 
(181 45 37) 
(181 46 32) 
(181 47 2) 
(181 48 39) 
(181 49 39) 
(181 50 2) 
(181 51 29) 
(181 53 45) 
(181 54 34) 
(181 55 14) 
(181 57 9) 
(181 58 24) 
(181 59 21) 
(181 60 21) 
(181 62 20) 
(181 63 47) 
(181 65 38) 
(181 66 4) 
(181 67 34) 
(181 69 8) 
(181 70 22) 
(181 72 11) 
(181 73 47) 
(181 74 19) 
(181 76 28) 
(181 77 28) 
(181 79 37) 
(181 80 27) 
(181 82 45) 
(181 84 33) 
(181 85 3) 
(181 86 28) 
(181 87 29) 
(181 88 17) 
(181 89 25) 
(181 90 37) 
(181 91 7) 
(181 92 13) 
(181 93 4) 
(181 95 12) 
(181 97 5) 
(181 98 31) 
(181 99 1) 
(181 102 12) 
(181 103 9) 
(181 104 35) 
(181 105 9) 
(181 106 5) 
(181 109 48) 
(181 110 38) 
(181 111 38) 
(181 112 48) 
(181 113 26) 
(181 114 36) 
(181 115 25) 
(181 117 49) 
(181 118 45) 
(181 120 26) 
(181 121 31) 
(181 122 43) 
(181 124 37) 
(181 126 2) 
(181 127 21) 
(181 128 11) 
(181 129 16) 
(181 131 4) 
(181 132 47) 
(181 135 14) 
(181 136 24) 
(181 137 17) 
(181 140 4) 
(181 141 46) 
(181 143 20) 
(181 144 15) 
(181 145 29) 
(181 147 4) 
(181 148 7) 
(181 149 11) 
(181 150 7) 
(181 151 50) 
(181 152 38) 
(181 156 32) 
(181 157 50) 
(181 159 30) 
(181 160 28) 
(181 161 50) 
(181 162 43) 
(181 163 12) 
(181 164 10) 
(181 165 3) 
(181 166 21) 
(181 167 3) 
(181 168 41) 
(181 169 32) 
(181 170 21) 
(181 171 42) 
(181 173 31) 
(181 174 41) 
(181 175 44) 
(181 176 33) 
(181 177 23) 
(181 178 42) 
(181 179 39) 
(181 180 50) 
(181 182 48) 
(181 184 6) 
(181 185 1) 
(181 186 25) 
(181 188 11) 
(181 189 8) 
(181 191 39) 
(181 192 10) 
(181 193 24) 
(181 194 33) 
(181 195 45) 
(181 197 44) 
(181 198 4) 
(181 199 50) 
(182 0 22) 
(182 1 40) 
(182 2 16) 
(182 3 3) 
(182 4 47) 
(182 5 44) 
(182 6 43) 
(182 7 20) 
(182 8 31) 
(182 9 5) 
(182 10 30) 
(182 12 29) 
(182 13 42) 
(182 15 45) 
(182 17 9) 
(182 19 10) 
(182 21 14) 
(182 22 20) 
(182 23 35) 
(182 24 19) 
(182 26 48) 
(182 27 19) 
(182 28 42) 
(182 30 18) 
(182 32 15) 
(182 34 32) 
(182 35 33) 
(182 38 20) 
(182 40 31) 
(182 41 36) 
(182 42 2) 
(182 44 7) 
(182 45 17) 
(182 46 22) 
(182 47 19) 
(182 49 25) 
(182 50 36) 
(182 51 8) 
(182 52 10) 
(182 53 32) 
(182 54 23) 
(182 55 25) 
(182 56 23) 
(182 57 49) 
(182 59 1) 
(182 60 44) 
(182 61 33) 
(182 62 26) 
(182 63 23) 
(182 64 17) 
(182 67 19) 
(182 68 39) 
(182 70 43) 
(182 72 48) 
(182 73 25) 
(182 75 36) 
(182 76 23) 
(182 77 13) 
(182 79 35) 
(182 80 19) 
(182 82 43) 
(182 83 34) 
(182 84 27) 
(182 85 45) 
(182 86 3) 
(182 87 47) 
(182 88 13) 
(182 89 40) 
(182 90 1) 
(182 91 11) 
(182 92 30) 
(182 94 39) 
(182 95 2) 
(182 97 16) 
(182 98 13) 
(182 99 37) 
(182 101 29) 
(182 103 22) 
(182 105 8) 
(182 107 11) 
(182 108 46) 
(182 110 35) 
(182 111 27) 
(182 112 31) 
(182 113 40) 
(182 114 20) 
(182 115 29) 
(182 117 23) 
(182 118 27) 
(182 120 41) 
(182 121 17) 
(182 122 26) 
(182 124 22) 
(182 126 9) 
(182 127 9) 
(182 128 41) 
(182 129 43) 
(182 130 1) 
(182 131 40) 
(182 132 20) 
(182 133 18) 
(182 134 39) 
(182 135 29) 
(182 136 41) 
(182 137 13) 
(182 138 6) 
(182 139 27) 
(182 141 2) 
(182 142 14) 
(182 143 31) 
(182 144 31) 
(182 145 48) 
(182 148 27) 
(182 150 27) 
(182 152 18) 
(182 153 6) 
(182 154 12) 
(182 156 28) 
(182 157 29) 
(182 158 41) 
(182 160 4) 
(182 161 10) 
(182 162 47) 
(182 163 43) 
(182 164 15) 
(182 165 49) 
(182 166 21) 
(182 167 48) 
(182 168 2) 
(182 169 40) 
(182 170 4) 
(182 171 8) 
(182 172 1) 
(182 173 40) 
(182 174 1) 
(182 175 13) 
(182 176 14) 
(182 177 21) 
(182 178 41) 
(182 179 17) 
(182 180 24) 
(182 183 9) 
(182 184 2) 
(182 186 10) 
(182 187 46) 
(182 190 26) 
(182 191 20) 
(182 192 19) 
(182 193 36) 
(182 194 49) 
(182 195 49) 
(182 196 42) 
(183 0 26) 
(183 1 19) 
(183 3 40) 
(183 4 47) 
(183 6 44) 
(183 7 8) 
(183 8 42) 
(183 9 29) 
(183 11 12) 
(183 13 17) 
(183 15 1) 
(183 16 26) 
(183 17 29) 
(183 18 29) 
(183 19 5) 
(183 20 20) 
(183 21 39) 
(183 22 6) 
(183 23 44) 
(183 24 24) 
(183 25 46) 
(183 26 38) 
(183 27 31) 
(183 28 33) 
(183 31 27) 
(183 32 24) 
(183 33 39) 
(183 34 25) 
(183 35 4) 
(183 36 9) 
(183 37 19) 
(183 39 24) 
(183 40 35) 
(183 42 30) 
(183 43 25) 
(183 44 27) 
(183 45 49) 
(183 46 38) 
(183 47 4) 
(183 49 44) 
(183 50 27) 
(183 51 3) 
(183 52 10) 
(183 53 7) 
(183 54 44) 
(183 55 48) 
(183 57 16) 
(183 59 8) 
(183 60 17) 
(183 61 26) 
(183 62 43) 
(183 64 11) 
(183 66 33) 
(183 67 49) 
(183 68 7) 
(183 70 23) 
(183 71 14) 
(183 72 29) 
(183 74 50) 
(183 75 13) 
(183 76 20) 
(183 77 20) 
(183 78 44) 
(183 79 30) 
(183 81 19) 
(183 83 28) 
(183 84 23) 
(183 85 35) 
(183 88 43) 
(183 89 12) 
(183 90 14) 
(183 91 44) 
(183 92 27) 
(183 93 15) 
(183 95 40) 
(183 97 45) 
(183 98 1) 
(183 99 18) 
(183 100 17) 
(183 101 23) 
(183 103 14) 
(183 104 50) 
(183 106 7) 
(183 108 16) 
(183 112 10) 
(183 114 20) 
(183 115 9) 
(183 116 39) 
(183 117 30) 
(183 118 22) 
(183 119 29) 
(183 120 32) 
(183 122 50) 
(183 124 44) 
(183 125 28) 
(183 127 9) 
(183 128 40) 
(183 130 27) 
(183 131 39) 
(183 132 9) 
(183 134 50) 
(183 135 50) 
(183 136 24) 
(183 137 32) 
(183 138 12) 
(183 140 3) 
(183 141 20) 
(183 142 24) 
(183 143 50) 
(183 144 7) 
(183 145 6) 
(183 147 45) 
(183 149 47) 
(183 150 40) 
(183 151 21) 
(183 152 45) 
(183 153 21) 
(183 155 38) 
(183 156 1) 
(183 157 43) 
(183 158 20) 
(183 161 24) 
(183 162 40) 
(183 163 22) 
(183 164 41) 
(183 166 2) 
(183 167 31) 
(183 168 34) 
(183 169 6) 
(183 170 15) 
(183 172 13) 
(183 173 39) 
(183 176 36) 
(183 177 2) 
(183 178 4) 
(183 179 17) 
(183 180 17) 
(183 182 28) 
(183 184 17) 
(183 185 43) 
(183 186 36) 
(183 187 33) 
(183 188 1) 
(183 189 4) 
(183 190 8) 
(183 191 50) 
(183 192 23) 
(183 194 22) 
(183 195 19) 
(183 197 14) 
(183 198 19) 
(184 0 48) 
(184 1 14) 
(184 2 2) 
(184 3 44) 
(184 4 37) 
(184 6 48) 
(184 7 40) 
(184 8 50) 
(184 10 17) 
(184 12 4) 
(184 13 29) 
(184 14 49) 
(184 15 38) 
(184 16 11) 
(184 19 18) 
(184 21 15) 
(184 22 37) 
(184 25 13) 
(184 26 23) 
(184 27 41) 
(184 28 7) 
(184 30 14) 
(184 31 20) 
(184 32 22) 
(184 33 10) 
(184 34 11) 
(184 39 47) 
(184 40 38) 
(184 41 25) 
(184 42 6) 
(184 43 29) 
(184 44 20) 
(184 45 30) 
(184 46 22) 
(184 47 25) 
(184 48 3) 
(184 52 5) 
(184 53 31) 
(184 55 5) 
(184 56 47) 
(184 57 31) 
(184 58 30) 
(184 59 10) 
(184 60 17) 
(184 61 30) 
(184 62 28) 
(184 63 33) 
(184 66 8) 
(184 67 9) 
(184 68 22) 
(184 69 3) 
(184 71 19) 
(184 72 11) 
(184 73 36) 
(184 74 19) 
(184 75 21) 
(184 76 46) 
(184 78 39) 
(184 79 35) 
(184 80 46) 
(184 81 41) 
(184 82 25) 
(184 84 35) 
(184 85 24) 
(184 86 33) 
(184 88 28) 
(184 90 11) 
(184 91 12) 
(184 93 28) 
(184 94 25) 
(184 95 14) 
(184 97 20) 
(184 98 4) 
(184 100 4) 
(184 103 42) 
(184 104 38) 
(184 105 11) 
(184 106 50) 
(184 108 10) 
(184 109 5) 
(184 110 21) 
(184 111 45) 
(184 113 22) 
(184 114 9) 
(184 115 28) 
(184 117 47) 
(184 118 9) 
(184 119 7) 
(184 120 36) 
(184 121 43) 
(184 123 47) 
(184 124 32) 
(184 125 32) 
(184 126 44) 
(184 128 23) 
(184 132 42) 
(184 133 20) 
(184 134 12) 
(184 135 41) 
(184 137 15) 
(184 141 9) 
(184 142 30) 
(184 143 2) 
(184 144 17) 
(184 145 49) 
(184 146 47) 
(184 147 42) 
(184 148 48) 
(184 149 35) 
(184 150 33) 
(184 151 27) 
(184 153 5) 
(184 154 28) 
(184 156 7) 
(184 157 48) 
(184 158 46) 
(184 159 30) 
(184 160 13) 
(184 162 31) 
(184 163 22) 
(184 164 4) 
(184 166 40) 
(184 167 43) 
(184 168 48) 
(184 169 11) 
(184 170 30) 
(184 172 30) 
(184 173 30) 
(184 174 14) 
(184 175 10) 
(184 177 36) 
(184 178 14) 
(184 180 24) 
(184 181 29) 
(184 183 12) 
(184 185 44) 
(184 186 26) 
(184 187 22) 
(184 188 49) 
(184 189 30) 
(184 192 12) 
(184 193 8) 
(184 194 16) 
(184 195 3) 
(184 196 38) 
(184 197 30) 
(184 198 22) 
(185 0 22) 
(185 1 48) 
(185 2 37) 
(185 3 50) 
(185 5 44) 
(185 7 8) 
(185 9 18) 
(185 10 43) 
(185 11 35) 
(185 12 9) 
(185 13 39) 
(185 15 34) 
(185 18 49) 
(185 20 32) 
(185 22 10) 
(185 23 30) 
(185 25 22) 
(185 27 42) 
(185 29 40) 
(185 30 33) 
(185 31 10) 
(185 32 24) 
(185 34 3) 
(185 35 20) 
(185 36 34) 
(185 37 26) 
(185 38 5) 
(185 40 13) 
(185 41 35) 
(185 42 33) 
(185 44 36) 
(185 46 23) 
(185 47 39) 
(185 48 16) 
(185 49 15) 
(185 50 18) 
(185 51 33) 
(185 52 25) 
(185 53 34) 
(185 54 34) 
(185 55 48) 
(185 56 20) 
(185 57 34) 
(185 58 4) 
(185 59 4) 
(185 60 48) 
(185 62 12) 
(185 63 24) 
(185 65 8) 
(185 66 49) 
(185 67 46) 
(185 68 10) 
(185 69 19) 
(185 70 41) 
(185 71 18) 
(185 72 37) 
(185 73 8) 
(185 74 13) 
(185 75 18) 
(185 77 30) 
(185 78 22) 
(185 79 21) 
(185 80 11) 
(185 81 3) 
(185 83 46) 
(185 84 30) 
(185 85 28) 
(185 86 32) 
(185 87 34) 
(185 88 19) 
(185 89 13) 
(185 90 44) 
(185 91 21) 
(185 92 49) 
(185 93 50) 
(185 95 17) 
(185 96 37) 
(185 97 20) 
(185 98 50) 
(185 99 6) 
(185 100 35) 
(185 101 18) 
(185 102 50) 
(185 103 30) 
(185 105 16) 
(185 106 45) 
(185 108 47) 
(185 109 24) 
(185 110 23) 
(185 112 18) 
(185 113 7) 
(185 115 17) 
(185 116 46) 
(185 118 17) 
(185 119 49) 
(185 120 12) 
(185 121 25) 
(185 122 2) 
(185 123 1) 
(185 124 2) 
(185 125 28) 
(185 126 14) 
(185 128 22) 
(185 131 20) 
(185 132 22) 
(185 133 14) 
(185 134 32) 
(185 135 8) 
(185 136 26) 
(185 137 42) 
(185 138 46) 
(185 139 22) 
(185 141 40) 
(185 143 35) 
(185 144 37) 
(185 145 19) 
(185 147 32) 
(185 148 14) 
(185 149 16) 
(185 150 4) 
(185 151 35) 
(185 153 12) 
(185 155 10) 
(185 156 50) 
(185 157 10) 
(185 158 27) 
(185 161 45) 
(185 162 33) 
(185 164 4) 
(185 165 33) 
(185 166 12) 
(185 167 34) 
(185 169 40) 
(185 171 5) 
(185 172 4) 
(185 174 16) 
(185 175 40) 
(185 176 6) 
(185 177 3) 
(185 178 36) 
(185 179 44) 
(185 181 13) 
(185 182 39) 
(185 186 28) 
(185 187 22) 
(185 188 8) 
(185 192 2) 
(185 193 34) 
(185 194 7) 
(185 197 9) 
(185 198 7) 
(185 199 16) 
(186 0 41) 
(186 1 7) 
(186 2 44) 
(186 4 6) 
(186 5 6) 
(186 6 31) 
(186 7 47) 
(186 8 13) 
(186 9 24) 
(186 10 14) 
(186 12 45) 
(186 13 50) 
(186 14 20) 
(186 16 6) 
(186 17 25) 
(186 18 15) 
(186 20 42) 
(186 23 28) 
(186 24 31) 
(186 26 17) 
(186 27 10) 
(186 28 49) 
(186 29 36) 
(186 32 36) 
(186 34 6) 
(186 35 36) 
(186 36 17) 
(186 37 34) 
(186 38 34) 
(186 39 49) 
(186 40 39) 
(186 42 39) 
(186 43 23) 
(186 44 18) 
(186 45 42) 
(186 47 8) 
(186 48 44) 
(186 49 4) 
(186 50 29) 
(186 52 22) 
(186 53 40) 
(186 54 29) 
(186 55 20) 
(186 56 19) 
(186 57 24) 
(186 58 31) 
(186 59 47) 
(186 61 24) 
(186 62 14) 
(186 63 47) 
(186 64 32) 
(186 66 9) 
(186 67 43) 
(186 68 37) 
(186 70 40) 
(186 71 16) 
(186 73 21) 
(186 74 12) 
(186 75 17) 
(186 77 49) 
(186 78 21) 
(186 79 1) 
(186 82 35) 
(186 83 49) 
(186 84 20) 
(186 85 4) 
(186 87 43) 
(186 88 24) 
(186 89 40) 
(186 90 49) 
(186 91 35) 
(186 93 13) 
(186 95 16) 
(186 96 21) 
(186 97 28) 
(186 98 16) 
(186 99 49) 
(186 100 9) 
(186 101 29) 
(186 103 44) 
(186 104 17) 
(186 105 5) 
(186 106 5) 
(186 107 20) 
(186 109 8) 
(186 110 43) 
(186 111 9) 
(186 112 37) 
(186 113 18) 
(186 115 30) 
(186 117 23) 
(186 118 10) 
(186 122 33) 
(186 123 36) 
(186 124 13) 
(186 125 47) 
(186 127 16) 
(186 128 3) 
(186 129 49) 
(186 130 43) 
(186 131 31) 
(186 132 13) 
(186 133 41) 
(186 134 6) 
(186 135 17) 
(186 136 10) 
(186 138 34) 
(186 139 10) 
(186 140 14) 
(186 141 39) 
(186 142 9) 
(186 143 19) 
(186 144 35) 
(186 145 5) 
(186 146 36) 
(186 148 33) 
(186 149 29) 
(186 150 16) 
(186 151 25) 
(186 152 26) 
(186 153 16) 
(186 155 42) 
(186 156 38) 
(186 157 47) 
(186 158 6) 
(186 160 20) 
(186 161 1) 
(186 163 23) 
(186 164 4) 
(186 165 12) 
(186 166 3) 
(186 168 44) 
(186 169 6) 
(186 170 2) 
(186 171 45) 
(186 172 31) 
(186 173 23) 
(186 174 32) 
(186 175 13) 
(186 177 14) 
(186 178 7) 
(186 179 49) 
(186 180 19) 
(186 181 18) 
(186 182 38) 
(186 184 20) 
(186 187 40) 
(186 190 4) 
(186 191 47) 
(186 192 17) 
(186 193 24) 
(186 194 29) 
(186 195 46) 
(186 196 24) 
(186 198 22) 
(186 199 32) 
(187 1 2) 
(187 2 1) 
(187 3 33) 
(187 4 26) 
(187 5 15) 
(187 7 29) 
(187 8 4) 
(187 11 32) 
(187 13 47) 
(187 14 4) 
(187 16 16) 
(187 17 7) 
(187 18 50) 
(187 19 11) 
(187 21 45) 
(187 22 18) 
(187 23 34) 
(187 24 42) 
(187 25 17) 
(187 27 19) 
(187 28 33) 
(187 30 37) 
(187 35 7) 
(187 38 22) 
(187 40 49) 
(187 41 38) 
(187 42 17) 
(187 44 46) 
(187 46 41) 
(187 47 6) 
(187 49 3) 
(187 50 12) 
(187 52 10) 
(187 53 10) 
(187 56 32) 
(187 57 38) 
(187 58 16) 
(187 59 8) 
(187 60 36) 
(187 61 10) 
(187 62 34) 
(187 63 26) 
(187 66 36) 
(187 69 36) 
(187 70 12) 
(187 71 9) 
(187 72 14) 
(187 73 8) 
(187 74 40) 
(187 76 47) 
(187 77 24) 
(187 79 25) 
(187 80 24) 
(187 81 37) 
(187 82 28) 
(187 83 21) 
(187 84 40) 
(187 85 48) 
(187 86 37) 
(187 87 22) 
(187 88 44) 
(187 89 11) 
(187 90 49) 
(187 94 46) 
(187 95 18) 
(187 96 9) 
(187 97 40) 
(187 99 29) 
(187 101 27) 
(187 102 21) 
(187 104 7) 
(187 105 37) 
(187 106 47) 
(187 107 13) 
(187 108 9) 
(187 110 3) 
(187 113 15) 
(187 114 42) 
(187 115 40) 
(187 116 11) 
(187 118 50) 
(187 119 32) 
(187 120 12) 
(187 122 6) 
(187 123 31) 
(187 124 35) 
(187 125 2) 
(187 126 15) 
(187 128 25) 
(187 130 12) 
(187 131 47) 
(187 132 22) 
(187 133 7) 
(187 136 27) 
(187 137 24) 
(187 139 19) 
(187 140 28) 
(187 143 13) 
(187 144 16) 
(187 146 33) 
(187 147 41) 
(187 148 47) 
(187 149 8) 
(187 152 17) 
(187 153 40) 
(187 154 48) 
(187 155 12) 
(187 156 25) 
(187 157 40) 
(187 160 36) 
(187 161 26) 
(187 162 49) 
(187 164 1) 
(187 165 37) 
(187 166 14) 
(187 167 31) 
(187 168 30) 
(187 169 45) 
(187 170 7) 
(187 171 18) 
(187 174 18) 
(187 175 11) 
(187 177 37) 
(187 178 39) 
(187 180 26) 
(187 182 4) 
(187 183 33) 
(187 184 47) 
(187 185 27) 
(187 186 49) 
(187 188 17) 
(187 190 30) 
(187 191 12) 
(187 192 20) 
(187 193 11) 
(187 194 20) 
(187 195 42) 
(187 196 44) 
(187 197 9) 
(187 198 17) 
(187 199 15) 
(188 1 6) 
(188 2 39) 
(188 3 19) 
(188 4 32) 
(188 5 49) 
(188 7 27) 
(188 8 14) 
(188 9 48) 
(188 10 14) 
(188 13 10) 
(188 14 2) 
(188 16 31) 
(188 17 16) 
(188 21 20) 
(188 22 7) 
(188 23 41) 
(188 24 35) 
(188 26 37) 
(188 27 37) 
(188 30 47) 
(188 31 5) 
(188 33 21) 
(188 35 49) 
(188 36 19) 
(188 37 30) 
(188 38 22) 
(188 39 46) 
(188 40 31) 
(188 41 13) 
(188 43 30) 
(188 44 1) 
(188 45 26) 
(188 46 7) 
(188 50 22) 
(188 51 44) 
(188 52 29) 
(188 54 17) 
(188 55 1) 
(188 56 29) 
(188 57 35) 
(188 59 49) 
(188 60 23) 
(188 62 22) 
(188 63 33) 
(188 66 40) 
(188 67 36) 
(188 68 14) 
(188 69 35) 
(188 70 22) 
(188 71 23) 
(188 72 16) 
(188 73 20) 
(188 74 44) 
(188 75 28) 
(188 76 26) 
(188 77 11) 
(188 78 1) 
(188 80 3) 
(188 82 29) 
(188 83 26) 
(188 84 27) 
(188 85 19) 
(188 86 33) 
(188 87 29) 
(188 88 20) 
(188 89 25) 
(188 90 37) 
(188 92 30) 
(188 93 27) 
(188 94 6) 
(188 95 6) 
(188 96 34) 
(188 97 43) 
(188 98 50) 
(188 100 41) 
(188 101 40) 
(188 102 14) 
(188 104 43) 
(188 106 11) 
(188 107 45) 
(188 109 46) 
(188 110 11) 
(188 111 25) 
(188 112 12) 
(188 113 3) 
(188 114 18) 
(188 115 48) 
(188 117 11) 
(188 119 41) 
(188 121 41) 
(188 122 32) 
(188 123 18) 
(188 124 9) 
(188 125 2) 
(188 127 29) 
(188 128 50) 
(188 129 15) 
(188 130 19) 
(188 131 18) 
(188 132 30) 
(188 133 14) 
(188 134 2) 
(188 136 40) 
(188 137 18) 
(188 138 31) 
(188 139 16) 
(188 140 38) 
(188 141 39) 
(188 144 50) 
(188 145 26) 
(188 146 39) 
(188 147 38) 
(188 148 17) 
(188 149 26) 
(188 150 11) 
(188 151 8) 
(188 153 50) 
(188 154 48) 
(188 155 17) 
(188 156 2) 
(188 157 3) 
(188 159 1) 
(188 161 37) 
(188 162 20) 
(188 163 27) 
(188 164 13) 
(188 166 4) 
(188 167 6) 
(188 169 9) 
(188 170 22) 
(188 171 7) 
(188 172 11) 
(188 173 1) 
(188 174 42) 
(188 175 30) 
(188 176 43) 
(188 177 35) 
(188 180 23) 
(188 183 43) 
(188 184 9) 
(188 186 1) 
(188 187 2) 
(188 189 36) 
(188 190 15) 
(188 192 35) 
(188 193 24) 
(188 194 28) 
(188 195 19) 
(188 197 40) 
(188 199 33) 
(189 0 41) 
(189 1 16) 
(189 2 46) 
(189 3 44) 
(189 4 18) 
(189 5 43) 
(189 6 7) 
(189 8 33) 
(189 9 26) 
(189 10 21) 
(189 11 4) 
(189 13 18) 
(189 14 26) 
(189 15 22) 
(189 16 27) 
(189 17 50) 
(189 18 44) 
(189 19 49) 
(189 20 38) 
(189 23 10) 
(189 25 33) 
(189 26 46) 
(189 29 9) 
(189 30 26) 
(189 31 21) 
(189 32 9) 
(189 34 40) 
(189 35 26) 
(189 36 12) 
(189 37 33) 
(189 38 29) 
(189 39 49) 
(189 40 37) 
(189 41 28) 
(189 42 34) 
(189 43 45) 
(189 44 23) 
(189 46 32) 
(189 49 46) 
(189 50 5) 
(189 53 9) 
(189 55 31) 
(189 56 49) 
(189 58 36) 
(189 60 24) 
(189 61 32) 
(189 62 1) 
(189 63 3) 
(189 64 41) 
(189 65 10) 
(189 66 32) 
(189 68 3) 
(189 69 38) 
(189 70 34) 
(189 71 50) 
(189 72 15) 
(189 74 38) 
(189 75 38) 
(189 76 1) 
(189 77 15) 
(189 78 50) 
(189 79 8) 
(189 80 27) 
(189 81 48) 
(189 82 9) 
(189 83 1) 
(189 84 15) 
(189 85 7) 
(189 88 30) 
(189 89 14) 
(189 90 18) 
(189 91 38) 
(189 92 19) 
(189 93 45) 
(189 94 7) 
(189 95 38) 
(189 96 3) 
(189 97 24) 
(189 98 25) 
(189 99 33) 
(189 100 50) 
(189 101 26) 
(189 102 19) 
(189 103 45) 
(189 104 30) 
(189 105 30) 
(189 106 28) 
(189 107 31) 
(189 109 32) 
(189 110 34) 
(189 111 17) 
(189 114 47) 
(189 116 9) 
(189 117 32) 
(189 118 30) 
(189 120 39) 
(189 122 27) 
(189 123 32) 
(189 124 3) 
(189 125 30) 
(189 126 8) 
(189 127 48) 
(189 128 41) 
(189 129 3) 
(189 130 15) 
(189 131 2) 
(189 132 23) 
(189 133 13) 
(189 137 22) 
(189 138 34) 
(189 139 25) 
(189 140 20) 
(189 141 46) 
(189 142 25) 
(189 143 24) 
(189 145 46) 
(189 146 45) 
(189 147 10) 
(189 148 10) 
(189 149 17) 
(189 150 6) 
(189 151 24) 
(189 152 47) 
(189 153 13) 
(189 155 3) 
(189 156 27) 
(189 158 9) 
(189 160 21) 
(189 161 41) 
(189 164 45) 
(189 166 13) 
(189 167 20) 
(189 168 3) 
(189 169 30) 
(189 170 4) 
(189 171 19) 
(189 172 41) 
(189 173 32) 
(189 177 25) 
(189 180 6) 
(189 181 34) 
(189 183 33) 
(189 184 25) 
(189 185 1) 
(189 186 45) 
(189 187 43) 
(189 188 7) 
(189 190 41) 
(189 191 24) 
(189 192 15) 
(189 193 15) 
(189 194 41) 
(189 195 49) 
(189 196 10) 
(189 197 17) 
(189 198 35) 
(189 199 45) 
(190 0 40) 
(190 1 9) 
(190 2 3) 
(190 3 24) 
(190 4 1) 
(190 5 4) 
(190 6 41) 
(190 8 9) 
(190 9 40) 
(190 10 10) 
(190 11 12) 
(190 12 37) 
(190 14 12) 
(190 15 21) 
(190 16 21) 
(190 18 13) 
(190 20 41) 
(190 21 24) 
(190 22 49) 
(190 24 47) 
(190 25 23) 
(190 26 15) 
(190 27 30) 
(190 31 46) 
(190 32 45) 
(190 33 23) 
(190 36 22) 
(190 37 6) 
(190 39 3) 
(190 43 14) 
(190 44 9) 
(190 45 4) 
(190 46 2) 
(190 47 47) 
(190 48 36) 
(190 49 23) 
(190 51 8) 
(190 52 16) 
(190 53 45) 
(190 54 44) 
(190 57 29) 
(190 58 5) 
(190 60 25) 
(190 62 19) 
(190 63 13) 
(190 65 28) 
(190 66 27) 
(190 68 39) 
(190 69 17) 
(190 70 13) 
(190 71 1) 
(190 72 21) 
(190 73 45) 
(190 75 1) 
(190 76 33) 
(190 77 47) 
(190 78 18) 
(190 80 43) 
(190 81 25) 
(190 82 13) 
(190 85 29) 
(190 86 4) 
(190 87 20) 
(190 88 45) 
(190 89 37) 
(190 90 13) 
(190 91 14) 
(190 92 22) 
(190 93 32) 
(190 94 10) 
(190 95 2) 
(190 98 30) 
(190 99 6) 
(190 100 1) 
(190 101 29) 
(190 102 22) 
(190 103 36) 
(190 104 11) 
(190 105 32) 
(190 108 24) 
(190 109 22) 
(190 110 44) 
(190 112 17) 
(190 114 5) 
(190 115 1) 
(190 117 14) 
(190 118 37) 
(190 119 48) 
(190 120 22) 
(190 121 41) 
(190 124 28) 
(190 126 16) 
(190 127 29) 
(190 128 18) 
(190 129 2) 
(190 131 21) 
(190 132 33) 
(190 133 29) 
(190 134 49) 
(190 136 16) 
(190 139 31) 
(190 140 35) 
(190 142 47) 
(190 144 41) 
(190 145 6) 
(190 146 1) 
(190 147 25) 
(190 148 46) 
(190 149 31) 
(190 152 8) 
(190 153 31) 
(190 154 42) 
(190 155 37) 
(190 156 41) 
(190 157 14) 
(190 158 34) 
(190 159 19) 
(190 160 39) 
(190 161 2) 
(190 162 14) 
(190 163 12) 
(190 164 16) 
(190 165 27) 
(190 166 44) 
(190 167 34) 
(190 168 17) 
(190 169 10) 
(190 170 41) 
(190 171 23) 
(190 172 14) 
(190 173 10) 
(190 175 16) 
(190 177 40) 
(190 179 41) 
(190 180 14) 
(190 181 49) 
(190 182 8) 
(190 184 15) 
(190 185 11) 
(190 186 3) 
(190 187 47) 
(190 188 5) 
(190 189 32) 
(190 191 43) 
(190 192 42) 
(190 193 39) 
(190 194 39) 
(190 195 6) 
(190 197 33) 
(190 198 5) 
(190 199 35) 
(191 0 13) 
(191 1 35) 
(191 2 46) 
(191 3 50) 
(191 5 27) 
(191 6 12) 
(191 7 8) 
(191 8 32) 
(191 9 50) 
(191 10 27) 
(191 13 30) 
(191 14 38) 
(191 17 7) 
(191 18 42) 
(191 19 15) 
(191 21 45) 
(191 22 8) 
(191 23 3) 
(191 24 29) 
(191 25 16) 
(191 27 36) 
(191 28 21) 
(191 29 48) 
(191 30 24) 
(191 31 46) 
(191 32 35) 
(191 33 44) 
(191 34 21) 
(191 35 26) 
(191 36 43) 
(191 37 27) 
(191 38 12) 
(191 39 4) 
(191 40 12) 
(191 41 30) 
(191 42 41) 
(191 43 2) 
(191 46 15) 
(191 47 18) 
(191 48 10) 
(191 50 17) 
(191 51 36) 
(191 52 26) 
(191 53 10) 
(191 54 5) 
(191 55 1) 
(191 56 24) 
(191 57 6) 
(191 58 18) 
(191 59 37) 
(191 60 43) 
(191 61 13) 
(191 62 27) 
(191 63 11) 
(191 64 24) 
(191 65 27) 
(191 66 6) 
(191 67 4) 
(191 68 49) 
(191 69 22) 
(191 70 23) 
(191 71 16) 
(191 72 46) 
(191 73 37) 
(191 74 14) 
(191 75 27) 
(191 76 34) 
(191 77 6) 
(191 78 48) 
(191 80 41) 
(191 83 48) 
(191 84 50) 
(191 85 6) 
(191 86 13) 
(191 87 15) 
(191 88 30) 
(191 89 44) 
(191 90 24) 
(191 91 10) 
(191 92 28) 
(191 96 16) 
(191 97 45) 
(191 98 50) 
(191 99 42) 
(191 100 21) 
(191 104 21) 
(191 105 1) 
(191 106 22) 
(191 107 39) 
(191 108 19) 
(191 110 20) 
(191 111 48) 
(191 114 48) 
(191 115 22) 
(191 117 37) 
(191 120 5) 
(191 122 14) 
(191 123 17) 
(191 124 37) 
(191 125 42) 
(191 126 17) 
(191 128 25) 
(191 129 40) 
(191 130 23) 
(191 132 24) 
(191 133 28) 
(191 134 27) 
(191 135 26) 
(191 138 15) 
(191 140 39) 
(191 141 40) 
(191 142 11) 
(191 143 37) 
(191 144 49) 
(191 145 24) 
(191 146 37) 
(191 147 20) 
(191 150 23) 
(191 151 29) 
(191 152 47) 
(191 153 44) 
(191 154 4) 
(191 156 43) 
(191 157 34) 
(191 158 3) 
(191 160 15) 
(191 161 1) 
(191 164 2) 
(191 166 8) 
(191 167 16) 
(191 169 19) 
(191 170 32) 
(191 172 39) 
(191 173 20) 
(191 174 17) 
(191 175 46) 
(191 176 28) 
(191 177 14) 
(191 178 2) 
(191 179 44) 
(191 181 11) 
(191 182 12) 
(191 183 32) 
(191 184 2) 
(191 185 26) 
(191 186 15) 
(191 187 36) 
(191 188 27) 
(191 189 35) 
(191 192 6) 
(191 194 9) 
(191 195 30) 
(191 196 2) 
(191 197 5) 
(191 198 19) 
(191 199 1) 
(192 1 42) 
(192 2 25) 
(192 3 1) 
(192 4 33) 
(192 5 13) 
(192 7 20) 
(192 8 36) 
(192 10 8) 
(192 11 47) 
(192 12 20) 
(192 13 39) 
(192 14 48) 
(192 15 35) 
(192 16 28) 
(192 17 32) 
(192 19 3) 
(192 20 47) 
(192 22 31) 
(192 24 44) 
(192 26 33) 
(192 27 37) 
(192 28 10) 
(192 29 22) 
(192 30 21) 
(192 31 36) 
(192 32 4) 
(192 33 15) 
(192 34 21) 
(192 35 16) 
(192 37 50) 
(192 39 11) 
(192 41 7) 
(192 42 25) 
(192 43 20) 
(192 44 32) 
(192 45 50) 
(192 46 14) 
(192 47 44) 
(192 49 34) 
(192 51 38) 
(192 52 2) 
(192 53 3) 
(192 55 34) 
(192 58 27) 
(192 59 44) 
(192 62 30) 
(192 63 4) 
(192 64 50) 
(192 65 47) 
(192 66 9) 
(192 68 22) 
(192 70 13) 
(192 71 4) 
(192 74 45) 
(192 75 38) 
(192 76 9) 
(192 77 29) 
(192 79 15) 
(192 82 49) 
(192 83 31) 
(192 85 28) 
(192 86 18) 
(192 87 22) 
(192 88 17) 
(192 89 5) 
(192 90 26) 
(192 91 28) 
(192 92 34) 
(192 93 25) 
(192 97 20) 
(192 98 26) 
(192 99 7) 
(192 101 32) 
(192 102 40) 
(192 103 49) 
(192 104 40) 
(192 105 26) 
(192 106 18) 
(192 107 48) 
(192 109 17) 
(192 110 12) 
(192 111 32) 
(192 114 50) 
(192 115 21) 
(192 116 7) 
(192 117 24) 
(192 118 9) 
(192 120 26) 
(192 121 19) 
(192 122 38) 
(192 123 5) 
(192 124 17) 
(192 127 12) 
(192 128 16) 
(192 130 5) 
(192 131 27) 
(192 133 27) 
(192 134 21) 
(192 135 5) 
(192 136 9) 
(192 137 38) 
(192 138 16) 
(192 139 7) 
(192 140 24) 
(192 141 43) 
(192 142 13) 
(192 145 3) 
(192 146 17) 
(192 148 1) 
(192 149 5) 
(192 150 22) 
(192 151 21) 
(192 153 50) 
(192 154 25) 
(192 155 10) 
(192 157 21) 
(192 158 45) 
(192 159 44) 
(192 160 40) 
(192 164 45) 
(192 165 41) 
(192 166 14) 
(192 167 47) 
(192 170 18) 
(192 171 3) 
(192 174 37) 
(192 175 34) 
(192 176 23) 
(192 177 35) 
(192 178 40) 
(192 180 5) 
(192 181 30) 
(192 182 9) 
(192 184 12) 
(192 185 11) 
(192 186 49) 
(192 188 12) 
(192 189 46) 
(192 190 34) 
(192 193 4) 
(192 194 38) 
(192 195 5) 
(192 196 4) 
(192 197 32) 
(192 198 21) 
(192 199 30) 
(193 0 5) 
(193 2 40) 
(193 3 22) 
(193 5 24) 
(193 6 8) 
(193 7 20) 
(193 9 20) 
(193 10 6) 
(193 11 41) 
(193 12 17) 
(193 13 45) 
(193 15 9) 
(193 16 21) 
(193 19 39) 
(193 20 23) 
(193 21 44) 
(193 22 31) 
(193 25 14) 
(193 26 6) 
(193 27 8) 
(193 28 17) 
(193 30 23) 
(193 31 43) 
(193 32 47) 
(193 33 42) 
(193 34 1) 
(193 35 33) 
(193 36 17) 
(193 37 49) 
(193 38 2) 
(193 40 9) 
(193 41 29) 
(193 42 31) 
(193 43 5) 
(193 44 17) 
(193 46 48) 
(193 47 42) 
(193 49 12) 
(193 52 23) 
(193 53 42) 
(193 54 1) 
(193 55 45) 
(193 56 2) 
(193 57 39) 
(193 58 46) 
(193 59 30) 
(193 61 46) 
(193 63 24) 
(193 64 24) 
(193 65 19) 
(193 66 6) 
(193 67 43) 
(193 69 32) 
(193 71 14) 
(193 72 3) 
(193 74 21) 
(193 75 43) 
(193 76 4) 
(193 78 22) 
(193 79 20) 
(193 80 26) 
(193 82 1) 
(193 84 13) 
(193 86 40) 
(193 87 14) 
(193 89 49) 
(193 90 43) 
(193 91 7) 
(193 92 26) 
(193 95 20) 
(193 96 40) 
(193 100 21) 
(193 101 47) 
(193 103 30) 
(193 105 10) 
(193 107 17) 
(193 108 27) 
(193 109 3) 
(193 111 35) 
(193 113 11) 
(193 114 20) 
(193 116 41) 
(193 117 21) 
(193 118 15) 
(193 119 43) 
(193 120 33) 
(193 121 45) 
(193 122 50) 
(193 124 15) 
(193 125 43) 
(193 126 10) 
(193 128 16) 
(193 129 41) 
(193 131 8) 
(193 132 35) 
(193 133 50) 
(193 136 8) 
(193 137 31) 
(193 138 15) 
(193 139 1) 
(193 141 43) 
(193 142 10) 
(193 143 17) 
(193 144 30) 
(193 145 20) 
(193 146 28) 
(193 147 21) 
(193 149 22) 
(193 150 47) 
(193 151 50) 
(193 152 44) 
(193 153 43) 
(193 154 2) 
(193 156 9) 
(193 157 33) 
(193 158 18) 
(193 160 2) 
(193 162 35) 
(193 163 41) 
(193 164 37) 
(193 166 44) 
(193 167 17) 
(193 168 19) 
(193 171 36) 
(193 172 33) 
(193 173 22) 
(193 174 6) 
(193 175 25) 
(193 176 13) 
(193 177 15) 
(193 179 2) 
(193 180 14) 
(193 182 25) 
(193 184 25) 
(193 185 26) 
(193 186 41) 
(193 189 22) 
(193 190 34) 
(193 191 33) 
(193 192 11) 
(193 194 10) 
(193 195 50) 
(193 196 26) 
(193 197 45) 
(193 198 22) 
(193 199 31) 
(194 0 2) 
(194 1 32) 
(194 2 42) 
(194 4 2) 
(194 6 30) 
(194 8 42) 
(194 9 21) 
(194 11 8) 
(194 12 9) 
(194 13 21) 
(194 14 40) 
(194 15 13) 
(194 16 4) 
(194 17 45) 
(194 18 12) 
(194 19 34) 
(194 20 4) 
(194 21 38) 
(194 22 38) 
(194 23 46) 
(194 25 10) 
(194 26 26) 
(194 27 40) 
(194 28 30) 
(194 29 50) 
(194 30 43) 
(194 31 3) 
(194 35 9) 
(194 36 39) 
(194 37 25) 
(194 38 36) 
(194 40 39) 
(194 42 9) 
(194 43 15) 
(194 44 44) 
(194 47 7) 
(194 48 18) 
(194 49 40) 
(194 50 23) 
(194 51 48) 
(194 53 20) 
(194 54 37) 
(194 56 18) 
(194 59 20) 
(194 60 22) 
(194 62 14) 
(194 64 1) 
(194 65 22) 
(194 66 15) 
(194 68 14) 
(194 69 7) 
(194 70 1) 
(194 71 41) 
(194 72 16) 
(194 73 8) 
(194 74 33) 
(194 75 39) 
(194 78 7) 
(194 79 44) 
(194 82 8) 
(194 83 41) 
(194 85 13) 
(194 86 30) 
(194 88 21) 
(194 89 7) 
(194 90 22) 
(194 93 38) 
(194 94 47) 
(194 95 16) 
(194 96 36) 
(194 98 17) 
(194 99 34) 
(194 100 9) 
(194 101 15) 
(194 102 17) 
(194 103 45) 
(194 104 24) 
(194 105 15) 
(194 106 33) 
(194 107 50) 
(194 108 27) 
(194 109 36) 
(194 111 43) 
(194 112 40) 
(194 113 6) 
(194 114 13) 
(194 115 1) 
(194 118 24) 
(194 119 22) 
(194 121 3) 
(194 122 34) 
(194 124 37) 
(194 125 8) 
(194 126 14) 
(194 127 9) 
(194 128 48) 
(194 131 25) 
(194 132 19) 
(194 133 1) 
(194 136 3) 
(194 137 31) 
(194 138 4) 
(194 139 32) 
(194 140 45) 
(194 141 11) 
(194 143 9) 
(194 145 20) 
(194 146 19) 
(194 148 20) 
(194 149 20) 
(194 150 19) 
(194 151 42) 
(194 152 14) 
(194 155 35) 
(194 156 20) 
(194 157 24) 
(194 158 9) 
(194 159 22) 
(194 160 17) 
(194 161 4) 
(194 162 26) 
(194 163 16) 
(194 164 11) 
(194 165 12) 
(194 166 12) 
(194 167 19) 
(194 168 20) 
(194 169 32) 
(194 170 6) 
(194 172 11) 
(194 174 26) 
(194 175 30) 
(194 176 19) 
(194 177 10) 
(194 178 41) 
(194 179 26) 
(194 182 36) 
(194 183 42) 
(194 184 31) 
(194 186 24) 
(194 188 32) 
(194 191 5) 
(194 192 4) 
(194 193 29) 
(194 195 4) 
(194 196 12) 
(194 197 10) 
(194 198 38) 
(194 199 12) 
(195 0 33) 
(195 3 27) 
(195 4 40) 
(195 6 23) 
(195 7 11) 
(195 8 12) 
(195 9 13) 
(195 10 5) 
(195 11 35) 
(195 13 19) 
(195 15 35) 
(195 16 40) 
(195 19 18) 
(195 20 1) 
(195 21 47) 
(195 23 19) 
(195 24 2) 
(195 25 35) 
(195 26 3) 
(195 27 24) 
(195 28 14) 
(195 29 9) 
(195 30 13) 
(195 31 50) 
(195 32 42) 
(195 34 41) 
(195 36 50) 
(195 37 3) 
(195 38 3) 
(195 39 16) 
(195 40 3) 
(195 42 26) 
(195 43 42) 
(195 44 8) 
(195 45 11) 
(195 46 19) 
(195 47 27) 
(195 48 24) 
(195 49 12) 
(195 50 13) 
(195 53 24) 
(195 55 17) 
(195 56 36) 
(195 57 25) 
(195 58 34) 
(195 59 43) 
(195 60 4) 
(195 61 3) 
(195 63 22) 
(195 65 40) 
(195 66 16) 
(195 68 44) 
(195 69 35) 
(195 70 50) 
(195 72 9) 
(195 73 11) 
(195 74 26) 
(195 76 15) 
(195 77 17) 
(195 78 1) 
(195 79 25) 
(195 80 23) 
(195 81 23) 
(195 82 49) 
(195 83 37) 
(195 84 47) 
(195 86 1) 
(195 87 19) 
(195 91 41) 
(195 93 10) 
(195 94 3) 
(195 95 48) 
(195 96 1) 
(195 97 45) 
(195 98 34) 
(195 99 30) 
(195 101 23) 
(195 104 13) 
(195 105 20) 
(195 107 15) 
(195 108 26) 
(195 110 46) 
(195 113 1) 
(195 114 3) 
(195 116 16) 
(195 117 21) 
(195 118 15) 
(195 121 24) 
(195 122 46) 
(195 124 28) 
(195 126 3) 
(195 127 26) 
(195 128 17) 
(195 129 36) 
(195 130 35) 
(195 131 5) 
(195 133 29) 
(195 134 37) 
(195 135 19) 
(195 136 48) 
(195 137 1) 
(195 138 26) 
(195 139 47) 
(195 140 35) 
(195 143 15) 
(195 144 34) 
(195 145 20) 
(195 146 16) 
(195 147 48) 
(195 149 1) 
(195 150 6) 
(195 151 15) 
(195 152 14) 
(195 153 6) 
(195 154 21) 
(195 155 3) 
(195 157 44) 
(195 158 33) 
(195 160 49) 
(195 162 19) 
(195 163 36) 
(195 165 26) 
(195 166 4) 
(195 167 15) 
(195 168 22) 
(195 169 11) 
(195 170 44) 
(195 171 24) 
(195 173 4) 
(195 174 32) 
(195 175 47) 
(195 177 27) 
(195 178 35) 
(195 179 7) 
(195 180 2) 
(195 181 7) 
(195 183 10) 
(195 184 3) 
(195 185 40) 
(195 188 17) 
(195 189 8) 
(195 190 2) 
(195 191 15) 
(195 193 13) 
(195 194 2) 
(195 196 32) 
(195 197 42) 
(195 198 39) 
(196 0 46) 
(196 1 10) 
(196 2 46) 
(196 3 30) 
(196 4 6) 
(196 5 45) 
(196 6 17) 
(196 7 18) 
(196 9 50) 
(196 11 39) 
(196 12 30) 
(196 13 16) 
(196 14 22) 
(196 16 6) 
(196 17 8) 
(196 18 27) 
(196 20 37) 
(196 22 31) 
(196 24 9) 
(196 25 40) 
(196 26 27) 
(196 27 12) 
(196 29 42) 
(196 30 48) 
(196 32 32) 
(196 33 27) 
(196 34 13) 
(196 35 12) 
(196 36 34) 
(196 37 32) 
(196 38 44) 
(196 39 19) 
(196 40 23) 
(196 41 18) 
(196 42 31) 
(196 44 15) 
(196 45 23) 
(196 46 7) 
(196 48 33) 
(196 49 3) 
(196 50 19) 
(196 52 31) 
(196 53 45) 
(196 54 5) 
(196 56 47) 
(196 57 23) 
(196 58 32) 
(196 59 3) 
(196 63 41) 
(196 65 21) 
(196 66 49) 
(196 67 40) 
(196 68 46) 
(196 71 20) 
(196 72 30) 
(196 73 2) 
(196 76 46) 
(196 77 37) 
(196 79 11) 
(196 81 22) 
(196 85 42) 
(196 87 16) 
(196 88 48) 
(196 89 29) 
(196 90 3) 
(196 92 28) 
(196 93 36) 
(196 94 12) 
(196 95 46) 
(196 98 41) 
(196 99 21) 
(196 101 17) 
(196 102 19) 
(196 103 31) 
(196 104 22) 
(196 105 3) 
(196 106 12) 
(196 108 10) 
(196 109 43) 
(196 110 31) 
(196 114 46) 
(196 115 19) 
(196 116 26) 
(196 117 16) 
(196 119 29) 
(196 120 31) 
(196 121 21) 
(196 123 2) 
(196 124 5) 
(196 125 8) 
(196 126 35) 
(196 127 39) 
(196 128 11) 
(196 130 18) 
(196 131 32) 
(196 132 27) 
(196 133 50) 
(196 135 32) 
(196 136 43) 
(196 137 18) 
(196 139 35) 
(196 140 30) 
(196 141 32) 
(196 142 35) 
(196 143 28) 
(196 146 11) 
(196 147 46) 
(196 148 19) 
(196 149 24) 
(196 152 36) 
(196 153 28) 
(196 154 39) 
(196 155 24) 
(196 157 12) 
(196 158 46) 
(196 159 34) 
(196 160 15) 
(196 161 39) 
(196 162 18) 
(196 164 8) 
(196 165 33) 
(196 166 45) 
(196 167 3) 
(196 169 11) 
(196 171 9) 
(196 172 1) 
(196 173 48) 
(196 174 30) 
(196 178 36) 
(196 179 39) 
(196 180 37) 
(196 182 22) 
(196 185 37) 
(196 187 31) 
(196 188 40) 
(196 190 38) 
(196 192 21) 
(196 193 36) 
(196 194 50) 
(196 198 41) 
(196 199 30) 
(197 0 5) 
(197 1 12) 
(197 2 31) 
(197 3 23) 
(197 5 13) 
(197 6 44) 
(197 9 4) 
(197 10 24) 
(197 12 14) 
(197 13 42) 
(197 14 5) 
(197 15 26) 
(197 16 40) 
(197 17 17) 
(197 18 29) 
(197 19 37) 
(197 20 2) 
(197 22 29) 
(197 23 42) 
(197 24 1) 
(197 25 4) 
(197 27 32) 
(197 28 16) 
(197 29 50) 
(197 30 1) 
(197 31 39) 
(197 37 18) 
(197 39 11) 
(197 40 10) 
(197 41 16) 
(197 42 42) 
(197 43 5) 
(197 45 29) 
(197 46 45) 
(197 47 6) 
(197 49 40) 
(197 50 19) 
(197 51 44) 
(197 52 1) 
(197 53 29) 
(197 55 46) 
(197 56 6) 
(197 57 31) 
(197 60 17) 
(197 61 8) 
(197 62 29) 
(197 63 3) 
(197 65 5) 
(197 66 50) 
(197 67 5) 
(197 69 10) 
(197 70 26) 
(197 71 17) 
(197 72 32) 
(197 73 12) 
(197 74 36) 
(197 75 48) 
(197 76 1) 
(197 77 15) 
(197 78 4) 
(197 79 12) 
(197 80 1) 
(197 81 10) 
(197 82 3) 
(197 83 48) 
(197 85 32) 
(197 86 39) 
(197 87 4) 
(197 88 49) 
(197 89 24) 
(197 90 40) 
(197 91 25) 
(197 92 39) 
(197 93 1) 
(197 94 27) 
(197 95 15) 
(197 96 43) 
(197 99 18) 
(197 103 41) 
(197 104 26) 
(197 105 33) 
(197 106 30) 
(197 107 25) 
(197 108 41) 
(197 109 34) 
(197 110 41) 
(197 111 50) 
(197 113 31) 
(197 115 44) 
(197 116 13) 
(197 117 31) 
(197 118 21) 
(197 120 46) 
(197 123 12) 
(197 124 40) 
(197 125 47) 
(197 127 40) 
(197 128 12) 
(197 129 31) 
(197 130 38) 
(197 131 44) 
(197 132 19) 
(197 133 24) 
(197 134 45) 
(197 136 17) 
(197 139 48) 
(197 140 12) 
(197 141 16) 
(197 142 24) 
(197 144 40) 
(197 146 37) 
(197 147 13) 
(197 148 33) 
(197 151 1) 
(197 152 22) 
(197 154 18) 
(197 156 24) 
(197 157 13) 
(197 158 44) 
(197 159 45) 
(197 160 28) 
(197 161 18) 
(197 162 50) 
(197 164 7) 
(197 165 36) 
(197 166 44) 
(197 167 10) 
(197 168 17) 
(197 171 18) 
(197 174 40) 
(197 175 44) 
(197 176 15) 
(197 177 45) 
(197 178 20) 
(197 179 17) 
(197 181 50) 
(197 182 28) 
(197 183 20) 
(197 184 32) 
(197 185 28) 
(197 187 34) 
(197 189 14) 
(197 191 6) 
(197 192 20) 
(197 193 29) 
(197 195 23) 
(197 199 8) 
(198 1 15) 
(198 2 40) 
(198 3 15) 
(198 4 49) 
(198 6 49) 
(198 7 13) 
(198 8 9) 
(198 9 18) 
(198 10 48) 
(198 11 16) 
(198 12 16) 
(198 14 25) 
(198 15 23) 
(198 17 7) 
(198 19 47) 
(198 20 41) 
(198 22 25) 
(198 23 14) 
(198 25 6) 
(198 26 15) 
(198 27 47) 
(198 28 50) 
(198 29 50) 
(198 30 33) 
(198 31 35) 
(198 32 7) 
(198 33 37) 
(198 34 9) 
(198 35 48) 
(198 36 12) 
(198 37 24) 
(198 38 30) 
(198 39 42) 
(198 40 31) 
(198 41 30) 
(198 42 32) 
(198 45 1) 
(198 46 17) 
(198 48 2) 
(198 51 4) 
(198 52 10) 
(198 53 25) 
(198 54 16) 
(198 56 6) 
(198 57 42) 
(198 58 45) 
(198 60 49) 
(198 61 45) 
(198 62 48) 
(198 63 22) 
(198 64 1) 
(198 66 46) 
(198 68 13) 
(198 70 46) 
(198 71 43) 
(198 72 31) 
(198 74 48) 
(198 75 35) 
(198 76 5) 
(198 77 2) 
(198 78 47) 
(198 79 10) 
(198 80 4) 
(198 81 10) 
(198 82 2) 
(198 83 4) 
(198 84 27) 
(198 85 33) 
(198 87 6) 
(198 90 6) 
(198 91 10) 
(198 92 13) 
(198 93 46) 
(198 94 25) 
(198 95 21) 
(198 96 26) 
(198 98 16) 
(198 99 26) 
(198 100 24) 
(198 101 36) 
(198 102 30) 
(198 103 41) 
(198 104 39) 
(198 105 23) 
(198 106 43) 
(198 107 10) 
(198 111 41) 
(198 112 19) 
(198 113 18) 
(198 114 15) 
(198 115 9) 
(198 117 3) 
(198 118 50) 
(198 119 42) 
(198 120 6) 
(198 122 5) 
(198 123 1) 
(198 124 47) 
(198 126 10) 
(198 127 29) 
(198 128 30) 
(198 129 26) 
(198 130 35) 
(198 131 9) 
(198 132 20) 
(198 133 44) 
(198 135 13) 
(198 136 17) 
(198 137 16) 
(198 141 14) 
(198 143 5) 
(198 144 3) 
(198 146 36) 
(198 147 22) 
(198 148 14) 
(198 151 20) 
(198 152 8) 
(198 153 7) 
(198 154 45) 
(198 155 40) 
(198 156 6) 
(198 157 44) 
(198 159 30) 
(198 160 17) 
(198 161 25) 
(198 162 35) 
(198 163 5) 
(198 164 45) 
(198 165 23) 
(198 166 35) 
(198 167 47) 
(198 168 18) 
(198 172 5) 
(198 175 1) 
(198 176 23) 
(198 177 30) 
(198 178 42) 
(198 180 41) 
(198 181 19) 
(198 182 46) 
(198 183 31) 
(198 184 34) 
(198 185 33) 
(198 187 34) 
(198 188 15) 
(198 191 21) 
(198 192 48) 
(198 193 24) 
(198 194 8) 
(198 196 31) 
(198 197 16) 
(198 199 46) 
(199 0 14) 
(199 1 13) 
(199 2 48) 
(199 4 20) 
(199 5 47) 
(199 6 3) 
(199 7 19) 
(199 10 48) 
(199 11 13) 
(199 12 22) 
(199 13 49) 
(199 14 3) 
(199 17 36) 
(199 18 3) 
(199 19 49) 
(199 20 16) 
(199 21 18) 
(199 23 37) 
(199 24 42) 
(199 26 26) 
(199 27 36) 
(199 28 11) 
(199 29 34) 
(199 30 44) 
(199 31 48) 
(199 32 4) 
(199 33 44) 
(199 34 26) 
(199 35 13) 
(199 36 20) 
(199 41 46) 
(199 42 41) 
(199 43 39) 
(199 44 35) 
(199 45 17) 
(199 47 30) 
(199 48 38) 
(199 49 12) 
(199 50 41) 
(199 52 18) 
(199 54 4) 
(199 55 41) 
(199 56 2) 
(199 57 38) 
(199 60 5) 
(199 62 11) 
(199 63 30) 
(199 64 2) 
(199 67 50) 
(199 68 18) 
(199 69 36) 
(199 70 28) 
(199 71 20) 
(199 72 18) 
(199 73 27) 
(199 74 43) 
(199 75 36) 
(199 76 5) 
(199 77 48) 
(199 78 30) 
(199 80 14) 
(199 81 20) 
(199 83 16) 
(199 84 12) 
(199 85 41) 
(199 86 17) 
(199 89 23) 
(199 90 21) 
(199 91 45) 
(199 92 37) 
(199 93 47) 
(199 94 5) 
(199 95 13) 
(199 96 34) 
(199 97 8) 
(199 100 35) 
(199 101 48) 
(199 102 20) 
(199 103 14) 
(199 107 22) 
(199 108 14) 
(199 109 7) 
(199 110 26) 
(199 114 16) 
(199 115 16) 
(199 116 14) 
(199 119 18) 
(199 120 24) 
(199 122 3) 
(199 123 38) 
(199 124 7) 
(199 125 17) 
(199 126 30) 
(199 127 24) 
(199 128 12) 
(199 132 21) 
(199 133 2) 
(199 134 37) 
(199 135 33) 
(199 136 21) 
(199 137 27) 
(199 138 46) 
(199 139 15) 
(199 141 23) 
(199 142 25) 
(199 143 4) 
(199 144 43) 
(199 146 4) 
(199 148 14) 
(199 149 20) 
(199 150 40) 
(199 152 18) 
(199 154 32) 
(199 155 43) 
(199 156 39) 
(199 157 10) 
(199 158 14) 
(199 160 25) 
(199 162 49) 
(199 165 39) 
(199 166 13) 
(199 168 8) 
(199 169 30) 
(199 170 29) 
(199 172 21) 
(199 173 17) 
(199 175 7) 
(199 176 35) 
(199 177 19) 
(199 179 36) 
(199 180 41) 
(199 181 12) 
(199 182 40) 
(199 184 27) 
(199 186 32) 
(199 189 41) 
(199 190 14) 
(199 192 36) 
(199 193 13) 
(199 194 49) 
(199 195 29) 
(199 196 48) 
(199 198 19)